,Player,Team,No.,PlaySet,AA,AP,AE,ASucc%,AP/S,BAA,BAP,BAE,BASucc%,BP,BP/S,SVA,SVP,SVE,SVx,SVEff%,RA,Rx,Rg,RSucc%,GameId,Spectators,WinPoint,OpWinPoint,1setPoint,Op1setPoint,2setPoint,Op2setPoint,3setPoint,Op3setPoint,4setPoint,Op4setPoint,5setPoint,Op5setPoint,TotalPoint,OpTotalPoint,1setTime,2setTime,3setTime,4setTime,5setTime,GetSet,LostSet,TotalSet,Set,Point,AEff%,BAEff%
0,アンドラデレイレライニ,ブレス浜松,80.0,70,755.0,268.0,44.0,35.5,3.83,142.0,43.0,13.0,30.3,16.0,0.23,238.0,21.0,67.0,62.0,8.3,247.0,141.0,48.0,66.8,13892,11246.0,39.0,21.0,446.0,432.0,450.0,422.0,483.0,414.0,343.0,321.0,74.0,75.0,1796.0,1664.0,457.0,453.0,485.0,361.0,82.0,49,32,41.0,40.0,305.0,29.7,21.1
1,オケケアルメソマチ,プレステージ・インターナショナルアランマーレ,20.0,65,595.0,232.0,51.0,39.0,3.57,95.0,20.0,18.0,21.1,48.0,0.74,189.0,8.0,29.0,38.0,5.4,2.0,0.0,0.0,0.0,13874,13811.0,51.0,9.0,492.0,453.0,473.0,414.0,488.0,409.0,243.0,219.0,48.0,33.0,1744.0,1528.0,476.0,471.0,481.0,251.0,50.0,55,18,53.0,20.0,288.0,30.4,2.1
2,ハンタヴァエヴァンゲリア,群馬銀行グリーンウイングス,160.0,57,506.0,182.0,40.0,36.0,3.19,96.0,31.0,8.0,32.3,17.0,0.3,131.0,5.0,22.0,31.0,5.5,86.0,26.0,25.0,44.8,13789,11347.0,45.0,15.0,465.0,433.0,460.0,442.0,471.0,418.0,312.0,268.0,29.0,29.0,1737.0,1590.0,459.0,484.0,489.0,332.0,35.0,49,26,53.0,22.0,204.0,28.1,24.0
3,七條彩乃,フォレストリーヴズ熊本,247.0,3,0.0,0.0,0.0,,0.0,0.0,0.0,0.0,,0.0,0.0,4.0,1.0,0.0,1.0,31.2,0.0,0.0,0.0,,13239,5440.0,20.0,37.0,424.0,426.0,412.0,441.0,431.0,435.0,255.0,283.0,66.0,70.0,1588.0,1655.0,453.0,477.0,494.0,296.0,86.0,30,44,23.0,51.0,1.0,,
4,三宅楓,JAぎふリオレーナ,198.0,55,19.0,9.0,0.0,47.4,0.16,1.0,1.0,0.0,100.0,6.0,0.11,154.0,5.0,29.0,33.0,3.9,1.0,0.0,0.0,0.0,12448,11184.0,25.0,29.0,392.0,422.0,383.0,392.0,377.0,411.0,202.0,206.0,30.0,20.0,1384.0,1451.0,426.0,423.0,432.0,227.0,27.0,31,34,27.0,38.0,20.0,47.4,100.0
5,中尾千尋,JAぎふリオレーナ,88.0,20,0.0,0.0,0.0,,0.0,0.0,0.0,0.0,,0.0,0.0,28.0,1.0,3.0,6.0,6.2,0.0,0.0,0.0,,7857,7939.0,24.0,9.0,270.0,254.0,271.0,226.0,245.0,240.0,187.0,172.0,23.0,22.0,996.0,914.0,275.0,273.0,273.0,208.0,28.0,28,15,25.0,18.0,1.0,,
6,中島優花,千葉エンゼルクロス,300.0,66,624.0,200.0,62.0,32.1,3.03,0.0,0.0,0.0,,16.0,0.24,107.0,3.0,6.0,25.0,7.2,469.0,206.0,106.0,55.2,13870,5807.0,13.0,47.0,426.0,480.0,389.0,493.0,436.0,469.0,197.0,206.0,47.0,46.0,1495.0,1694.0,431.0,446.0,453.0,223.0,52.0,20,52,40.0,32.0,219.0,22.1,
7,中條菜津紀,フォレストリーヴズ熊本,220.0,51,0.0,0.0,0.0,,0.0,0.0,0.0,0.0,,0.0,0.0,71.0,2.0,3.0,24.0,10.2,57.0,26.0,14.0,57.9,13921,5620.0,23.0,37.0,447.0,451.0,437.0,460.0,456.0,457.0,280.0,303.0,66.0,70.0,1686.0,1741.0,478.0,504.0,523.0,322.0,86.0,33,45,23.0,55.0,2.0,,
8,中澤恵,GSS東京サンビームズ,120.0,41,463.0,141.0,26.0,30.5,3.44,56.0,19.0,3.0,33.9,13.0,0.32,161.0,7.0,16.0,40.0,8.1,276.0,109.0,75.0,53.1,7181,6862.0,12.0,18.0,233.0,218.0,219.0,213.0,219.0,235.0,190.0,212.0,25.0,26.0,886.0,904.0,252.0,239.0,271.0,231.0,30.0,18,23,24.0,17.0,161.0,24.8,28.6
9,中田唯香,ルートインホテルズブリリアントアリーズ,280.0,67,347.0,121.0,14.0,34.9,1.81,7.0,1.0,1.0,14.3,14.0,0.21,235.0,9.0,8.0,59.0,9.3,464.0,212.0,111.0,57.7,13976,8770.0,46.0,14.0,493.0,397.0,457.0,418.0,495.0,434.0,281.0,266.0,42.0,40.0,1768.0,1555.0,468.0,472.0,525.0,317.0,51.0,52,23,48.0,27.0,144.0,30.8,0.0
10,中西杏実,大野石油広島オイラーズ,100.0,71,372.0,136.0,14.0,36.6,1.92,0.0,0.0,0.0,,15.0,0.21,187.0,4.0,2.0,33.0,6.3,22.0,13.0,5.0,70.5,13997,7588.0,16.0,44.0,431.0,465.0,444.0,465.0,380.0,474.0,275.0,298.0,107.0,134.0,1637.0,1836.0,452.0,478.0,458.0,294.0,131.0,28,54,45.0,37.0,155.0,32.8,
11,中野樹里,ブレス浜松,84.0,39,276.0,81.0,20.0,29.3,2.08,20.0,2.0,2.0,10.0,14.0,0.36,114.0,8.0,19.0,31.0,9.6,284.0,161.0,51.0,65.7,9521,7293.0,30.0,12.0,311.0,310.0,319.0,294.0,338.0,296.0,257.0,229.0,74.0,75.0,1299.0,1204.0,327.0,318.0,339.0,261.0,82.0,37,22,34.0,25.0,103.0,22.1,0.0
12,中野祐希,ブレス浜松,40.0,76,213.0,97.0,9.0,45.5,1.28,0.0,0.0,0.0,,42.0,0.55,273.0,11.0,41.0,77.0,7.3,20.0,10.0,7.0,67.5,13892,11246.0,39.0,21.0,446.0,432.0,450.0,422.0,483.0,414.0,343.0,321.0,74.0,75.0,1796.0,1664.0,457.0,453.0,485.0,361.0,82.0,49,32,41.0,40.0,150.0,41.3,
13,丸山莉佳,ブレス浜松,100.0,7,17.0,8.0,0.0,47.1,1.14,0.0,0.0,0.0,,1.0,0.14,18.0,0.0,6.0,2.0,-5.6,1.0,0.0,1.0,50.0,13892,11246.0,39.0,21.0,446.0,432.0,450.0,422.0,483.0,414.0,343.0,321.0,74.0,75.0,1796.0,1664.0,457.0,453.0,485.0,361.0,82.0,49,32,41.0,40.0,9.0,47.1,
14,乾未和,ブレス浜松,304.0,42,4.0,1.0,0.0,25.0,0.02,0.0,0.0,0.0,,0.0,0.0,76.0,1.0,4.0,28.0,9.2,0.0,0.0,0.0,,11279,9906.0,28.0,20.0,355.0,343.0,354.0,328.0,384.0,324.0,243.0,249.0,59.0,64.0,1395.0,1308.0,359.0,352.0,382.0,267.0,67.0,37,27,37.0,27.0,2.0,25.0,
15,伊藤きわ美,GSS東京サンビームズ,300.0,47,112.0,25.0,6.0,22.3,0.53,19.0,5.0,2.0,26.3,3.0,0.06,81.0,2.0,9.0,16.0,4.6,114.0,45.0,30.0,52.6,13833,10749.0,23.0,37.0,451.0,462.0,438.0,446.0,426.0,470.0,313.0,353.0,43.0,42.0,1671.0,1773.0,506.0,490.0,527.0,386.0,50.0,34,44,43.0,35.0,30.0,17.0,15.8
16,伊藤寿奈,群馬銀行グリーンウイングス,272.0,41,200.0,80.0,5.0,40.0,1.95,0.0,0.0,0.0,,24.0,0.59,142.0,5.0,5.0,19.0,6.0,11.0,6.0,5.0,77.3,10984,8995.0,36.0,12.0,372.0,344.0,370.0,350.0,369.0,330.0,240.0,202.0,29.0,29.0,1380.0,1255.0,362.0,383.0,382.0,257.0,35.0,39,21,41.0,19.0,109.0,37.5,
17,伊藤摩耶,プレステージ・インターナショナルアランマーレ,140.0,71,433.0,159.0,26.0,36.7,2.24,4.0,1.0,0.0,25.0,22.0,0.31,236.0,12.0,23.0,86.0,11.8,11.0,8.0,2.0,81.8,13874,13811.0,51.0,9.0,492.0,453.0,473.0,414.0,488.0,409.0,243.0,219.0,48.0,33.0,1744.0,1528.0,476.0,471.0,481.0,251.0,50.0,55,18,53.0,20.0,193.0,30.7,25.0
18,伴千尋,大野石油広島オイラーズ,300.0,70,0.0,0.0,0.0,,0.0,0.0,0.0,0.0,,0.0,0.0,50.0,1.0,5.0,6.0,2.5,149.0,78.0,29.0,62.1,13997,7588.0,16.0,44.0,431.0,465.0,444.0,465.0,380.0,474.0,275.0,298.0,107.0,134.0,1637.0,1836.0,452.0,478.0,458.0,294.0,131.0,28,54,45.0,37.0,1.0,,
19,佐藤あり紗,リガーレ仙台,95.0,71,0.0,0.0,0.0,,0.0,0.0,0.0,0.0,,0.0,0.0,0.0,0.0,0.0,0.0,,141.0,88.0,25.0,71.3,13272,10307.0,36.0,21.0,452.0,400.0,448.0,391.0,445.0,418.0,277.0,256.0,45.0,39.0,1667.0,1504.0,414.0,450.0,457.0,275.0,45.0,43,29,34.0,38.0,0.0,,
20,佐藤未羽,ルートインホテルズブリリアントアリーズ,120.0,52,95.0,25.0,5.0,26.3,0.48,1.0,0.0,0.0,0.0,3.0,0.06,107.0,4.0,4.0,23.0,8.2,157.0,89.0,28.0,65.6,13976,8770.0,46.0,14.0,493.0,397.0,457.0,418.0,495.0,434.0,281.0,266.0,42.0,40.0,1768.0,1555.0,468.0,472.0,525.0,317.0,51.0,52,23,48.0,27.0,32.0,21.1,0.0
21,佐藤菜々美,プレステージ・インターナショナルアランマーレ,360.0,13,42.0,10.0,2.0,23.8,0.77,0.0,0.0,0.0,,4.0,0.31,28.0,2.0,1.0,5.0,10.7,0.0,0.0,0.0,,13874,13811.0,51.0,9.0,492.0,453.0,473.0,414.0,488.0,409.0,243.0,219.0,48.0,33.0,1744.0,1528.0,476.0,471.0,481.0,251.0,50.0,55,18,53.0,20.0,16.0,19.0,
22,佐藤萌々華,大野石油広島オイラーズ,180.0,79,797.0,263.0,56.0,33.0,3.33,23.0,2.0,5.0,8.7,13.0,0.16,240.0,23.0,45.0,62.0,11.4,504.0,252.0,110.0,60.9,13997,7588.0,16.0,44.0,431.0,465.0,444.0,465.0,380.0,474.0,275.0,298.0,107.0,134.0,1637.0,1836.0,452.0,478.0,458.0,294.0,131.0,28,54,45.0,37.0,299.0,26.0,-13.0
23,倉田はるか,ヴィアティン三重,140.0,76,0.0,0.0,0.0,,0.0,0.0,0.0,0.0,,0.0,0.0,0.0,0.0,0.0,0.0,,325.0,182.0,58.0,64.9,14083,12095.0,9.0,51.0,404.0,495.0,455.0,483.0,397.0,486.0,260.0,293.0,51.0,47.0,1567.0,1804.0,483.0,522.0,496.0,319.0,49.0,20,56,8.0,68.0,0.0,,
24,光野星良,ヴィアティン三重,100.0,76,633.0,215.0,17.0,34.0,2.83,1.0,0.0,0.0,0.0,46.0,0.61,242.0,5.0,17.0,50.0,5.5,40.0,22.0,6.0,62.5,14083,12095.0,9.0,51.0,404.0,495.0,455.0,483.0,397.0,486.0,260.0,293.0,51.0,47.0,1567.0,1804.0,483.0,522.0,496.0,319.0,49.0,20,56,8.0,68.0,266.0,31.3,0.0
25,入江彩水,フォレストリーヴズ熊本,240.0,78,1134.0,386.0,50.0,34.0,4.95,29.0,6.0,3.0,20.7,27.0,0.35,239.0,5.0,22.0,61.0,6.2,603.0,285.0,130.0,58.0,13921,5620.0,23.0,37.0,447.0,451.0,437.0,460.0,456.0,457.0,280.0,303.0,66.0,70.0,1686.0,1741.0,478.0,504.0,523.0,322.0,86.0,33,45,23.0,55.0,418.0,29.6,10.3
26,前田美紅,プレステージ・インターナショナルアランマーレ,40.0,64,566.0,206.0,50.0,36.4,3.22,70.0,12.0,6.0,17.1,17.0,0.27,253.0,14.0,32.0,71.0,9.4,455.0,243.0,107.0,65.2,13874,13811.0,51.0,9.0,492.0,453.0,473.0,414.0,488.0,409.0,243.0,219.0,48.0,33.0,1744.0,1528.0,476.0,471.0,481.0,251.0,50.0,55,18,53.0,20.0,237.0,27.6,8.6
27,加藤優奈,リガーレ仙台,180.0,75,105.0,46.0,4.0,43.8,0.61,0.0,0.0,0.0,,6.0,0.08,307.0,7.0,12.0,75.0,7.4,3.0,0.0,0.0,0.0,13942,10767.0,36.0,24.0,468.0,425.0,463.0,416.0,470.0,441.0,298.0,281.0,45.0,39.0,1744.0,1602.0,436.0,470.0,486.0,299.0,45.0,44,32,34.0,42.0,59.0,40.0,
28,加藤彩夏,リガーレ仙台,260.0,69,507.0,179.0,24.0,35.3,2.59,3.0,0.0,0.0,0.0,11.0,0.16,195.0,6.0,4.0,40.0,7.7,372.0,184.0,92.0,61.8,13942,10767.0,36.0,24.0,468.0,425.0,463.0,416.0,470.0,441.0,298.0,281.0,45.0,39.0,1744.0,1602.0,436.0,470.0,486.0,299.0,45.0,44,32,34.0,42.0,196.0,30.6,0.0
29,加藤萌,JAぎふリオレーナ,140.0,73,0.0,0.0,0.0,,0.0,0.0,0.0,0.0,,0.0,0.0,0.0,0.0,0.0,0.0,,312.0,146.0,85.0,60.4,13833,11758.0,29.0,31.0,443.0,473.0,431.0,438.0,426.0,456.0,252.0,246.0,38.0,35.0,1590.0,1648.0,482.0,476.0,489.0,284.0,41.0,36,38,32.0,42.0,0.0,,
30,勝見咲子,GSS東京サンビームズ,120.0,46,438.0,125.0,38.0,28.5,2.72,33.0,6.0,4.0,18.2,4.0,0.09,151.0,11.0,12.0,41.0,12.1,140.0,59.0,30.0,52.9,13833,10749.0,23.0,37.0,451.0,462.0,438.0,446.0,426.0,470.0,313.0,353.0,43.0,42.0,1671.0,1773.0,506.0,490.0,527.0,386.0,50.0,34,44,43.0,35.0,140.0,19.9,6.1
31,北島楓,ヴィアティン三重,280.0,19,0.0,0.0,0.0,,0.0,0.0,0.0,0.0,,0.0,0.0,0.0,0.0,0.0,0.0,,0.0,0.0,0.0,,9645,7854.0,8.0,34.0,285.0,353.0,324.0,342.0,286.0,340.0,175.0,192.0,41.0,32.0,1111.0,1259.0,341.0,371.0,355.0,213.0,38.0,15,38,0.0,53.0,0.0,,
32,及川佑加,GSS東京サンビームズ,360.0,66,294.0,96.0,19.0,32.7,1.45,1.0,1.0,0.0,100.0,22.0,0.33,225.0,5.0,8.0,33.0,5.0,13.0,8.0,3.0,73.1,13833,10749.0,23.0,37.0,451.0,462.0,438.0,446.0,426.0,470.0,313.0,353.0,43.0,42.0,1671.0,1773.0,506.0,490.0,527.0,386.0,50.0,34,44,43.0,35.0,123.0,26.2,100.0
33,古市彩音,群馬銀行グリーンウイングス,84.0,17,21.0,10.0,1.0,47.6,0.59,0.0,0.0,0.0,,0.0,0.0,30.0,0.0,5.0,4.0,-0.8,0.0,0.0,0.0,,9628,7651.0,33.0,9.0,333.0,301.0,329.0,307.0,328.0,282.0,214.0,176.0,0.0,0.0,1204.0,1066.0,315.0,332.0,324.0,222.0,0.0,35,16,33.0,18.0,10.0,42.9,
34,合屋咲希,GSS東京サンビームズ,57.0,38,190.0,56.0,23.0,29.5,1.47,9.0,1.0,2.0,11.1,7.0,0.18,80.0,4.0,14.0,25.0,8.4,209.0,98.0,44.0,57.4,13106,10638.0,23.0,34.0,426.0,448.0,419.0,421.0,411.0,445.0,296.0,328.0,43.0,42.0,1595.0,1684.0,485.0,466.0,504.0,363.0,50.0,33,41,39.0,35.0,67.0,17.4,-11.1
35,吉岡みなみ,群馬銀行グリーンウイングス,36.0,32,0.0,0.0,0.0,,0.0,0.0,0.0,0.0,,0.0,0.0,0.0,0.0,0.0,0.0,,78.0,40.0,21.0,64.7,12422,10597.0,40.0,14.0,427.0,390.0,410.0,409.0,422.0,374.0,287.0,245.0,13.0,15.0,1559.0,1433.0,439.0,461.0,460.0,303.0,18.0,43,24,45.0,22.0,0.0,,
36,吉田奈未,千葉エンゼルクロス,240.0,69,646.0,220.0,41.0,34.1,3.19,1.0,0.0,0.0,0.0,10.0,0.14,256.0,7.0,10.0,50.0,6.6,450.0,197.0,112.0,56.2,13870,5807.0,13.0,47.0,426.0,480.0,389.0,493.0,436.0,469.0,197.0,206.0,47.0,46.0,1495.0,1694.0,431.0,446.0,453.0,223.0,52.0,20,52,40.0,32.0,237.0,27.7,0.0
37,名原寧音,千葉エンゼルクロス,320.0,14,4.0,2.0,2.0,50.0,0.14,0.0,0.0,0.0,,3.0,0.21,20.0,1.0,0.0,2.0,7.5,0.0,0.0,0.0,,13870,5807.0,13.0,47.0,426.0,480.0,389.0,493.0,436.0,469.0,197.0,206.0,47.0,46.0,1495.0,1694.0,431.0,446.0,453.0,223.0,52.0,20,52,40.0,32.0,6.0,0.0,
38,向井沙樹,フォレストリーヴズ熊本,120.0,78,18.0,10.0,0.0,55.6,0.13,1.0,1.0,0.0,100.0,2.0,0.03,214.0,4.0,8.0,56.0,7.5,7.0,0.0,0.0,0.0,13921,5620.0,23.0,37.0,447.0,451.0,437.0,460.0,456.0,457.0,280.0,303.0,66.0,70.0,1686.0,1741.0,478.0,504.0,523.0,322.0,86.0,33,45,23.0,55.0,16.0,55.6,100.0
39,君島彩,千葉エンゼルクロス,120.0,37,174.0,67.0,7.0,38.5,1.81,0.0,0.0,0.0,,17.0,0.46,78.0,4.0,0.0,12.0,9.0,2.0,1.0,1.0,75.0,13870,5807.0,13.0,47.0,426.0,480.0,389.0,493.0,436.0,469.0,197.0,206.0,47.0,46.0,1495.0,1694.0,431.0,446.0,453.0,223.0,52.0,20,52,40.0,32.0,88.0,34.5,
40,和田法子,フォレストリーヴズ熊本,320.0,69,339.0,122.0,9.0,36.0,1.77,0.0,0.0,0.0,,15.0,0.22,225.0,3.0,7.0,43.0,5.3,14.0,7.0,3.0,60.7,13921,5620.0,23.0,37.0,447.0,451.0,437.0,460.0,456.0,457.0,280.0,303.0,66.0,70.0,1686.0,1741.0,478.0,504.0,523.0,322.0,86.0,33,45,23.0,55.0,140.0,33.3,
41,唐川愛璃,JAぎふリオレーナ,255.0,40,6.0,0.0,0.0,0.0,0.0,0.0,0.0,0.0,,4.0,0.1,106.0,2.0,4.0,29.0,7.8,2.0,0.0,0.0,0.0,10173,7826.0,18.0,27.0,321.0,364.0,306.0,339.0,323.0,337.0,162.0,158.0,23.0,28.0,1135.0,1226.0,362.0,354.0,366.0,188.0,27.0,23,31,20.0,34.0,6.0,0.0,
42,土岡真央,大野石油広島オイラーズ,340.0,82,0.0,0.0,0.0,,0.0,0.0,0.0,0.0,,0.0,0.0,0.0,0.0,0.0,0.0,,153.0,73.0,34.0,58.8,13997,7588.0,16.0,44.0,431.0,465.0,444.0,465.0,380.0,474.0,275.0,298.0,107.0,134.0,1637.0,1836.0,452.0,478.0,458.0,294.0,131.0,28,54,45.0,37.0,0.0,,
43,坂口莉乃,大野石油広島オイラーズ,140.0,81,20.0,3.0,0.0,15.0,0.04,0.0,0.0,0.0,,5.0,0.06,292.0,14.0,13.0,108.0,12.9,3.0,0.0,0.0,0.0,13997,7588.0,16.0,44.0,431.0,465.0,444.0,465.0,380.0,474.0,275.0,298.0,107.0,134.0,1637.0,1836.0,452.0,478.0,458.0,294.0,131.0,28,54,45.0,37.0,22.0,15.0,
44,塩崎葵葉,JAぎふリオレーナ,84.0,18,59.0,23.0,4.0,39.0,1.28,0.0,0.0,0.0,,4.0,0.22,62.0,1.0,3.0,16.0,6.9,2.0,0.0,2.0,50.0,4363,3133.0,14.0,4.0,148.0,137.0,150.0,119.0,133.0,128.0,65.0,66.0,15.0,7.0,511.0,457.0,148.0,145.0,144.0,70.0,14.0,16,6,12.0,10.0,28.0,32.2,
45,増田美久,大野石油広島オイラーズ,80.0,69,503.0,158.0,38.0,31.4,2.29,27.0,5.0,4.0,18.5,37.0,0.54,204.0,12.0,8.0,39.0,9.7,28.0,10.0,9.0,51.8,13997,7588.0,16.0,44.0,431.0,465.0,444.0,465.0,380.0,474.0,275.0,298.0,107.0,134.0,1637.0,1836.0,452.0,478.0,458.0,294.0,131.0,28,54,45.0,37.0,207.0,23.9,3.7
46,大崎まりん,GSS東京サンビームズ,20.0,2,2.0,0.0,0.0,0.0,0.0,0.0,0.0,0.0,,0.0,0.0,0.0,0.0,0.0,0.0,,2.0,0.0,0.0,0.0,728,397.0,2.0,1.0,25.0,17.0,19.0,25.0,25.0,21.0,16.0,25.0,15.0,11.0,100.0,99.0,26.0,26.0,25.0,21.0,14.0,3,2,5.0,0.0,0.0,0.0,
47,大谷瑞季,ブレス浜松,160.0,30,98.0,36.0,6.0,36.7,1.2,13.0,2.0,2.0,15.4,2.0,0.07,39.0,0.0,3.0,11.0,5.1,93.0,48.0,17.0,60.8,13892,11246.0,39.0,21.0,446.0,432.0,450.0,422.0,483.0,414.0,343.0,321.0,74.0,75.0,1796.0,1664.0,457.0,453.0,485.0,361.0,82.0,49,32,41.0,40.0,38.0,30.6,0.0
48,大谷芽衣,フォレストリーヴズ熊本,266.0,42,0.0,0.0,0.0,,0.0,0.0,0.0,0.0,,0.0,0.0,50.0,1.0,3.0,5.0,3.0,67.0,27.0,17.0,53.0,13228,5526.0,20.0,37.0,422.0,437.0,412.0,442.0,432.0,431.0,255.0,285.0,66.0,70.0,1587.0,1665.0,460.0,485.0,496.0,297.0,86.0,30,44,23.0,51.0,1.0,,
49,大貫菜生,リガーレ仙台,140.0,51,285.0,101.0,13.0,35.4,1.98,0.0,0.0,0.0,,34.0,0.67,132.0,3.0,6.0,20.0,4.9,13.0,4.0,7.0,57.7,13942,10767.0,36.0,24.0,468.0,425.0,463.0,416.0,470.0,441.0,298.0,281.0,45.0,39.0,1744.0,1602.0,436.0,470.0,486.0,299.0,45.0,44,32,34.0,42.0,138.0,30.9,
50,大高るり,フォレストリーヴズ熊本,88.0,35,237.0,80.0,14.0,33.8,2.29,0.0,0.0,0.0,,15.0,0.43,117.0,5.0,4.0,29.0,9.6,6.0,2.0,3.0,58.3,7450,3389.0,6.0,27.0,247.0,255.0,231.0,257.0,232.0,263.0,168.0,191.0,29.0,29.0,907.0,995.0,274.0,271.0,282.0,196.0,37.0,13,30,17.0,26.0,100.0,27.8,
51,安積あやね,大野石油広島オイラーズ,22.0,34,0.0,0.0,0.0,,0.0,0.0,0.0,0.0,,0.0,0.0,52.0,2.0,5.0,8.0,5.3,0.0,0.0,0.0,,4387,2072.0,3.0,15.0,119.0,135.0,132.0,139.0,103.0,150.0,123.0,134.0,37.0,45.0,514.0,603.0,131.0,148.0,135.0,129.0,47.0,9,18,14.0,13.0,2.0,,
52,宮井遥,JAぎふリオレーナ,72.0,0,0.0,0.0,0.0,,,0.0,0.0,0.0,,0.0,,0.0,0.0,0.0,0.0,,0.0,0.0,0.0,,8074,5632.0,12.0,24.0,249.0,288.0,233.0,276.0,250.0,286.0,140.0,136.0,23.0,28.0,895.0,1014.0,285.0,280.0,299.0,159.0,27.0,16,28,12.0,32.0,0.0,,
53,宮崎愛里,大野石油広島オイラーズ,40.0,23,98.0,34.0,10.0,34.7,1.48,2.0,1.0,1.0,50.0,6.0,0.26,62.0,3.0,7.0,20.0,10.1,5.0,2.0,2.0,60.0,13997,7588.0,16.0,44.0,431.0,465.0,444.0,465.0,380.0,474.0,275.0,298.0,107.0,134.0,1637.0,1836.0,452.0,478.0,458.0,294.0,131.0,28,54,45.0,37.0,43.0,24.5,0.0
54,宮本菜月,プレステージ・インターナショナルアランマーレ,108.0,28,101.0,28.0,5.0,27.7,1.0,13.0,0.0,0.0,0.0,3.0,0.11,37.0,2.0,4.0,11.0,10.1,0.0,0.0,0.0,,12429,12381.0,45.0,9.0,442.0,422.0,427.0,364.0,437.0,373.0,218.0,201.0,48.0,33.0,1572.0,1393.0,438.0,416.0,436.0,231.0,50.0,49,17,46.0,20.0,33.0,22.8,0.0
55,宮田あかり,リガーレ仙台,60.0,57,495.0,177.0,32.0,35.8,3.11,1.0,0.0,0.0,0.0,23.0,0.4,194.0,5.0,10.0,46.0,7.2,9.0,5.0,1.0,61.1,13942,10767.0,36.0,24.0,468.0,425.0,463.0,416.0,470.0,441.0,298.0,281.0,45.0,39.0,1744.0,1602.0,436.0,470.0,486.0,299.0,45.0,44,32,34.0,42.0,205.0,29.3,0.0
56,富澤結花,ルートインホテルズブリリアントアリーズ,13.0,30,86.0,36.0,8.0,41.9,1.2,9.0,5.0,1.0,55.6,2.0,0.07,62.0,3.0,6.0,11.0,6.9,85.0,46.0,13.0,61.8,9173,5330.0,34.0,5.0,319.0,251.0,303.0,287.0,332.0,285.0,137.0,127.0,13.0,15.0,1104.0,965.0,297.0,322.0,348.0,159.0,19.0,36,10,33.0,13.0,41.0,32.6,44.4
57,小原心,千葉エンゼルクロス,7.0,0,0.0,0.0,0.0,,,0.0,0.0,0.0,,0.0,,0.0,0.0,0.0,0.0,,0.0,0.0,0.0,,702,352.0,3.0,0.0,25.0,18.0,25.0,27.0,25.0,22.0,25.0,18.0,0.0,0.0,100.0,85.0,21.0,25.0,25.0,23.0,0.0,3,1,4.0,0.0,0.0,,
58,小松泉穂,リガーレ仙台,38.0,33,6.0,4.0,0.0,66.7,0.12,0.0,0.0,0.0,,0.0,0.0,58.0,2.0,3.0,11.0,6.9,1.0,0.0,0.0,0.0,13272,10307.0,36.0,21.0,452.0,400.0,448.0,391.0,445.0,418.0,277.0,256.0,45.0,39.0,1667.0,1504.0,414.0,450.0,457.0,275.0,45.0,43,29,34.0,38.0,6.0,66.7,
59,小林知加,群馬銀行グリーンウイングス,228.0,51,199.0,77.0,11.0,38.7,1.51,14.0,4.0,2.0,28.6,6.0,0.12,114.0,4.0,9.0,35.0,9.2,202.0,79.0,47.0,50.7,13042,10367.0,45.0,12.0,439.0,405.0,438.0,417.0,453.0,393.0,312.0,268.0,29.0,29.0,1671.0,1512.0,430.0,461.0,466.0,332.0,35.0,49,23,50.0,22.0,87.0,33.2,14.3
60,小泉海藍,GSS東京サンビームズ,330.0,5,24.0,6.0,1.0,25.0,1.2,0.0,0.0,0.0,,0.0,0.0,5.0,0.0,1.0,0.0,-5.0,0.0,0.0,0.0,,10239,7633.0,15.0,30.0,339.0,342.0,331.0,335.0,308.0,362.0,225.0,262.0,28.0,31.0,1231.0,1332.0,373.0,364.0,390.0,282.0,36.0,24,34,27.0,31.0,6.0,20.8,
61,小澤史苑,リガーレ仙台,80.0,75,365.0,114.0,13.0,31.2,1.52,2.0,1.0,0.0,50.0,15.0,0.2,236.0,9.0,2.0,60.0,10.0,476.0,226.0,115.0,59.6,13942,10767.0,36.0,24.0,468.0,425.0,463.0,416.0,470.0,441.0,298.0,281.0,45.0,39.0,1744.0,1602.0,436.0,470.0,486.0,299.0,45.0,44,32,34.0,42.0,138.0,27.7,50.0
62,小茂田夏海,ルートインホテルズブリリアントアリーズ,54.0,54,277.0,121.0,19.0,43.7,2.24,2.0,0.0,2.0,0.0,34.0,0.63,153.0,8.0,10.0,39.0,10.0,17.0,11.0,3.0,73.5,12495,7660.0,40.0,14.0,443.0,366.0,423.0,368.0,445.0,395.0,231.0,229.0,42.0,40.0,1584.0,1398.0,428.0,425.0,478.0,266.0,51.0,46,21,40.0,27.0,163.0,36.8,-100.0
63,山本実奈,ブレス浜松,180.0,19,5.0,3.0,0.0,60.0,0.16,2.0,1.0,0.0,50.0,0.0,0.0,2.0,0.0,1.0,0.0,-12.5,21.0,7.0,6.0,47.6,13892,11246.0,39.0,21.0,446.0,432.0,450.0,422.0,483.0,414.0,343.0,321.0,74.0,75.0,1796.0,1664.0,457.0,453.0,485.0,361.0,82.0,49,32,41.0,40.0,3.0,60.0,50.0
64,山本紗貴,GSS東京サンビームズ,189.0,6,19.0,5.0,2.0,26.3,0.83,0.0,0.0,0.0,,1.0,0.17,14.0,1.0,2.0,2.0,7.1,1.0,1.0,0.0,100.0,4960,5152.0,4.0,17.0,158.0,148.0,152.0,148.0,137.0,177.0,123.0,146.0,10.0,15.0,580.0,634.0,162.0,158.0,182.0,154.0,16.0,9,19,8.0,20.0,7.0,15.8,
65,山本裕香,JAぎふリオレーナ,100.0,61,460.0,142.0,31.0,30.9,2.33,8.0,0.0,2.0,0.0,10.0,0.16,169.0,4.0,17.0,50.0,7.2,536.0,239.0,120.0,55.8,13833,11758.0,29.0,31.0,443.0,473.0,431.0,438.0,426.0,456.0,252.0,246.0,38.0,35.0,1590.0,1648.0,482.0,476.0,489.0,284.0,41.0,36,38,32.0,42.0,156.0,24.1,-25.0
66,山村涼香,ルートインホテルズブリリアントアリーズ,40.0,67,298.0,112.0,16.0,37.6,1.67,0.0,0.0,0.0,,40.0,0.6,199.0,6.0,5.0,49.0,8.5,31.0,16.0,6.0,61.3,13976,8770.0,46.0,14.0,493.0,397.0,457.0,418.0,495.0,434.0,281.0,266.0,42.0,40.0,1768.0,1555.0,468.0,472.0,525.0,317.0,51.0,52,23,48.0,27.0,158.0,32.2,
67,山根茉唯加,JAぎふリオレーナ,40.0,71,688.0,265.0,44.0,38.5,3.73,29.0,6.0,8.0,20.7,13.0,0.18,207.0,12.0,64.0,35.0,2.3,249.0,87.0,62.0,47.4,13833,11758.0,29.0,31.0,443.0,473.0,431.0,438.0,426.0,456.0,252.0,246.0,38.0,35.0,1590.0,1648.0,482.0,476.0,489.0,284.0,41.0,36,38,32.0,42.0,290.0,32.1,-6.9
68,岡村南奈,プレステージ・インターナショナルアランマーレ,78.0,10,44.0,15.0,2.0,34.1,1.5,4.0,0.0,0.0,0.0,1.0,0.1,19.0,0.0,0.0,5.0,6.6,0.0,0.0,0.0,,4402,5025.0,14.0,4.0,145.0,123.0,138.0,144.0,145.0,121.0,50.0,40.0,15.0,10.0,493.0,438.0,134.0,150.0,143.0,44.0,16.0,15,6,15.0,6.0,16.0,29.5,0.0
69,岡村真衣,千葉エンゼルクロス,180.0,25,14.0,3.0,0.0,21.4,0.12,0.0,0.0,0.0,,0.0,0.0,56.0,1.0,2.0,7.0,4.0,0.0,0.0,0.0,,13870,5807.0,13.0,47.0,426.0,480.0,389.0,493.0,436.0,469.0,197.0,206.0,47.0,46.0,1495.0,1694.0,431.0,446.0,453.0,223.0,52.0,20,52,40.0,32.0,4.0,21.4,
70,岡田楓奈,フォレストリーヴズ熊本,190.0,74,0.0,0.0,0.0,,0.0,0.0,0.0,0.0,,0.0,0.0,0.0,0.0,0.0,0.0,,363.0,189.0,84.0,63.6,13239,5440.0,20.0,37.0,424.0,426.0,412.0,441.0,431.0,435.0,255.0,283.0,66.0,70.0,1588.0,1655.0,453.0,477.0,494.0,296.0,86.0,30,44,23.0,51.0,0.0,,
71,岡部美優,千葉エンゼルクロス,40.0,56,21.0,10.0,0.0,47.6,0.18,0.0,0.0,0.0,,0.0,0.0,185.0,4.0,5.0,49.0,8.1,0.0,0.0,0.0,,13870,5807.0,13.0,47.0,426.0,480.0,389.0,493.0,436.0,469.0,197.0,206.0,47.0,46.0,1495.0,1694.0,431.0,446.0,453.0,223.0,52.0,20,52,40.0,32.0,14.0,47.6,
72,岩本周加,ルートインホテルズブリリアントアリーズ,180.0,30,125.0,46.0,10.0,36.8,1.53,0.0,0.0,0.0,,10.0,0.33,97.0,5.0,7.0,20.0,8.5,8.0,5.0,1.0,68.8,13976,8770.0,46.0,14.0,493.0,397.0,457.0,418.0,495.0,434.0,281.0,266.0,42.0,40.0,1768.0,1555.0,468.0,472.0,525.0,317.0,51.0,52,23,48.0,27.0,61.0,28.8,
73,島田櫻子,大野石油広島オイラーズ,12.0,0,0.0,0.0,0.0,,,0.0,0.0,0.0,,0.0,,0.0,0.0,0.0,0.0,,0.0,0.0,0.0,,8159,4432.0,9.0,27.0,274.0,284.0,262.0,285.0,227.0,285.0,110.0,116.0,57.0,74.0,930.0,1044.0,284.0,286.0,279.0,123.0,69.0,14,32,27.0,19.0,0.0,,
74,川上理梨奈,フォレストリーヴズ熊本,340.0,23,1.0,0.0,0.0,0.0,0.0,0.0,0.0,0.0,,0.0,0.0,23.0,0.0,1.0,8.0,7.6,0.0,0.0,0.0,,13921,5620.0,23.0,37.0,447.0,451.0,437.0,460.0,456.0,457.0,280.0,303.0,66.0,70.0,1686.0,1741.0,478.0,504.0,523.0,322.0,86.0,33,45,23.0,55.0,0.0,0.0,
75,川下真子,大野石油広島オイラーズ,130.0,11,81.0,18.0,9.0,22.2,1.64,0.0,0.0,0.0,,0.0,0.0,20.0,1.0,0.0,5.0,11.2,66.0,30.0,15.0,56.8,9329,5228.0,9.0,30.0,267.0,313.0,292.0,300.0,231.0,314.0,190.0,197.0,66.0,74.0,1046.0,1198.0,288.0,314.0,286.0,194.0,80.0,17,36,21.0,32.0,19.0,11.1,
76,川口美久,フォレストリーヴズ熊本,60.0,78,848.0,261.0,33.0,30.8,3.35,1.0,0.0,0.0,0.0,27.0,0.35,200.0,9.0,4.0,30.0,7.8,218.0,81.0,45.0,47.5,13921,5620.0,23.0,37.0,447.0,451.0,437.0,460.0,456.0,457.0,280.0,303.0,66.0,70.0,1686.0,1741.0,478.0,504.0,523.0,322.0,86.0,33,45,23.0,55.0,297.0,26.9,0.0
77,川瀬ちあき,大野石油広島オイラーズ,120.0,48,402.0,141.0,31.0,35.1,2.94,19.0,5.0,3.0,26.3,9.0,0.19,92.0,7.0,17.0,24.0,9.5,123.0,44.0,21.0,44.3,13997,7588.0,16.0,44.0,431.0,465.0,444.0,465.0,380.0,474.0,275.0,298.0,107.0,134.0,1637.0,1836.0,452.0,478.0,458.0,294.0,131.0,28,54,45.0,37.0,157.0,27.4,10.5
78,川釣真緒,ヴィアティン三重,475.0,47,80.0,27.0,6.0,33.8,0.57,1.0,0.0,0.0,0.0,6.0,0.13,12.0,0.0,3.0,1.0,-4.2,4.0,3.0,1.0,87.5,13420,11457.0,6.0,51.0,384.0,470.0,430.0,460.0,372.0,466.0,235.0,270.0,51.0,47.0,1472.0,1713.0,459.0,494.0,470.0,290.0,49.0,17,55,8.0,64.0,33.0,26.2,0.0
79,工藤綾乃,GSS東京サンビームズ,69.0,4,0.0,0.0,0.0,,0.0,0.0,0.0,0.0,,0.0,0.0,7.0,0.0,0.0,2.0,7.1,2.0,1.0,1.0,75.0,2087,1332.0,0.0,9.0,64.0,64.0,63.0,71.0,50.0,75.0,38.0,50.0,0.0,0.0,215.0,260.0,71.0,74.0,70.0,50.0,0.0,2,9,4.0,7.0,0.0,,
80,平井裕菜,ブレス浜松,133.0,27,9.0,2.0,0.0,22.2,0.07,1.0,0.0,0.0,0.0,2.0,0.07,64.0,0.0,8.0,10.0,0.8,1.0,0.0,0.0,0.0,13147,11096.0,36.0,21.0,421.0,413.0,425.0,405.0,458.0,393.0,343.0,321.0,74.0,75.0,1721.0,1607.0,433.0,432.0,463.0,361.0,82.0,46,32,41.0,37.0,4.0,22.2,0.0
81,平原果歩,ルートインホテルズブリリアントアリーズ,209.0,40,212.0,68.0,18.0,32.1,1.7,5.0,1.0,0.0,20.0,3.0,0.08,93.0,3.0,4.0,24.0,8.6,106.0,57.0,16.0,61.3,13309,8058.0,44.0,13.0,473.0,372.0,441.0,393.0,470.0,414.0,256.0,243.0,27.0,31.0,1667.0,1453.0,444.0,452.0,499.0,293.0,36.0,49,21,48.0,22.0,74.0,23.6,20.0
82,張心穆意,GSS東京サンビームズ,399.0,74,658.0,246.0,21.0,37.4,3.32,2.0,0.0,0.0,0.0,40.0,0.54,215.0,8.0,9.0,47.0,8.1,3.0,0.0,0.0,0.0,13176,9924.0,23.0,34.0,437.0,437.0,423.0,421.0,406.0,445.0,313.0,353.0,43.0,42.0,1622.0,1698.0,487.0,470.0,501.0,386.0,50.0,34,41,43.0,32.0,294.0,34.2,0.0
83,張瓈文,ルートインホテルズブリリアントアリーズ,90.0,62,624.0,228.0,37.0,36.5,3.68,90.0,21.0,10.0,23.3,30.0,0.48,204.0,15.0,13.0,63.0,13.5,19.0,4.0,4.0,31.6,12684,7590.0,40.0,14.0,443.0,367.0,407.0,382.0,445.0,397.0,281.0,266.0,42.0,40.0,1618.0,1452.0,421.0,427.0,478.0,317.0,51.0,46,23,42.0,27.0,273.0,30.6,12.2
84,播磨若奈,ブレス浜松,57.0,5,1.0,0.0,0.0,0.0,0.0,0.0,0.0,0.0,,0.0,0.0,11.0,0.0,0.0,6.0,13.6,0.0,0.0,0.0,,13147,11096.0,36.0,21.0,421.0,413.0,425.0,405.0,458.0,393.0,343.0,321.0,74.0,75.0,1721.0,1607.0,433.0,432.0,463.0,361.0,82.0,46,32,41.0,37.0,0.0,0.0,
85,新谷杏奈,フォレストリーヴズ熊本,20.0,61,219.0,62.0,7.0,28.3,1.02,0.0,0.0,0.0,,12.0,0.2,234.0,3.0,0.0,46.0,6.2,14.0,3.0,7.0,46.4,13921,5620.0,23.0,37.0,447.0,451.0,437.0,460.0,456.0,457.0,280.0,303.0,66.0,70.0,1686.0,1741.0,478.0,504.0,523.0,322.0,86.0,33,45,23.0,55.0,77.0,25.1,
86,早川京美,ブレス浜松,36.0,0,0.0,0.0,0.0,,,0.0,0.0,0.0,,0.0,,0.0,0.0,0.0,0.0,,0.0,0.0,0.0,,1485,1258.0,3.0,3.0,46.0,44.0,43.0,42.0,50.0,44.0,22.0,25.0,0.0,0.0,161.0,155.0,45.0,42.0,46.0,24.0,0.0,4,3,0.0,7.0,0.0,,
87,有村涼美,プレステージ・インターナショナルアランマーレ,340.0,41,355.0,125.0,27.0,35.2,3.05,69.0,20.0,7.0,29.0,12.0,0.29,131.0,8.0,17.0,50.0,12.4,240.0,136.0,62.0,69.6,13874,13811.0,51.0,9.0,492.0,453.0,473.0,414.0,488.0,409.0,243.0,219.0,48.0,33.0,1744.0,1528.0,476.0,471.0,481.0,251.0,50.0,55,18,53.0,20.0,145.0,27.6,18.8
88,有薗未也美,プレステージ・インターナショナルアランマーレ,380.0,73,0.0,0.0,0.0,,0.0,0.0,0.0,0.0,,0.0,0.0,0.0,0.0,0.0,0.0,,252.0,123.0,74.0,63.5,13874,13811.0,51.0,9.0,492.0,453.0,473.0,414.0,488.0,409.0,243.0,219.0,48.0,33.0,1744.0,1528.0,476.0,471.0,481.0,251.0,50.0,55,18,53.0,20.0,0.0,,
89,木村友里,プレステージ・インターナショナルアランマーレ,60.0,64,478.0,162.0,34.0,33.9,2.53,41.0,12.0,3.0,29.3,8.0,0.12,182.0,1.0,7.0,45.0,5.8,381.0,182.0,109.0,62.1,13874,13811.0,51.0,9.0,492.0,453.0,473.0,414.0,488.0,409.0,243.0,219.0,48.0,33.0,1744.0,1528.0,476.0,471.0,481.0,251.0,50.0,55,18,53.0,20.0,171.0,26.8,22.0
90,末永真由,リガーレ仙台,209.0,72,719.0,226.0,32.0,31.4,3.14,4.0,0.0,1.0,0.0,10.0,0.14,195.0,0.0,8.0,45.0,4.7,15.0,6.0,6.0,60.0,13272,10307.0,36.0,21.0,452.0,400.0,448.0,391.0,445.0,418.0,277.0,256.0,45.0,39.0,1667.0,1504.0,414.0,450.0,457.0,275.0,45.0,43,29,34.0,38.0,236.0,27.0,-25.0
91,本山晴佳,大野石油広島オイラーズ,39.0,40,361.0,117.0,19.0,32.4,2.92,7.0,1.0,2.0,14.3,5.0,0.12,109.0,6.0,7.0,34.0,11.7,302.0,124.0,92.0,56.3,9329,5228.0,9.0,30.0,267.0,313.0,292.0,300.0,231.0,314.0,190.0,197.0,66.0,74.0,1046.0,1198.0,288.0,314.0,286.0,194.0,80.0,17,36,21.0,32.0,128.0,27.1,-14.3
92,杉浦文香,リガーレ仙台,20.0,6,0.0,0.0,0.0,,0.0,0.0,0.0,0.0,,0.0,0.0,7.0,1.0,2.0,1.0,10.7,0.0,0.0,0.0,,13942,10767.0,36.0,24.0,468.0,425.0,463.0,416.0,470.0,441.0,298.0,281.0,45.0,39.0,1744.0,1602.0,436.0,470.0,486.0,299.0,45.0,44,32,34.0,42.0,1.0,,
93,村尾瞳,ヴィアティン三重,272.0,34,315.0,79.0,28.0,25.1,2.32,31.0,5.0,7.0,16.1,3.0,0.09,81.0,2.0,9.0,13.0,3.7,4.0,2.0,1.0,62.5,11137,10614.0,8.0,40.0,328.0,400.0,361.0,392.0,325.0,386.0,221.0,243.0,41.0,32.0,1276.0,1453.0,395.0,421.0,408.0,267.0,38.0,17,44,8.0,53.0,84.0,16.2,-6.5
94,村山美佳,ルートインホテルズブリリアントアリーズ,140.0,73,842.0,334.0,53.0,39.7,4.58,121.0,38.0,27.0,31.4,25.0,0.34,214.0,3.0,10.0,51.0,6.2,150.0,59.0,37.0,51.7,13976,8770.0,46.0,14.0,493.0,397.0,457.0,418.0,495.0,434.0,281.0,266.0,42.0,40.0,1768.0,1555.0,468.0,472.0,525.0,317.0,51.0,52,23,48.0,27.0,362.0,33.4,9.1
95,松尾奈津子,群馬銀行グリーンウイングス,300.0,61,32.0,11.0,0.0,34.4,0.18,0.0,0.0,0.0,,3.0,0.05,189.0,5.0,19.0,38.0,5.2,3.0,0.0,0.0,0.0,13789,11347.0,45.0,15.0,465.0,433.0,460.0,442.0,471.0,418.0,312.0,268.0,29.0,29.0,1737.0,1590.0,459.0,484.0,489.0,332.0,35.0,49,26,53.0,22.0,19.0,34.4,
96,柳下夏苗,リガーレ仙台,320.0,51,363.0,114.0,26.0,31.4,2.24,2.0,0.0,0.0,0.0,6.0,0.12,137.0,5.0,10.0,26.0,6.6,147.0,67.0,34.0,57.1,13942,10767.0,36.0,24.0,468.0,425.0,463.0,416.0,470.0,441.0,298.0,281.0,45.0,39.0,1744.0,1602.0,436.0,470.0,486.0,299.0,45.0,44,32,34.0,42.0,125.0,24.2,0.0
97,柳沢紫子,プレステージ・インターナショナルアランマーレ,200.0,20,25.0,10.0,1.0,40.0,0.5,0.0,0.0,0.0,,3.0,0.15,46.0,6.0,3.0,11.0,17.4,1.0,1.0,0.0,100.0,13874,13811.0,51.0,9.0,492.0,453.0,473.0,414.0,488.0,409.0,243.0,219.0,48.0,33.0,1744.0,1528.0,476.0,471.0,481.0,251.0,50.0,55,18,53.0,20.0,19.0,36.0,
98,柳沼優花,JAぎふリオレーナ,247.0,24,155.0,37.0,9.0,23.9,1.54,0.0,0.0,0.0,,2.0,0.08,57.0,0.0,5.0,19.0,6.1,135.0,49.0,34.0,48.9,8757,7386.0,12.0,27.0,270.0,318.0,256.0,301.0,273.0,303.0,162.0,158.0,23.0,28.0,984.0,1108.0,312.0,307.0,319.0,188.0,27.0,17,31,20.0,28.0,39.0,18.1,
99,柴風花,千葉エンゼルクロス,13.0,0,0.0,0.0,0.0,,,0.0,0.0,0.0,,0.0,,0.0,0.0,0.0,0.0,,0.0,0.0,0.0,,738,340.0,2.0,1.0,20.0,25.0,19.0,25.0,25.0,23.0,25.0,19.0,15.0,10.0,104.0,102.0,23.0,23.0,25.0,27.0,11.0,3,2,5.0,0.0,0.0,,
100,柿本美琴,JAぎふリオレーナ,18.0,1,0.0,0.0,0.0,,0.0,0.0,0.0,0.0,,0.0,0.0,3.0,0.0,0.0,0.0,0.0,0.0,0.0,0.0,,1485,1701.0,5.0,1.0,48.0,43.0,50.0,37.0,40.0,50.0,50.0,41.0,15.0,7.0,203.0,178.0,49.0,51.0,53.0,51.0,14.0,6,3,5.0,4.0,0.0,,
101,栗栖留生,群馬銀行グリーンウイングス,100.0,65,0.0,0.0,0.0,,0.0,0.0,0.0,0.0,,0.0,0.0,0.0,0.0,0.0,0.0,,264.0,140.0,59.0,64.2,13789,11347.0,45.0,15.0,465.0,433.0,460.0,442.0,471.0,418.0,312.0,268.0,29.0,29.0,1737.0,1590.0,459.0,484.0,489.0,332.0,35.0,49,26,53.0,22.0,0.0,,
102,梅田莉樹子,JAぎふリオレーナ,48.0,58,191.0,75.0,13.0,39.3,1.29,1.0,0.0,0.0,0.0,17.0,0.29,223.0,15.0,26.0,71.0,11.8,11.0,7.0,4.0,81.8,10886,9065.0,21.0,27.0,346.0,382.0,331.0,357.0,343.0,362.0,187.0,180.0,23.0,28.0,1230.0,1309.0,384.0,378.0,392.0,214.0,27.0,26,32,20.0,38.0,107.0,32.5,0.0
103,森木かれん,ブレス浜松,220.0,59,16.0,5.0,3.0,31.2,0.08,0.0,0.0,0.0,,23.0,0.39,117.0,6.0,10.0,22.0,7.7,3.0,0.0,0.0,0.0,13892,11246.0,39.0,21.0,446.0,432.0,450.0,422.0,483.0,414.0,343.0,321.0,74.0,75.0,1796.0,1664.0,457.0,453.0,485.0,361.0,82.0,49,32,41.0,40.0,34.0,12.5,
104,森田実夢,千葉エンゼルクロス,160.0,33,275.0,80.0,21.0,29.1,2.42,7.0,2.0,1.0,28.6,0.0,0.0,80.0,3.0,12.0,10.0,3.1,101.0,33.0,34.0,49.5,13870,5807.0,13.0,47.0,426.0,480.0,389.0,493.0,436.0,469.0,197.0,206.0,47.0,46.0,1495.0,1694.0,431.0,446.0,453.0,223.0,52.0,20,52,40.0,32.0,83.0,21.5,14.3
105,森田紫,千葉エンゼルクロス,100.0,69,468.0,174.0,13.0,37.2,2.52,0.0,0.0,0.0,,12.0,0.17,268.0,10.0,10.0,60.0,8.4,9.0,4.0,2.0,55.6,13870,5807.0,13.0,47.0,426.0,480.0,389.0,493.0,436.0,469.0,197.0,206.0,47.0,46.0,1495.0,1694.0,431.0,446.0,453.0,223.0,52.0,20,52,40.0,32.0,196.0,34.4,
106,森田英莉,GSS東京サンビームズ,252.0,66,109.0,25.0,6.0,22.9,0.38,0.0,0.0,0.0,,2.0,0.03,121.0,1.0,0.0,21.0,5.2,270.0,153.0,49.0,65.7,12426,9864.0,23.0,31.0,412.0,412.0,396.0,400.0,394.0,420.0,292.0,328.0,43.0,42.0,1537.0,1602.0,461.0,442.0,480.0,359.0,50.0,33,38,40.0,31.0,28.0,17.4,
107,槇森有香,GSS東京サンビームズ,380.0,69,0.0,0.0,0.0,,0.0,0.0,0.0,0.0,,0.0,0.0,0.0,0.0,0.0,0.0,,321.0,180.0,70.0,67.0,13833,10749.0,23.0,37.0,451.0,462.0,438.0,446.0,426.0,470.0,313.0,353.0,43.0,42.0,1671.0,1773.0,506.0,490.0,527.0,386.0,50.0,34,44,43.0,35.0,0.0,,
108,横田実穂,ルートインホテルズブリリアントアリーズ,160.0,75,77.0,25.0,3.0,32.5,0.33,1.0,0.0,0.0,0.0,9.0,0.12,322.0,12.0,25.0,92.0,8.9,1.0,0.0,0.0,0.0,13976,8770.0,46.0,14.0,493.0,397.0,457.0,418.0,495.0,434.0,281.0,266.0,42.0,40.0,1768.0,1555.0,468.0,472.0,525.0,317.0,51.0,52,23,48.0,27.0,46.0,28.6,0.0
109,櫻田桃奈,GSS東京サンビームズ,78.0,10,37.0,14.0,2.0,37.8,1.4,0.0,0.0,0.0,,3.0,0.3,34.0,2.0,2.0,7.0,9.6,3.0,3.0,0.0,100.0,4260,3181.0,11.0,7.0,137.0,139.0,130.0,134.0,139.0,132.0,87.0,91.0,15.0,11.0,508.0,507.0,157.0,151.0,163.0,101.0,14.0,13,10,16.0,7.0,19.0,32.4,
110,正木七海,群馬銀行グリーンウイングス,154.0,18,99.0,34.0,6.0,34.3,1.89,4.0,0.0,1.0,0.0,4.0,0.22,27.0,2.0,4.0,9.0,12.0,2.0,1.0,0.0,50.0,9602,8220.0,33.0,9.0,327.0,295.0,317.0,316.0,332.0,290.0,220.0,188.0,29.0,29.0,1225.0,1118.0,312.0,331.0,339.0,234.0,35.0,36,17,46.0,7.0,40.0,28.3,-25.0
111,水上真悠子,ブレス浜松,420.0,78,608.0,189.0,39.0,31.1,2.42,55.0,10.0,3.0,18.2,25.0,0.32,284.0,16.0,18.0,88.0,11.8,502.0,311.0,85.0,70.4,13892,11246.0,39.0,21.0,446.0,432.0,450.0,422.0,483.0,414.0,343.0,321.0,74.0,75.0,1796.0,1664.0,457.0,453.0,485.0,361.0,82.0,49,32,41.0,40.0,230.0,24.7,12.7
112,水谷夕夏,ヴィアティン三重,260.0,45,221.0,70.0,24.0,31.7,1.56,15.0,0.0,5.0,0.0,0.0,0.0,107.0,2.0,5.0,22.0,5.8,136.0,53.0,42.0,54.4,14083,12095.0,9.0,51.0,404.0,495.0,455.0,483.0,397.0,486.0,260.0,293.0,51.0,47.0,1567.0,1804.0,483.0,522.0,496.0,319.0,49.0,20,56,8.0,68.0,72.0,20.8,-33.3
113,水野梨加,JAぎふリオレーナ,65.0,1,2.0,0.0,0.0,0.0,0.0,0.0,0.0,0.0,,0.0,0.0,0.0,0.0,0.0,0.0,,0.0,0.0,0.0,,3660,3932.0,11.0,4.0,122.0,109.0,125.0,99.0,103.0,119.0,90.0,88.0,15.0,7.0,455.0,422.0,120.0,122.0,123.0,96.0,14.0,13,7,12.0,8.0,0.0,0.0,
114,江川優貴,リガーレ仙台,240.0,46,174.0,68.0,7.0,39.1,1.48,5.0,1.0,1.0,20.0,5.0,0.11,45.0,1.0,6.0,10.0,4.4,30.0,8.0,11.0,45.0,13942,10767.0,36.0,24.0,468.0,425.0,463.0,416.0,470.0,441.0,298.0,281.0,45.0,39.0,1744.0,1602.0,436.0,470.0,486.0,299.0,45.0,44,32,34.0,42.0,74.0,35.1,0.0
115,河内真悠,千葉エンゼルクロス,3.0,0,0.0,0.0,0.0,,,0.0,0.0,0.0,,0.0,,0.0,0.0,0.0,0.0,,0.0,0.0,0.0,,2177,1135.0,0.0,9.0,63.0,73.0,52.0,75.0,53.0,75.0,20.0,25.0,0.0,0.0,188.0,248.0,65.0,63.0,68.0,22.0,0.0,1,9,7.0,3.0,0.0,,
116,河合桃香,フォレストリーヴズ熊本,180.0,1,0.0,0.0,0.0,,0.0,0.0,0.0,0.0,,0.0,0.0,0.0,0.0,0.0,0.0,,0.0,0.0,0.0,,13921,5620.0,23.0,37.0,447.0,451.0,437.0,460.0,456.0,457.0,280.0,303.0,66.0,70.0,1686.0,1741.0,478.0,504.0,523.0,322.0,86.0,33,45,23.0,55.0,0.0,,
117,浅川希,ヴィアティン三重,420.0,74,575.0,184.0,34.0,32.0,2.49,11.0,3.0,0.0,27.3,5.0,0.07,199.0,4.0,25.0,37.0,3.5,596.0,291.0,138.0,60.4,14083,12095.0,9.0,51.0,404.0,495.0,455.0,483.0,397.0,486.0,260.0,293.0,51.0,47.0,1567.0,1804.0,483.0,522.0,496.0,319.0,49.0,20,56,8.0,68.0,193.0,26.1,27.3
118,浅野奈菜,ブレス浜松,260.0,81,261.0,92.0,16.0,35.2,1.14,1.0,0.0,0.0,0.0,39.0,0.48,301.0,20.0,21.0,91.0,12.5,27.0,20.0,2.0,77.8,13892,11246.0,39.0,21.0,446.0,432.0,450.0,422.0,483.0,414.0,343.0,321.0,74.0,75.0,1796.0,1664.0,457.0,453.0,485.0,361.0,82.0,49,32,41.0,40.0,151.0,29.1,0.0
119,浜崎安奈,フォレストリーヴズ熊本,80.0,78,640.0,198.0,24.0,30.9,2.54,21.0,5.0,3.0,23.8,6.0,0.08,312.0,10.0,5.0,77.0,9.0,236.0,68.0,62.0,41.9,13921,5620.0,23.0,37.0,447.0,451.0,437.0,460.0,456.0,457.0,280.0,303.0,66.0,70.0,1686.0,1741.0,478.0,504.0,523.0,322.0,86.0,33,45,23.0,55.0,214.0,27.2,9.5
120,浦井きらり,大野石油広島オイラーズ,280.0,71,232.0,68.0,15.0,29.3,0.96,2.0,0.0,1.0,0.0,1.0,0.01,146.0,4.0,11.0,50.0,9.4,281.0,127.0,61.0,56.0,13997,7588.0,16.0,44.0,431.0,465.0,444.0,465.0,380.0,474.0,275.0,298.0,107.0,134.0,1637.0,1836.0,452.0,478.0,458.0,294.0,131.0,28,54,45.0,37.0,73.0,22.8,-50.0
121,深草絵里奈,ヴィアティン三重,60.0,58,187.0,60.0,12.0,32.1,1.03,1.0,0.0,1.0,0.0,5.0,0.09,127.0,5.0,9.0,31.0,8.3,64.0,27.0,18.0,56.2,14083,12095.0,9.0,51.0,404.0,495.0,455.0,483.0,397.0,486.0,260.0,293.0,51.0,47.0,1567.0,1804.0,483.0,522.0,496.0,319.0,49.0,20,56,8.0,68.0,70.0,25.7,-100.0
122,清和真奈美,リガーレ仙台,114.0,51,24.0,6.0,2.0,25.0,0.12,1.0,0.0,0.0,0.0,0.0,0.0,90.0,2.0,2.0,23.0,8.1,84.0,42.0,18.0,60.7,13272,10307.0,36.0,21.0,452.0,400.0,448.0,391.0,445.0,418.0,277.0,256.0,45.0,39.0,1667.0,1504.0,414.0,450.0,457.0,275.0,45.0,43,29,34.0,38.0,8.0,16.7,0.0
123,清水愛,群馬銀行グリーンウイングス,247.0,56,262.0,94.0,20.0,35.9,1.68,2.0,0.0,0.0,0.0,31.0,0.55,170.0,6.0,21.0,40.0,6.3,5.0,1.0,2.0,40.0,13102,10785.0,42.0,15.0,440.0,416.0,434.0,418.0,446.0,402.0,312.0,268.0,29.0,29.0,1661.0,1533.0,439.0,456.0,469.0,332.0,35.0,46,26,50.0,22.0,131.0,28.2,0.0
124,濱元さやか,ブレス浜松,240.0,81,0.0,0.0,0.0,,0.0,0.0,0.0,0.0,,0.0,0.0,0.0,0.0,0.0,0.0,,310.0,156.0,60.0,60.0,13892,11246.0,39.0,21.0,446.0,432.0,450.0,422.0,483.0,414.0,343.0,321.0,74.0,75.0,1796.0,1664.0,457.0,453.0,485.0,361.0,82.0,49,32,41.0,40.0,0.0,,
125,牛頭七海,大野石油広島オイラーズ,160.0,79,392.0,105.0,28.0,26.8,1.33,1.0,0.0,0.0,0.0,43.0,0.54,217.0,0.0,9.0,28.0,2.2,43.0,21.0,14.0,65.1,13997,7588.0,16.0,44.0,431.0,465.0,444.0,465.0,380.0,474.0,275.0,298.0,107.0,134.0,1637.0,1836.0,452.0,478.0,458.0,294.0,131.0,28,54,45.0,37.0,148.0,19.6,0.0
126,田中瑠奈,群馬銀行グリーンウイングス,19.0,52,426.0,141.0,37.0,33.1,2.71,51.0,13.0,5.0,25.5,7.0,0.13,168.0,11.0,18.0,58.0,12.5,235.0,108.0,52.0,57.0,13116,10796.0,42.0,15.0,438.0,408.0,435.0,421.0,452.0,393.0,287.0,251.0,29.0,29.0,1641.0,1502.0,429.0,455.0,462.0,305.0,35.0,46,25,49.0,22.0,159.0,24.4,15.7
127,田川紘美,ルートインホテルズブリリアントアリーズ,23.0,2,0.0,0.0,0.0,,0.0,0.0,0.0,0.0,,0.0,0.0,6.0,0.0,0.0,1.0,4.2,0.0,0.0,0.0,,749,220.0,3.0,0.0,25.0,18.0,25.0,21.0,25.0,23.0,0.0,0.0,0.0,0.0,75.0,62.0,23.0,25.0,23.0,0.0,0.0,3,0,3.0,0.0,0.0,,
128,田渕愛花,ヴィアティン三重,460.0,9,0.0,0.0,0.0,,0.0,0.0,0.0,0.0,,0.0,0.0,5.0,0.0,0.0,2.0,10.0,0.0,0.0,0.0,,14083,12095.0,9.0,51.0,404.0,495.0,455.0,483.0,397.0,486.0,260.0,293.0,51.0,47.0,1567.0,1804.0,483.0,522.0,496.0,319.0,49.0,20,56,8.0,68.0,0.0,,
129,畠山初音,GSS東京サンビームズ,520.0,74,0.0,0.0,0.0,,0.0,0.0,0.0,0.0,,0.0,0.0,5.0,0.0,1.0,1.0,0.0,38.0,18.0,14.0,65.8,13833,10749.0,23.0,37.0,451.0,462.0,438.0,446.0,426.0,470.0,313.0,353.0,43.0,42.0,1671.0,1773.0,506.0,490.0,527.0,386.0,50.0,34,44,43.0,35.0,0.0,,
130,白岩蘭奈,群馬銀行グリーンウイングス,190.0,46,360.0,133.0,33.0,36.9,2.89,27.0,5.0,6.0,18.5,14.0,0.3,126.0,4.0,24.0,29.0,4.2,229.0,98.0,60.0,55.9,13104,10611.0,42.0,15.0,440.0,419.0,435.0,420.0,451.0,393.0,287.0,251.0,29.0,29.0,1642.0,1512.0,438.0,459.0,464.0,307.0,35.0,46,25,49.0,22.0,151.0,27.8,-3.7
131,白石ふう香,ルートインホテルズブリリアントアリーズ,288.0,9,6.0,2.0,0.0,33.3,0.22,0.0,0.0,0.0,,0.0,0.0,10.0,1.0,1.0,4.0,17.5,0.0,0.0,0.0,,12557,8090.0,40.0,14.0,443.0,363.0,407.0,382.0,447.0,386.0,256.0,245.0,42.0,40.0,1595.0,1416.0,423.0,427.0,473.0,293.0,51.0,46,22,41.0,27.0,3.0,33.3,
132,皆川莉乃,JAぎふリオレーナ,80.0,74,397.0,159.0,23.0,40.1,2.15,1.0,0.0,0.0,0.0,19.0,0.26,202.0,8.0,4.0,45.0,9.0,20.0,15.0,1.0,77.5,13833,11758.0,29.0,31.0,443.0,473.0,431.0,438.0,426.0,456.0,252.0,246.0,38.0,35.0,1590.0,1648.0,482.0,476.0,489.0,284.0,41.0,36,38,32.0,42.0,186.0,34.3,0.0
133,目黒愛梨,群馬銀行グリーンウイングス,63.0,11,24.0,10.0,1.0,41.7,0.91,0.0,0.0,0.0,,0.0,0.0,24.0,0.0,2.0,6.0,4.2,1.0,1.0,0.0,100.0,4990,4972.0,14.0,7.0,157.0,158.0,162.0,155.0,169.0,161.0,97.0,89.0,16.0,14.0,601.0,577.0,167.0,175.0,187.0,104.0,17.0,16,10,23.0,3.0,10.0,37.5,
134,石倉愛梨,JAぎふリオレーナ,40.0,8,39.0,12.0,0.0,30.8,1.5,1.0,0.0,0.0,0.0,1.0,0.12,17.0,0.0,3.0,3.0,0.0,19.0,4.0,5.0,34.2,2947,2693.0,8.0,4.0,97.0,91.0,100.0,81.0,83.0,94.0,65.0,66.0,15.0,7.0,360.0,339.0,98.0,98.0,97.0,70.0,14.0,10,6,12.0,4.0,13.0,30.8,0.0
135,石川綾菜,千葉エンゼルクロス,80.0,63,533.0,143.0,47.0,26.8,2.27,31.0,5.0,5.0,16.1,20.0,0.32,195.0,10.0,14.0,54.0,10.3,53.0,21.0,10.0,49.1,13870,5807.0,13.0,47.0,426.0,480.0,389.0,493.0,436.0,469.0,197.0,206.0,47.0,46.0,1495.0,1694.0,431.0,446.0,453.0,223.0,52.0,20,52,40.0,32.0,173.0,18.0,0.0
136,石盛めるも,プレステージ・インターナショナルアランマーレ,240.0,72,37.0,10.0,1.0,27.0,0.14,1.0,0.0,0.0,0.0,6.0,0.08,277.0,12.0,8.0,71.0,10.0,1.0,0.0,0.0,0.0,13874,13811.0,51.0,9.0,492.0,453.0,473.0,414.0,488.0,409.0,243.0,219.0,48.0,33.0,1744.0,1528.0,476.0,471.0,481.0,251.0,50.0,55,18,53.0,20.0,28.0,24.3,0.0
137,祝彩菜,ヴィアティン三重,84.0,0,0.0,0.0,0.0,,,0.0,0.0,0.0,,0.0,,0.0,0.0,0.0,0.0,,0.0,0.0,0.0,,5101,4879.0,4.0,17.0,139.0,167.0,156.0,164.0,136.0,166.0,110.0,124.0,10.0,15.0,551.0,636.0,166.0,179.0,167.0,135.0,11.0,8,19,8.0,19.0,0.0,,
138,神田さくら,ルートインホテルズブリリアントアリーズ,240.0,14,28.0,5.0,2.0,17.9,0.36,0.0,0.0,0.0,,8.0,0.57,28.0,1.0,0.0,10.0,12.5,0.0,0.0,0.0,,13976,8770.0,46.0,14.0,493.0,397.0,457.0,418.0,495.0,434.0,281.0,266.0,42.0,40.0,1768.0,1555.0,468.0,472.0,525.0,317.0,51.0,52,23,48.0,27.0,14.0,10.7,
139,筬島由芽,ヴィアティン三重,176.0,24,30.0,8.0,3.0,26.7,0.33,0.0,0.0,0.0,,0.0,0.0,13.0,0.0,0.0,2.0,3.8,18.0,8.0,5.0,58.3,11305,10544.0,6.0,42.0,312.0,397.0,357.0,390.0,328.0,386.0,193.0,224.0,25.0,24.0,1215.0,1421.0,385.0,415.0,403.0,240.0,22.0,14,45,8.0,51.0,8.0,16.7,
140,色摩知巳,GSS東京サンビームズ,100.0,46,365.0,125.0,14.0,34.2,2.72,10.0,1.0,0.0,10.0,9.0,0.2,86.0,3.0,3.0,12.0,6.1,24.0,10.0,3.0,47.9,13833,10749.0,23.0,37.0,451.0,462.0,438.0,446.0,426.0,470.0,313.0,353.0,43.0,42.0,1671.0,1773.0,506.0,490.0,527.0,386.0,50.0,34,44,43.0,35.0,137.0,30.4,10.0
141,若泉佳穂,ブレス浜松,20.0,71,771.0,320.0,59.0,41.5,4.51,159.0,45.0,27.0,28.3,24.0,0.34,252.0,11.0,52.0,54.0,4.6,4.0,3.0,0.0,75.0,13892,11246.0,39.0,21.0,446.0,432.0,450.0,422.0,483.0,414.0,343.0,321.0,74.0,75.0,1796.0,1664.0,457.0,453.0,485.0,361.0,82.0,49,32,41.0,40.0,355.0,33.9,11.3
142,草島華穂,プレステージ・インターナショナルアランマーレ,180.0,24,2.0,0.0,0.0,0.0,0.0,2.0,0.0,0.0,0.0,0.0,0.0,41.0,4.0,6.0,12.0,13.4,14.0,7.0,0.0,50.0,13874,13811.0,51.0,9.0,492.0,453.0,473.0,414.0,488.0,409.0,243.0,219.0,48.0,33.0,1744.0,1528.0,476.0,471.0,481.0,251.0,50.0,55,18,53.0,20.0,4.0,0.0,0.0
143,草深ことみ,ヴィアティン三重,180.0,75,679.0,184.0,39.0,27.1,2.45,76.0,14.0,9.0,18.4,11.0,0.15,196.0,11.0,46.0,38.0,4.6,31.0,17.0,9.0,69.4,14083,12095.0,9.0,51.0,404.0,495.0,455.0,483.0,397.0,486.0,260.0,293.0,51.0,47.0,1567.0,1804.0,483.0,522.0,496.0,319.0,49.0,20,56,8.0,68.0,206.0,21.4,6.6
144,菅原里奈,プレステージ・インターナショナルアランマーレ,80.0,70,310.0,117.0,15.0,37.7,1.67,0.0,0.0,0.0,,44.0,0.63,255.0,7.0,6.0,56.0,7.6,27.0,15.0,9.0,72.2,13874,13811.0,51.0,9.0,492.0,453.0,473.0,414.0,488.0,409.0,243.0,219.0,48.0,33.0,1744.0,1528.0,476.0,471.0,481.0,251.0,50.0,55,18,53.0,20.0,168.0,32.9,
145,菊地実結,群馬銀行グリーンウイングス,60.0,59,372.0,152.0,28.0,40.9,2.58,19.0,2.0,3.0,10.5,17.0,0.29,198.0,11.0,12.0,46.0,9.8,135.0,43.0,38.0,45.9,13789,11347.0,45.0,15.0,465.0,433.0,460.0,442.0,471.0,418.0,312.0,268.0,29.0,29.0,1737.0,1590.0,459.0,484.0,489.0,332.0,35.0,49,26,53.0,22.0,180.0,33.3,-5.3
146,菊地零,GSS東京サンビームズ,170.0,56,262.0,84.0,18.0,32.1,1.5,2.0,0.0,0.0,0.0,15.0,0.27,150.0,6.0,12.0,25.0,6.2,72.0,21.0,23.0,45.1,11830,10128.0,15.0,36.0,384.0,389.0,363.0,384.0,360.0,404.0,288.0,331.0,25.0,26.0,1420.0,1534.0,425.0,417.0,453.0,359.0,30.0,25,42,40.0,27.0,105.0,25.2,0.0
147,菊野樹奈,GSS東京サンビームズ,22.0,5,20.0,6.0,1.0,30.0,1.2,0.0,0.0,0.0,,1.0,0.2,15.0,0.0,1.0,1.0,0.0,0.0,0.0,0.0,,1324,411.0,5.0,1.0,41.0,49.0,50.0,39.0,41.0,43.0,25.0,22.0,18.0,16.0,175.0,169.0,53.0,49.0,47.0,27.0,20.0,6,2,3.0,5.0,7.0,25.0,
148,萩原透海,フォレストリーヴズ熊本,140.0,15,14.0,3.0,0.0,21.4,0.2,0.0,0.0,0.0,,1.0,0.07,5.0,0.0,3.0,1.0,-10.0,3.0,2.0,0.0,66.7,13921,5620.0,23.0,37.0,447.0,451.0,437.0,460.0,456.0,457.0,280.0,303.0,66.0,70.0,1686.0,1741.0,478.0,504.0,523.0,322.0,86.0,33,45,23.0,55.0,4.0,21.4,
149,藤井寧々,群馬銀行グリーンウイングス,126.0,51,422.0,140.0,32.0,33.2,2.75,30.0,4.0,3.0,13.3,17.0,0.33,152.0,12.0,38.0,24.0,5.6,198.0,69.0,52.0,48.0,12457,10797.0,39.0,15.0,415.0,390.0,415.0,396.0,421.0,391.0,287.0,250.0,29.0,29.0,1567.0,1456.0,409.0,435.0,444.0,310.0,35.0,43,25,49.0,19.0,169.0,25.6,3.3
150,藤原愛,群馬銀行グリーンウイングス,360.0,46,11.0,7.0,0.0,63.6,0.15,0.0,0.0,0.0,,2.0,0.04,128.0,6.0,7.0,39.0,10.9,2.0,0.0,0.0,0.0,13789,11347.0,45.0,15.0,465.0,433.0,460.0,442.0,471.0,418.0,312.0,268.0,29.0,29.0,1737.0,1590.0,459.0,484.0,489.0,332.0,35.0,49,26,53.0,22.0,15.0,63.6,
151,藤岡智恵美,ルートインホテルズブリリアントアリーズ,75.0,0,0.0,0.0,0.0,,,0.0,0.0,0.0,,0.0,,0.0,0.0,0.0,0.0,,0.0,0.0,0.0,,3292,2990.0,11.0,4.0,120.0,91.0,114.0,101.0,118.0,107.0,73.0,69.0,15.0,9.0,440.0,377.0,117.0,113.0,128.0,77.0,15.0,13,6,14.0,5.0,0.0,,
152,西條華子,JAぎふリオレーナ,320.0,48,120.0,39.0,9.0,32.5,0.81,0.0,0.0,0.0,,6.0,0.12,67.0,2.0,9.0,12.0,4.1,180.0,85.0,35.0,56.9,13833,11758.0,29.0,31.0,443.0,473.0,431.0,438.0,426.0,456.0,252.0,246.0,38.0,35.0,1590.0,1648.0,482.0,476.0,489.0,284.0,41.0,36,38,32.0,42.0,47.0,25.0,
153,西行米,ブレス浜松,102.0,1,0.0,0.0,0.0,,0.0,0.0,0.0,0.0,,0.0,0.0,0.0,0.0,0.0,0.0,,1.0,1.0,0.0,100.0,4376,2995.0,12.0,6.0,139.0,116.0,138.0,120.0,145.0,116.0,64.0,67.0,0.0,0.0,486.0,419.0,133.0,135.0,144.0,76.0,0.0,14,7,7.0,14.0,0.0,,
154,角田南見,プレステージ・インターナショナルアランマーレ,256.0,8,13.0,2.0,0.0,15.4,0.25,2.0,1.0,0.0,50.0,1.0,0.12,10.0,0.0,1.0,2.0,2.5,12.0,2.0,5.0,37.5,10917,10216.0,43.0,5.0,397.0,361.0,381.0,320.0,394.0,324.0,218.0,197.0,33.0,23.0,1423.0,1225.0,380.0,376.0,383.0,227.0,34.0,46,13,45.0,14.0,3.0,15.4,50.0
155,貝塚穂,ルートインホテルズブリリアントアリーズ,200.0,75,0.0,0.0,0.0,,0.0,0.0,0.0,0.0,,0.0,0.0,0.0,0.0,0.0,0.0,,378.0,204.0,70.0,63.2,13976,8770.0,46.0,14.0,493.0,397.0,457.0,418.0,495.0,434.0,281.0,266.0,42.0,40.0,1768.0,1555.0,468.0,472.0,525.0,317.0,51.0,52,23,48.0,27.0,0.0,,
156,足袋井愉環,大野石油広島オイラーズ,221.0,0,0.0,0.0,0.0,,,0.0,0.0,0.0,,0.0,,0.0,0.0,0.0,0.0,,0.0,0.0,0.0,,11765,6244.0,14.0,37.0,379.0,396.0,367.0,391.0,309.0,412.0,223.0,223.0,81.0,104.0,1359.0,1526.0,397.0,401.0,392.0,233.0,100.0,23,45,36.0,32.0,0.0,,
157,道下ひなの,群馬銀行グリーンウイングス,68.0,39,172.0,67.0,10.0,39.0,1.72,0.0,0.0,0.0,,16.0,0.41,123.0,7.0,10.0,36.0,11.0,7.0,5.0,2.0,85.7,11654,8332.0,39.0,12.0,397.0,371.0,395.0,369.0,396.0,353.0,265.0,224.0,29.0,29.0,1482.0,1346.0,391.0,408.0,404.0,282.0,35.0,42,22,42.0,22.0,90.0,33.1,
158,里有紗,フォレストリーヴズ熊本,30.0,1,1.0,0.0,0.0,0.0,0.0,0.0,0.0,0.0,,0.0,0.0,0.0,0.0,0.0,0.0,,0.0,0.0,0.0,,4345,1747.0,12.0,6.0,138.0,132.0,130.0,141.0,146.0,124.0,69.0,69.0,22.0,28.0,505.0,494.0,143.0,158.0,153.0,78.0,32.0,14,9,6.0,17.0,0.0,0.0,
159,重田美音,GSS東京サンビームズ,336.0,27,1.0,1.0,0.0,100.0,0.04,0.0,0.0,0.0,,2.0,0.07,37.0,0.0,0.0,8.0,5.4,0.0,0.0,0.0,,9579,6472.0,17.0,25.0,310.0,347.0,313.0,316.0,304.0,322.0,214.0,232.0,18.0,16.0,1159.0,1233.0,360.0,350.0,374.0,262.0,20.0,24,29,30.0,23.0,3.0,100.0,
160,野嶋華鈴,GSS東京サンビームズ,80.0,31,266.0,85.0,16.0,32.0,2.74,6.0,4.0,0.0,66.7,4.0,0.13,94.0,4.0,6.0,20.0,8.0,111.0,43.0,33.0,53.6,6640,3755.0,11.0,19.0,212.0,249.0,213.0,237.0,211.0,234.0,103.0,116.0,18.0,16.0,757.0,852.0,255.0,248.0,260.0,131.0,20.0,15,21,22.0,14.0,93.0,25.9,66.7
161,野毛かえで,JAぎふリオレーナ,240.0,73,0.0,0.0,0.0,,0.0,0.0,0.0,0.0,,0.0,0.0,0.0,0.0,0.0,0.0,,17.0,6.0,2.0,41.2,13833,11758.0,29.0,31.0,443.0,473.0,431.0,438.0,426.0,456.0,252.0,246.0,38.0,35.0,1590.0,1648.0,482.0,476.0,489.0,284.0,41.0,36,38,32.0,42.0,0.0,,
162,金井睦季,千葉エンゼルクロス,200.0,3,6.0,2.0,0.0,33.3,0.67,0.0,0.0,0.0,,0.0,0.0,3.0,0.0,0.0,1.0,8.3,1.0,1.0,0.0,100.0,13870,5807.0,13.0,47.0,426.0,480.0,389.0,493.0,436.0,469.0,197.0,206.0,47.0,46.0,1495.0,1694.0,431.0,446.0,453.0,223.0,52.0,20,52,40.0,32.0,2.0,33.3,
163,鈴木美空,リガーレ仙台,300.0,6,1.0,0.0,0.0,0.0,0.0,0.0,0.0,0.0,,0.0,0.0,4.0,0.0,1.0,1.0,0.0,0.0,0.0,0.0,,13942,10767.0,36.0,24.0,468.0,425.0,463.0,416.0,470.0,441.0,298.0,281.0,45.0,39.0,1744.0,1602.0,436.0,470.0,486.0,299.0,45.0,44,32,34.0,42.0,0.0,0.0,
164,鈴木音,リガーレ仙台,280.0,43,287.0,100.0,13.0,34.8,2.33,7.0,1.0,0.0,14.3,13.0,0.3,139.0,7.0,5.0,45.0,12.2,155.0,74.0,40.0,60.6,13942,10767.0,36.0,24.0,468.0,425.0,463.0,416.0,470.0,441.0,298.0,281.0,45.0,39.0,1744.0,1602.0,436.0,470.0,486.0,299.0,45.0,44,32,34.0,42.0,120.0,30.3,14.3
165,長尾のどか,プレステージ・インターナショナルアランマーレ,280.0,31,2.0,0.0,0.0,0.0,0.0,0.0,0.0,0.0,,0.0,0.0,22.0,2.0,3.0,2.0,8.0,0.0,0.0,0.0,,13874,13811.0,51.0,9.0,492.0,453.0,473.0,414.0,488.0,409.0,243.0,219.0,48.0,33.0,1744.0,1528.0,476.0,471.0,481.0,251.0,50.0,55,18,53.0,20.0,2.0,0.0,
166,長濱和,ヴィアティン三重,140.0,49,416.0,132.0,23.0,31.7,2.69,33.0,2.0,4.0,6.1,5.0,0.1,140.0,4.0,9.0,27.0,6.1,267.0,107.0,58.0,50.9,9645,7854.0,8.0,34.0,285.0,353.0,324.0,342.0,286.0,340.0,175.0,192.0,41.0,32.0,1111.0,1259.0,341.0,371.0,355.0,213.0,38.0,15,38,0.0,53.0,141.0,26.2,-6.1
167,長田詩夏,ヴィアティン三重,120.0,76,33.0,8.0,1.0,24.2,0.11,3.0,1.0,0.0,33.3,1.0,0.01,283.0,6.0,14.0,65.0,6.6,5.0,0.0,0.0,0.0,14083,12095.0,9.0,51.0,404.0,495.0,455.0,483.0,397.0,486.0,260.0,293.0,51.0,47.0,1567.0,1804.0,483.0,522.0,496.0,319.0,49.0,20,56,8.0,68.0,15.0,21.2,33.3
168,関根友香,千葉エンゼルクロス,220.0,57,229.0,74.0,20.0,32.3,1.3,0.0,0.0,0.0,,9.0,0.16,169.0,5.0,6.0,41.0,8.1,5.0,2.0,2.0,60.0,13870,5807.0,13.0,47.0,426.0,480.0,389.0,493.0,436.0,469.0,197.0,206.0,47.0,46.0,1495.0,1694.0,431.0,446.0,453.0,223.0,52.0,20,52,40.0,32.0,88.0,23.6,
169,高石明美,JAぎふリオレーナ,20.0,74,935.0,305.0,72.0,32.6,4.12,90.0,29.0,14.0,32.2,26.0,0.35,295.0,9.0,40.0,81.0,6.5,18.0,12.0,1.0,69.4,13833,11758.0,29.0,31.0,443.0,473.0,431.0,438.0,426.0,456.0,252.0,246.0,38.0,35.0,1590.0,1648.0,482.0,476.0,489.0,284.0,41.0,36,38,32.0,42.0,340.0,24.9,16.7
170,高野夏輝,ルートインホテルズブリリアントアリーズ,136.0,1,0.0,0.0,0.0,,0.0,0.0,0.0,0.0,,0.0,0.0,4.0,0.0,0.0,0.0,0.0,0.0,0.0,0.0,,5776,2955.0,22.0,2.0,193.0,164.0,177.0,176.0,207.0,159.0,123.0,99.0,14.0,16.0,714.0,614.0,180.0,191.0,203.0,127.0,17.0,23,7,25.0,5.0,0.0,,
171,鶴ヶ崎佳寿葉,千葉エンゼルクロス,280.0,72,0.0,0.0,0.0,,0.0,0.0,0.0,0.0,,0.0,0.0,0.0,0.0,0.0,0.0,,325.0,214.0,66.0,76.0,13870,5807.0,13.0,47.0,426.0,480.0,389.0,493.0,436.0,469.0,197.0,206.0,47.0,46.0,1495.0,1694.0,431.0,446.0,453.0,223.0,52.0,20,52,40.0,32.0,0.0,,
172,黒川つづみ,ヴィアティン三重,40.0,67,302.0,78.0,22.0,25.8,1.16,24.0,2.0,3.0,8.3,0.0,0.0,175.0,10.0,17.0,47.0,10.0,162.0,65.0,44.0,53.7,14083,12095.0,9.0,51.0,404.0,495.0,455.0,483.0,397.0,486.0,260.0,293.0,51.0,47.0,1567.0,1804.0,483.0,522.0,496.0,319.0,49.0,20,56,8.0,68.0,88.0,18.5,-4.2
173,黒田夢乃,千葉エンゼルクロス,60.0,65,0.0,0.0,0.0,,0.0,0.0,0.0,0.0,,0.0,0.0,95.0,2.0,2.0,25.0,8.2,101.0,38.0,33.0,54.0,13870,5807.0,13.0,47.0,426.0,480.0,389.0,493.0,436.0,469.0,197.0,206.0,47.0,46.0,1495.0,1694.0,431.0,446.0,453.0,223.0,52.0,20,52,40.0,32.0,2.0,,
174,黒田茉央,GSS東京サンビームズ,532.0,63,22.0,5.0,2.0,22.7,0.08,0.0,0.0,0.0,,1.0,0.02,195.0,7.0,11.0,40.0,7.3,3.0,0.0,0.0,0.0,13128,10243.0,23.0,34.0,430.0,437.0,413.0,424.0,403.0,445.0,294.0,328.0,43.0,42.0,1583.0,1676.0,481.0,466.0,496.0,362.0,50.0,33,41,43.0,31.0,13.0,13.6,
175,黒鳥南,ルートインホテルズブリリアントアリーズ,126.0,15,6.0,1.0,0.0,16.7,0.07,0.0,0.0,0.0,,0.0,0.0,20.0,0.0,0.0,3.0,3.8,12.0,3.0,6.0,50.0,5099,3320.0,16.0,5.0,174.0,130.0,143.0,158.0,173.0,148.0,140.0,130.0,14.0,16.0,644.0,582.0,160.0,166.0,181.0,158.0,17.0,18,10,15.0,13.0,1.0,16.7,
