,Player,Team,Month,No.,Set,AA,AP,AE,ASucc%,AP/S,BAA,BAP,BAE,BASucc%,BP,BP/S,SVA,SVP,SVE,SVx,SVEff%,RA,Rx,Rg,RSucc%,GameId,Spectators,Point,AEff%,BAEff%
0,アコスタロスランディ,PFUブルーキャッツ,1,108,23,213,73,15,34.3,3.17,14,5,3,35.7,11,0.48,80,2,16,14,1.9,165,80,36,59.4,2269,5569,86,27.2,14.3
1,アコスタロスランディ,PFUブルーキャッツ,10,36,10,84,31,5,36.9,3.1,9,1,2,11.1,6,0.6,35,0,6,13,5.0,69,25,21,51.4,592,1280,37,31.0,-11.1
2,アコスタロスランディ,PFUブルーキャッツ,11,144,29,260,119,6,45.8,4.1,16,8,1,50.0,10,0.34,99,1,21,18,0.3,177,95,47,66.9,2601,5417,130,43.5,43.8
3,アコスタロスランディ,PFUブルーキャッツ,12,36,7,89,30,5,33.7,4.29,11,1,2,9.1,3,0.43,21,0,4,1,-3.6,33,7,12,39.4,708,1455,33,28.1,-9.1
4,イヴェギントゥーバ,KUROBEアクアフェアリーズ,1,16,17,155,62,9,40.0,3.65,4,1,0,25.0,3,0.18,75,6,9,20,11.7,121,51,32,55.4,1539,2717,71,34.2,25.0
5,イヴェギントゥーバ,KUROBEアクアフェアリーズ,10,8,8,57,17,10,29.8,2.12,5,2,2,40.0,1,0.12,23,1,0,8,13.0,47,21,9,54.3,588,1782,19,12.3,0.0
6,イヴェギントゥーバ,KUROBEアクアフェアリーズ,11,32,22,160,46,14,28.7,2.09,18,5,4,27.8,5,0.23,74,3,4,20,9.5,142,73,27,60.9,2597,5613,54,20.0,5.6
7,イヴェギントゥーバ,KUROBEアクアフェアリーズ,12,8,8,70,27,10,38.6,3.38,8,4,1,50.0,3,0.38,25,3,2,7,17.0,58,17,19,45.7,714,3183,33,24.3,37.5
8,ウィルハイトサラ,NECレッドロケッツ,1,18,0,0,0,0,,,0,0,0,,0,,0,0,0,0,,0,0,0,,366,1025,0,,
9,ウィルハイトサラ,NECレッドロケッツ,11,36,2,0,0,0,,0.0,0,0,0,,0,0.0,3,0,1,0,-8.3,0,0,0,,680,6019,0,,
10,ウィルハイトサラ,NECレッドロケッツ,12,36,7,55,17,1,30.9,2.43,4,2,0,50.0,5,0.71,22,3,1,5,18.2,13,2,7,42.3,714,3183,25,29.1,50.0
11,オクム大庭冬美ハウィ,日立Astemoリヴァーレ,1,102,17,125,38,10,30.4,2.24,29,10,2,34.5,2,0.12,28,0,2,5,2.7,0,0,0,,2269,6780,40,22.4,27.6
12,オクム大庭冬美ハウィ,日立Astemoリヴァーレ,10,34,8,74,27,6,36.5,3.38,14,6,1,42.9,7,0.88,26,2,1,8,14.4,1,1,0,100.0,588,1782,36,28.4,35.7
13,オクム大庭冬美ハウィ,日立Astemoリヴァーレ,11,136,28,283,117,24,41.3,4.18,70,30,7,42.9,9,0.32,60,2,11,7,1.7,4,3,0,75.0,2603,8743,128,32.9,32.9
14,オクム大庭冬美ハウィ,日立Astemoリヴァーレ,12,34,6,67,25,7,37.3,4.17,9,2,2,22.2,3,0.5,16,1,0,4,12.5,0,0,0,,706,1052,29,26.9,0.0
15,オズソイネリマン,デンソーエアリービーズ,1,186,23,328,125,22,38.1,5.43,103,42,8,40.8,16,0.7,89,1,2,24,7.3,2,1,1,75.0,2267,6652,142,31.4,33.0
16,オズソイネリマン,デンソーエアリービーズ,10,62,8,130,44,8,33.8,5.5,52,18,6,34.6,2,0.25,28,1,4,5,4.5,2,0,1,25.0,594,1999,47,27.7,23.1
17,オズソイネリマン,デンソーエアリービーズ,11,248,30,393,147,29,37.4,4.9,165,58,19,35.2,21,0.7,109,3,4,31,8.9,5,1,1,30.0,2593,9652,171,30.0,23.6
18,オズソイネリマン,デンソーエアリービーズ,12,62,9,149,49,15,32.9,5.44,62,19,7,30.6,5,0.56,29,0,0,5,4.3,0,0,0,,704,1376,54,22.8,19.4
19,カッティーノダニエル,トヨタ車体クインシーズ,1,54,23,323,137,32,42.4,5.96,97,39,13,40.2,11,0.48,56,3,9,14,7.6,1,0,0,0.0,2273,4564,151,32.5,26.8
20,カッティーノダニエル,トヨタ車体クインシーズ,10,18,8,99,43,10,43.4,5.38,24,9,5,37.5,2,0.25,15,0,1,6,8.3,0,0,0,,598,2702,45,33.3,16.7
21,カッティーノダニエル,トヨタ車体クインシーズ,11,72,32,455,176,37,38.7,5.5,112,52,14,46.4,18,0.56,81,2,13,23,5.6,0,0,0,,2603,6061,196,30.5,33.9
22,カッティーノダニエル,トヨタ車体クインシーズ,12,18,9,124,43,15,34.7,4.78,35,9,8,25.7,8,0.89,25,1,3,9,10.0,0,0,0,,704,1376,52,22.6,2.9
23,クランヤナ,東レアローズ,1,42,23,282,132,12,46.8,5.74,57,37,1,64.9,11,0.48,99,3,7,28,8.3,5,1,3,50.0,2275,7610,146,42.6,63.2
24,クランヤナ,東レアローズ,10,14,10,132,37,6,28.0,3.7,22,3,3,13.6,5,0.5,33,1,1,7,7.6,2,0,0,0.0,592,1280,43,23.5,0.0
25,クランヤナ,東レアローズ,11,56,33,428,180,13,42.1,5.45,88,39,4,44.3,13,0.39,139,4,5,42,9.5,2,0,0,0.0,2605,10497,197,39.0,39.8
26,クランヤナ,東レアローズ,12,14,9,102,45,5,44.1,5.0,18,7,3,38.9,4,0.44,33,0,3,10,5.3,1,0,1,50.0,710,1600,49,39.2,22.2
27,コクラムピンピチャヤ,KUROBEアクアフェアリーズ,1,104,17,228,102,5,44.7,6.0,90,36,3,40.0,4,0.24,66,0,6,24,6.8,2,1,0,50.0,1539,2717,106,42.5,36.7
28,コクラムピンピチャヤ,KUROBEアクアフェアリーズ,10,52,6,54,21,3,38.9,3.5,12,1,1,8.3,3,0.5,17,0,3,8,7.4,0,0,0,,588,1782,24,33.3,0.0
29,コクラムピンピチャヤ,KUROBEアクアフェアリーズ,11,208,30,366,149,33,40.7,4.97,164,62,19,37.8,11,0.37,99,6,8,24,10.1,1,0,0,0.0,2597,5613,166,31.7,26.2
30,コクラムピンピチャヤ,KUROBEアクアフェアリーズ,12,52,8,115,38,12,33.0,4.75,37,10,5,27.0,3,0.38,32,5,2,8,20.3,1,1,0,100.0,714,3183,46,22.6,13.5
31,サンティアゴアライジャダフニ,埼玉上尾メディックス,1,12,15,71,36,2,50.7,2.4,0,0,0,,5,0.33,23,1,0,1,5.4,3,2,0,66.7,1543,3586,42,47.9,
32,サンティアゴアライジャダフニ,埼玉上尾メディックス,10,6,6,35,15,1,42.9,2.5,0,0,0,,9,1.5,9,0,2,1,-2.8,1,0,1,50.0,590,6432,24,40.0,
33,サンティアゴアライジャダフニ,埼玉上尾メディックス,11,24,29,113,62,4,54.9,2.14,0,0,0,,16,0.55,52,1,5,7,2.9,3,2,0,66.7,2599,4939,79,51.3,
34,サンティアゴアライジャダフニ,埼玉上尾メディックス,12,6,9,39,16,3,41.0,1.78,0,0,0,,6,0.67,13,2,1,1,15.4,3,2,0,66.7,710,1600,24,33.3,
35,ジャンティタントゥイー,PFUブルーキャッツ,1,72,23,133,67,8,50.4,2.91,2,1,0,50.0,17,0.74,70,4,12,18,7.9,6,2,2,50.0,2269,5569,88,44.4,50.0
36,ジャンティタントゥイー,PFUブルーキャッツ,10,24,10,43,20,1,46.5,2.0,0,0,0,,7,0.7,27,0,6,5,-0.9,1,1,0,100.0,592,1280,27,44.2,
37,ジャンティタントゥイー,PFUブルーキャッツ,11,96,29,134,59,9,44.0,2.03,6,3,2,50.0,14,0.48,94,2,15,31,6.4,8,8,0,100.0,2601,5417,75,37.3,16.7
38,スークソッドタナッチャ,岡山シーガルズ,1,35,18,158,62,7,39.2,3.44,8,3,2,37.5,6,0.33,52,2,11,15,5.8,47,14,17,47.9,1914,4832,70,34.8,12.5
39,スークソッドタナッチャ,岡山シーガルズ,10,14,7,39,20,2,51.3,2.86,13,4,2,30.8,3,0.43,28,2,1,9,14.3,21,8,5,50.0,596,2170,25,46.2,15.4
40,スークソッドタナッチャ,岡山シーガルズ,11,42,23,146,46,11,31.5,2.0,19,0,1,0.0,4,0.17,61,4,10,14,8.2,51,15,13,42.2,1974,6287,54,24.0,-5.3
41,スークソッドタナッチャ,岡山シーガルズ,12,14,5,16,9,0,56.2,1.8,0,0,0,,0,0.0,6,0,2,0,-8.3,6,2,2,50.0,706,1052,9,56.2,
42,タップハンナ,日立Astemoリヴァーレ,1,30,15,67,31,5,46.3,2.07,0,0,0,,13,0.87,38,3,4,8,10.5,0,0,0,,2269,6780,47,38.8,
43,タップハンナ,日立Astemoリヴァーレ,10,10,8,34,16,3,47.1,2.0,0,0,0,,7,0.88,15,0,2,1,-1.7,1,0,0,0.0,588,1782,23,38.2,
44,タップハンナ,日立Astemoリヴァーレ,11,40,29,115,53,6,46.1,1.83,0,0,0,,18,0.62,72,2,5,21,8.3,8,4,1,56.2,2603,8743,73,40.9,
45,タップハンナ,日立Astemoリヴァーレ,12,10,7,31,13,0,41.9,1.86,0,0,0,,2,0.29,21,1,3,4,6.0,1,0,0,0.0,706,1052,16,41.9,
46,ヌクジャンタットダオ,JTマーヴェラス,1,42,26,60,30,5,50.0,1.15,0,0,0,,18,0.69,87,2,2,30,10.3,4,0,1,12.5,2261,11438,50,41.7,
47,ヌクジャンタットダオ,JTマーヴェラス,10,14,1,2,1,0,50.0,1.0,0,0,0,,0,0.0,3,1,0,0,33.3,0,0,0,,594,1999,2,50.0,
48,ヌクジャンタットダオ,JTマーヴェラス,11,56,32,89,50,1,56.2,1.56,0,0,0,,28,0.88,108,2,7,30,7.2,16,10,3,71.9,2613,6307,80,55.1,
49,ヌクジャンタットダオ,JTマーヴェラス,12,14,6,23,16,1,69.6,2.67,0,0,0,,5,0.83,27,0,3,14,10.2,1,1,0,100.0,712,2924,21,65.2,
50,バムルンスックハッタヤ,トヨタ車体クインシーズ,1,120,23,100,42,2,42.0,1.83,0,0,0,,15,0.65,67,3,6,23,10.8,5,5,0,100.0,2273,4564,60,40.0,
51,バムルンスックハッタヤ,トヨタ車体クインシーズ,10,40,8,21,11,1,52.4,1.38,0,0,0,,1,0.12,21,1,2,3,6.0,1,1,0,100.0,598,2702,13,47.6,
52,バムルンスックハッタヤ,トヨタ車体クインシーズ,11,160,32,108,44,5,40.7,1.38,0,0,0,,21,0.66,82,1,5,28,8.2,7,4,3,78.6,2603,6061,66,36.1,
53,バムルンスックハッタヤ,トヨタ車体クインシーズ,12,40,9,39,18,0,46.2,2.0,0,0,0,,11,1.22,27,0,4,11,6.5,1,1,0,100.0,704,1376,29,46.2,
54,バルデスメリーサ,PFUブルーキャッツ,1,138,19,241,103,12,42.7,5.42,64,26,6,40.6,10,0.53,89,4,13,18,5.9,2,1,1,75.0,2269,5569,117,37.8,31.2
55,バルデスメリーサ,PFUブルーキャッツ,10,46,10,97,36,7,37.1,3.6,22,6,4,27.3,4,0.4,34,1,5,9,5.9,0,0,0,,592,1280,41,29.9,9.1
56,バルデスメリーサ,PFUブルーキャッツ,11,184,29,294,102,20,34.7,3.52,65,17,7,26.2,4,0.14,89,7,15,14,7.6,5,1,2,40.0,2601,5417,113,27.9,15.4
57,バルデスメリーサ,PFUブルーキャッツ,12,23,3,21,8,1,38.1,2.67,5,3,0,60.0,0,0.0,5,0,2,1,-5.0,1,1,0,100.0,351,670,8,33.3,60.0
58,ファンヘッケリセ,久光スプリングス,1,42,23,235,95,14,40.4,4.13,35,12,3,34.3,12,0.52,74,1,16,12,0.0,0,0,0,,2285,8907,108,34.5,25.7
59,ファンヘッケリセ,久光スプリングス,10,14,8,69,36,5,52.2,4.5,18,8,1,44.4,4,0.5,28,0,4,11,6.2,0,0,0,,598,2702,40,44.9,38.9
60,ファンヘッケリセ,久光スプリングス,11,56,31,290,132,19,45.5,4.26,59,27,4,45.8,10,0.32,85,3,22,10,0.0,0,0,0,,2611,9579,145,39.0,39.0
61,ファンヘッケリセ,久光スプリングス,12,14,7,64,34,3,53.1,4.86,21,13,2,61.9,4,0.57,15,1,5,6,8.3,0,0,0,,708,1455,39,48.4,52.4
62,プラクセレステ,ヴィクトリーナ姫路,1,16,13,161,62,5,38.5,4.77,31,11,2,35.5,5,0.38,52,3,5,14,10.1,3,1,1,50.0,1487,3194,70,35.4,29.0
63,プラクセレステ,ヴィクトリーナ姫路,10,8,8,90,35,6,38.9,4.38,11,5,1,45.5,4,0.5,24,0,2,8,6.2,0,0,0,,596,2170,39,32.2,36.4
64,プラクセレステ,ヴィクトリーナ姫路,11,32,32,366,142,21,38.8,4.44,50,12,4,24.0,8,0.25,113,3,8,47,11.3,30,12,6,50.0,2595,9007,153,33.1,16.0
65,プラクセレステ,ヴィクトリーナ姫路,12,8,6,85,33,4,38.8,5.5,8,3,0,37.5,1,0.17,16,1,1,8,17.2,1,1,0,100.0,712,2924,35,34.1,37.5
66,ロウカースタ,JTマーヴェラス,1,150,25,260,114,14,43.8,4.56,61,28,6,45.9,5,0.2,40,2,2,11,10.6,0,0,0,,2261,11438,121,38.5,36.1
67,ロウカースタ,JTマーヴェラス,10,50,7,59,25,3,42.4,3.57,14,2,0,14.3,2,0.29,9,0,0,2,5.6,0,0,0,,594,1999,27,37.3,14.3
68,ロウカースタ,JTマーヴェラス,11,200,26,238,100,20,42.0,3.85,47,17,7,36.2,7,0.27,49,4,2,17,15.8,0,0,0,,2613,6307,111,33.6,21.3
69,ロウカースタ,JTマーヴェラス,12,50,6,25,16,0,64.0,2.67,0,0,0,,0,0.0,0,0,0,0,,0,0,0,,712,2924,16,64.0,
70,ロゾサラ,埼玉上尾メディックス,1,96,15,163,48,14,29.4,3.2,35,10,4,28.6,7,0.47,58,1,2,20,9.5,48,12,17,42.7,1543,3586,56,20.9,17.1
71,ロゾサラ,埼玉上尾メディックス,10,48,0,0,0,0,,,0,0,0,,0,,0,0,0,0,,0,0,0,,590,6432,0,,
72,ロゾサラ,埼玉上尾メディックス,11,192,15,148,50,12,33.8,3.33,32,10,1,31.2,5,0.33,50,2,4,14,9.0,33,14,5,50.0,2599,4939,57,25.7,28.1
73,ロゾサラ,埼玉上尾メディックス,12,48,2,15,2,3,13.3,1.0,3,0,2,0.0,1,0.5,3,0,2,0,-16.7,7,1,3,35.7,710,1600,3,-6.7,-66.7
74,万代真奈美,久光スプリングス,11,9,1,0,0,0,,0.0,0,0,0,,0,0.0,0,0,0,0,,0,0,0,,332,912,0,,
75,上坂瑠子,日立Astemoリヴァーレ,1,6,17,128,54,8,42.2,3.18,9,0,0,0.0,0,0.0,64,1,2,24,10.2,85,36,25,57.1,2269,6780,55,35.9,0.0
76,上坂瑠子,日立Astemoリヴァーレ,10,2,7,50,19,1,38.0,2.71,9,4,0,44.4,1,0.14,27,2,3,6,10.2,33,13,5,47.0,588,1782,22,36.0,44.4
77,上坂瑠子,日立Astemoリヴァーレ,11,8,26,212,74,14,34.9,2.85,25,8,2,32.0,7,0.27,121,2,14,31,5.2,193,106,37,64.5,2603,8743,83,28.3,24.0
78,上坂瑠子,日立Astemoリヴァーレ,12,2,7,61,24,6,39.3,3.43,1,0,0,0.0,2,0.29,41,2,0,14,13.4,44,23,16,70.5,706,1052,28,29.5,0.0
79,上野香織,NECレッドロケッツ,1,36,23,79,43,3,54.4,1.87,0,0,0,,3,0.13,94,5,4,23,10.4,10,4,5,65.0,2265,10393,51,50.6,
80,上野香織,NECレッドロケッツ,10,12,6,37,13,3,35.1,2.17,0,0,0,,1,0.17,22,1,4,6,6.8,10,4,3,55.0,590,6432,15,27.0,
81,上野香織,NECレッドロケッツ,11,36,19,69,32,6,46.4,1.68,0,0,0,,11,0.58,72,1,5,24,8.0,5,0,3,30.0,1952,10616,44,37.7,
82,上野香織,NECレッドロケッツ,12,12,8,28,13,1,46.4,1.62,0,0,0,,2,0.25,43,1,5,13,7.0,1,1,0,100.0,714,3183,16,42.9,
83,中元南,デンソーエアリービーズ,1,36,23,248,100,15,40.3,4.35,24,6,2,25.0,4,0.17,108,3,6,23,6.7,176,109,38,72.7,2267,6652,107,34.3,16.7
84,中元南,デンソーエアリービーズ,10,12,8,76,23,9,30.3,2.88,20,3,4,15.0,0,0.0,31,1,4,6,4.8,54,27,15,63.9,594,1999,24,18.4,-5.0
85,中元南,デンソーエアリービーズ,11,48,30,355,119,22,33.5,3.97,48,16,1,33.3,7,0.23,124,3,9,31,6.9,225,110,49,59.8,2593,9652,129,27.3,31.2
86,中元南,デンソーエアリービーズ,12,12,0,0,0,0,,,0,0,0,,0,,0,0,0,0,,0,0,0,,704,1376,0,,
87,中山夏菜子,KUROBEアクアフェアリーズ,1,80,0,0,0,0,,,0,0,0,,0,,0,0,0,0,,0,0,0,,1539,2717,0,,
88,中山夏菜子,KUROBEアクアフェアリーズ,10,40,0,0,0,0,,,0,0,0,,0,,0,0,0,0,,0,0,0,,588,1782,0,,
89,中山夏菜子,KUROBEアクアフェアリーズ,11,80,0,0,0,0,,,0,0,0,,0,,0,0,0,0,,0,0,0,,1249,2701,0,,
90,中島咲愛,久光スプリングス,1,126,13,135,50,6,37.0,3.85,9,1,0,11.1,2,0.15,52,2,3,8,6.2,87,38,26,58.6,2285,8907,54,32.6,11.1
91,中島咲愛,久光スプリングス,11,168,27,283,99,8,35.0,3.67,10,2,2,20.0,3,0.11,98,3,10,17,4.8,204,92,38,54.4,2611,9579,105,32.2,0.0
92,中島咲愛,久光スプリングス,12,42,7,87,35,6,40.2,5.0,5,3,0,60.0,2,0.29,26,0,3,7,3.8,37,11,12,45.9,708,1455,37,33.3,60.0
93,中島未来,東レアローズ,1,18,23,0,0,0,,0.0,0,0,0,,0,0.0,0,0,0,0,,0,0,0,,2275,7610,0,,
94,中島未来,東レアローズ,10,6,4,0,0,0,,0.0,0,0,0,,0,0.0,0,0,0,0,,19,10,1,55.3,592,1280,0,,
95,中島未来,東レアローズ,11,24,33,0,0,0,,0.0,0,0,0,,0,0.0,0,0,0,0,,1,0,0,0.0,2605,10497,0,,
96,中島未来,東レアローズ,12,6,9,0,0,0,,0.0,0,0,0,,0,0.0,0,0,0,0,,0,0,0,,710,1600,0,,
97,中川つかさ,NECレッドロケッツ,1,44,0,0,0,0,,,0,0,0,,0,,0,0,0,0,,0,0,0,,780,3494,0,,
98,中川美柚,久光スプリングス,1,18,12,52,20,4,38.5,1.67,2,0,1,0.0,2,0.17,27,0,3,5,1.9,67,37,13,64.9,2285,8907,22,30.8,-50.0
99,中川美柚,久光スプリングス,10,6,6,5,1,0,20.0,0.17,0,0,0,,0,0.0,18,1,0,10,19.4,9,2,3,38.9,598,2702,2,20.0,
100,中川美柚,久光スプリングス,11,24,20,4,0,0,0.0,0.0,0,0,0,,0,0.0,27,0,2,10,7.4,5,3,0,60.0,2611,9579,0,0.0,
101,中川美柚,久光スプリングス,12,6,1,0,0,0,,0.0,0,0,0,,0,0.0,1,0,0,0,0.0,0,0,0,,708,1455,0,,
102,中本柚朱,岡山シーガルズ,1,132,15,122,43,5,35.2,2.87,2,1,0,50.0,1,0.07,48,2,2,11,8.9,83,34,18,51.8,1545,3804,46,31.1,50.0
103,中本柚朱,岡山シーガルズ,11,132,10,54,18,1,33.3,1.8,1,0,0,0.0,2,0.2,20,0,1,7,7.5,34,17,9,63.2,1352,3520,20,31.5,0.0
104,中村安里,KUROBEアクアフェアリーズ,10,14,8,23,12,0,52.2,1.5,0,0,0,,4,0.5,22,0,1,6,5.7,3,1,2,66.7,588,1782,16,52.2,
105,中村安里,KUROBEアクアフェアリーズ,11,56,26,97,36,2,37.1,1.38,0,0,0,,2,0.08,60,2,8,11,4.6,2,0,0,0.0,2597,5613,40,35.1,
106,中村安里,KUROBEアクアフェアリーズ,12,14,8,30,12,3,40.0,1.5,0,0,0,,1,0.12,17,0,3,4,1.5,2,0,2,50.0,714,3183,13,30.0,
107,中田紫乃,東レアローズ,1,12,2,0,0,0,,0.0,0,0,0,,0,0.0,2,0,0,1,12.5,0,0,0,,2275,7610,0,,
108,中田紫乃,東レアローズ,10,4,8,3,1,1,33.3,0.12,0,0,0,,0,0.0,12,0,3,0,-6.2,1,1,0,100.0,592,1280,1,0.0,
109,中田紫乃,東レアローズ,11,16,20,21,8,2,38.1,0.4,0,0,0,,0,0.0,20,0,0,4,5.0,27,13,11,68.5,2605,10497,8,28.6,
110,中田紫乃,東レアローズ,12,4,9,10,4,0,40.0,0.44,0,0,0,,0,0.0,17,1,1,5,11.8,29,13,11,63.8,710,1600,5,40.0,
111,井上奈々朱,東レアローズ,1,1,4,11,9,0,81.8,2.25,0,0,0,,0,0.0,5,0,1,0,-5.0,1,0,0,0.0,393,1739,9,81.8,
112,井上奈々朱,東レアローズ,10,2,0,0,0,0,,,0,0,0,,0,,0,0,0,0,,0,0,0,,592,1280,0,,
113,井上奈々朱,東レアローズ,11,7,9,20,14,0,70.0,1.56,0,0,0,,1,0.11,10,0,4,2,-5.0,0,0,0,,2298,9166,15,70.0,
114,井上奈々朱,東レアローズ,12,2,6,11,5,0,45.5,0.83,0,0,0,,0,0.0,13,0,2,0,-3.8,1,0,1,50.0,710,1600,5,45.5,
115,井上琴絵,NECレッドロケッツ,1,120,2,0,0,0,,0.0,0,0,0,,0,0.0,0,0,0,0,,3,1,1,50.0,2265,10393,0,,
116,井上琴絵,NECレッドロケッツ,10,40,3,0,0,0,,0.0,0,0,0,,0,0.0,0,0,0,0,,7,3,1,50.0,590,6432,0,,
117,井上琴絵,NECレッドロケッツ,11,120,0,0,0,0,,,0,0,0,,0,,0,0,0,0,,0,0,0,,1952,10616,0,,
118,井上琴絵,NECレッドロケッツ,12,40,0,0,0,0,,,0,0,0,,0,,0,0,0,0,,0,0,0,,714,3183,0,,
119,井上美咲,久光スプリングス,1,12,4,0,0,0,,0.0,0,0,0,,0,0.0,4,0,0,0,0.0,0,0,0,,2285,8907,0,,
120,井上美咲,久光スプリングス,10,4,0,0,0,0,,,0,0,0,,0,,0,0,0,0,,0,0,0,,598,2702,0,,
121,井上美咲,久光スプリングス,11,14,13,4,1,0,25.0,0.08,0,0,0,,3,0.23,26,0,1,8,6.7,0,0,0,,2279,8667,4,25.0,
122,井上美咲,久光スプリングス,12,4,6,0,0,0,,0.0,0,0,0,,1,0.17,10,0,1,4,7.5,0,0,0,,708,1455,1,,
123,仁井田桃子,埼玉上尾メディックス,1,76,15,24,10,1,41.7,0.67,0,0,0,,0,0.0,0,0,0,0,,12,7,1,62.5,1543,3586,10,37.5,
124,仁井田桃子,埼玉上尾メディックス,10,38,6,42,17,5,40.5,2.83,1,0,0,0.0,3,0.5,27,1,3,9,9.3,32,6,9,32.8,590,6432,21,28.6,0.0
125,仁井田桃子,埼玉上尾メディックス,11,152,27,167,75,9,44.9,2.78,1,1,0,100.0,10,0.37,113,2,9,28,6.0,154,74,35,59.4,2599,4939,87,39.5,100.0
126,仁井田桃子,埼玉上尾メディックス,12,38,8,45,23,3,51.1,2.88,0,0,0,,3,0.38,30,1,0,6,8.3,40,18,15,63.8,710,1600,27,44.4,
127,今村優香,久光スプリングス,10,24,4,32,10,4,31.2,2.5,3,0,1,0.0,1,0.25,10,0,2,4,5.0,14,8,2,64.3,598,2702,11,18.8,-33.3
128,今村優香,久光スプリングス,11,48,0,0,0,0,,,0,0,0,,0,,0,0,0,0,,0,0,0,,1301,4612,0,,
129,今村優香,久光スプリングス,12,24,2,11,1,2,9.1,0.5,0,0,0,,0,0.0,3,0,1,1,0.0,12,1,6,33.3,708,1455,1,-9.1,
130,付欣田,岡山シーガルズ,1,144,19,89,33,2,37.1,1.74,0,0,0,,15,0.79,42,2,5,9,7.1,7,5,1,78.6,2277,6101,50,34.8,
131,付欣田,岡山シーガルズ,10,24,3,3,1,0,33.3,0.33,0,0,0,,2,0.67,4,0,0,1,6.2,1,1,0,100.0,301,970,3,33.3,
132,付欣田,岡山シーガルズ,11,144,24,119,55,2,46.2,2.29,0,0,0,,17,0.71,66,1,4,11,4.2,9,3,2,44.4,1974,6287,73,44.5,
133,付欣田,岡山シーガルズ,12,48,7,22,8,2,36.4,1.14,0,0,0,,2,0.29,24,0,0,6,6.2,1,1,0,100.0,706,1052,10,27.3,
134,伊藤麻緒,ヴィクトリーナ姫路,1,75,6,9,2,1,22.2,0.33,0,0,0,,2,0.33,15,2,0,3,18.3,0,0,0,,1105,2019,6,11.1,
135,佐々木千紘,ヴィクトリーナ姫路,1,84,18,51,28,3,54.9,1.56,0,0,0,,10,0.56,43,2,5,9,7.0,1,0,0,0.0,2269,5357,40,49.0,
136,佐々木千紘,ヴィクトリーナ姫路,10,28,8,42,19,1,45.2,2.38,0,0,0,,3,0.38,38,4,9,13,13.2,1,0,1,50.0,596,2170,26,42.9,
137,佐々木千紘,ヴィクトリーナ姫路,11,112,32,94,44,5,46.8,1.38,0,0,0,,16,0.5,90,2,19,16,1.4,5,2,1,50.0,2595,9007,62,41.5,
138,佐々木千紘,ヴィクトリーナ姫路,12,28,6,15,6,1,40.0,1.0,0,0,0,,3,0.5,20,0,0,4,5.0,0,0,0,,712,2924,9,33.3,
139,佐々木海空,埼玉上尾メディックス,1,64,0,0,0,0,,,0,0,0,,0,,0,0,0,0,,0,0,0,,1543,3586,0,,
140,佐々木海空,埼玉上尾メディックス,10,32,0,0,0,0,,,0,0,0,,0,,0,0,0,0,,0,0,0,,590,6432,0,,
141,佐々木海空,埼玉上尾メディックス,11,112,2,0,0,0,,0.0,0,0,0,,0,0.0,3,0,2,0,-16.7,0,0,0,,2255,4339,0,,
142,佐伯亜魅加,岡山シーガルズ,1,12,25,268,90,14,33.6,3.6,6,1,1,16.7,6,0.24,69,2,8,12,4.3,117,36,31,44.0,2277,6101,98,28.4,0.0
143,佐伯亜魅加,岡山シーガルズ,10,4,8,90,36,7,40.0,4.5,1,0,1,0.0,2,0.25,23,0,1,2,1.1,40,14,11,48.8,596,2170,38,32.2,-100.0
144,佐伯亜魅加,岡山シーガルズ,11,12,24,251,88,16,35.1,3.67,7,1,1,14.3,8,0.33,75,0,6,12,2.0,117,44,25,48.3,1974,6287,96,28.7,0.0
145,佐伯亜魅加,岡山シーガルズ,12,4,5,44,23,1,52.3,4.6,0,0,0,,0,0.0,16,0,2,2,0.0,41,12,6,36.6,706,1052,23,50.0,
146,佐藤優花,埼玉上尾メディックス,1,40,15,167,53,5,31.7,3.53,12,3,2,25.0,3,0.2,56,0,4,5,0.4,30,13,6,53.3,1543,3586,56,28.7,8.3
147,佐藤優花,埼玉上尾メディックス,10,20,6,67,29,3,43.3,4.83,9,4,1,44.4,1,0.17,20,1,1,7,12.5,10,5,3,65.0,590,6432,31,38.8,33.3
148,佐藤優花,埼玉上尾メディックス,11,80,26,269,101,10,37.5,3.88,37,13,1,35.1,4,0.15,89,1,3,21,6.2,40,21,5,58.8,2599,4939,106,33.8,32.4
149,佐藤優花,埼玉上尾メディックス,12,20,9,96,33,3,34.4,3.67,12,5,1,41.7,5,0.56,38,1,2,6,5.3,26,8,7,44.2,710,1600,39,31.2,33.3
150,佐藤吉野,デンソーエアリービーズ,1,48,4,1,1,0,100.0,0.25,0,0,0,,0,0.0,0,0,0,0,,8,5,2,75.0,2267,6652,1,100.0,
151,佐藤吉野,デンソーエアリービーズ,10,16,2,0,0,0,,0.0,0,0,0,,0,0.0,0,0,0,0,,0,0,0,,594,1999,0,,
152,佐藤吉野,デンソーエアリービーズ,11,64,15,60,18,4,30.0,1.2,6,2,1,33.3,0,0.0,33,0,2,8,4.5,72,39,14,63.9,2593,9652,18,23.3,16.7
153,佐藤吉野,デンソーエアリービーズ,12,16,9,66,16,8,24.2,1.78,6,2,1,33.3,1,0.11,33,0,2,10,6.1,74,28,23,53.4,704,1376,17,12.1,16.7
154,佐藤彩乃,KUROBEアクアフェアリーズ,1,68,1,0,0,0,,0.0,0,0,0,,0,0.0,3,0,1,1,0.0,0,0,0,,1539,2717,0,,
155,佐藤彩乃,KUROBEアクアフェアリーズ,10,34,3,0,0,0,,0.0,0,0,0,,0,0.0,5,0,0,0,0.0,0,0,0,,588,1782,0,,
156,佐藤彩乃,KUROBEアクアフェアリーズ,11,102,4,0,0,0,,0.0,0,0,0,,0,0.0,12,1,0,2,12.5,0,0,0,,1939,3891,1,,
157,佐藤彩乃,KUROBEアクアフェアリーズ,12,34,1,0,0,0,,0.0,0,0,0,,0,0.0,1,0,0,0,0.0,0,0,0,,714,3183,0,,
158,佐藤黎香,KUROBEアクアフェアリーズ,1,36,0,0,0,0,,,0,0,0,,0,,0,0,0,0,,0,0,0,,755,1418,0,,
159,倉田朱里,日立Astemoリヴァーレ,1,38,2,0,0,0,,0.0,0,0,0,,0,0.0,4,0,0,1,6.2,0,0,0,,778,2879,0,,
160,入澤まい,日立Astemoリヴァーレ,1,84,22,80,40,4,50.0,1.82,0,0,0,,12,0.55,74,5,10,25,11.8,4,2,1,62.5,2269,6780,57,45.0,
161,入澤まい,日立Astemoリヴァーレ,10,28,8,28,11,1,39.3,1.38,0,0,0,,2,0.25,31,2,3,13,14.5,0,0,0,,588,1782,15,35.7,
162,入澤まい,日立Astemoリヴァーレ,11,112,28,95,45,4,47.4,1.61,0,0,0,,14,0.5,104,6,13,33,10.6,3,1,2,66.7,2603,8743,65,43.2,
163,入澤まい,日立Astemoリヴァーレ,12,28,7,27,9,1,33.3,1.29,0,0,0,,4,0.57,19,0,5,9,5.3,0,0,0,,706,1052,13,29.6,
164,兵頭由希,デンソーエアリービーズ,1,144,23,223,76,8,34.1,3.3,6,0,1,0.0,3,0.13,100,3,4,20,7.0,114,50,35,59.2,2267,6652,82,30.5,-16.7
165,兵頭由希,デンソーエアリービーズ,10,48,8,59,19,2,32.2,2.38,8,1,1,12.5,0,0.0,24,1,2,5,7.3,79,24,23,44.9,594,1999,20,28.8,0.0
166,兵頭由希,デンソーエアリービーズ,11,192,24,177,58,8,32.8,2.42,12,2,2,16.7,2,0.08,79,1,2,19,6.6,210,77,49,48.3,2593,9652,61,28.2,0.0
167,兵頭由希,デンソーエアリービーズ,12,48,9,64,20,2,31.2,2.22,4,0,0,0.0,1,0.11,32,2,1,11,14.1,63,21,12,42.9,704,1376,23,28.1,0.0
168,内瀬戸真実,埼玉上尾メディックス,1,36,15,105,37,2,35.2,2.47,0,0,0,,0,0.0,64,2,6,14,6.2,74,44,20,73.0,1543,3586,39,33.3,
169,内瀬戸真実,埼玉上尾メディックス,11,18,7,16,6,1,37.5,0.86,0,0,0,,0,0.0,13,0,1,4,5.8,16,9,3,65.6,682,1200,6,31.2,
170,内瀬戸真実,埼玉上尾メディックス,12,18,8,8,1,0,12.5,0.12,0,0,0,,0,0.0,11,0,3,1,-4.5,9,4,2,55.6,710,1600,1,12.5,
171,前田明里,岡山シーガルズ,1,69,8,0,0,0,,0.0,0,0,0,,0,0.0,0,0,0,0,,2,0,0,0.0,1115,3597,0,,
172,加地春花,トヨタ車体クインシーズ,1,72,4,0,0,0,,0.0,0,0,0,,0,0.0,4,0,2,0,-12.5,0,0,0,,2273,4564,0,,
173,加地春花,トヨタ車体クインシーズ,10,24,0,0,0,0,,,0,0,0,,0,,0,0,0,0,,0,0,0,,598,2702,0,,
174,加地春花,トヨタ車体クインシーズ,11,96,7,3,2,0,66.7,0.29,0,0,0,,1,0.14,17,0,2,3,1.5,0,0,0,,2603,6061,3,66.7,
175,加地春花,トヨタ車体クインシーズ,12,24,1,1,0,0,0.0,0.0,0,0,0,,1,1.0,1,0,0,1,25.0,0,0,0,,704,1376,1,0.0,
176,及川真夢,岡山シーガルズ,1,40,13,24,10,2,41.7,0.77,0,0,0,,2,0.15,19,1,1,3,7.9,3,0,3,50.0,1882,5471,13,33.3,
177,及川真夢,岡山シーガルズ,10,16,4,10,2,0,20.0,0.5,0,0,0,,0,0.0,9,1,0,4,22.2,2,1,0,50.0,596,2170,3,20.0,
178,及川真夢,岡山シーガルズ,11,40,10,44,13,1,29.5,1.3,0,0,0,,3,0.3,10,0,0,3,7.5,9,8,0,88.9,1628,5287,16,27.3,
179,及川真夢,岡山シーガルズ,12,16,3,12,2,0,16.7,0.67,0,0,0,,2,0.67,7,0,0,1,3.6,3,0,2,33.3,706,1052,4,16.7,
180,古市梨乃,ヴィクトリーナ姫路,1,108,20,147,61,9,41.5,3.05,1,0,1,0.0,3,0.15,56,2,4,14,8.0,121,58,25,58.3,2269,5357,66,35.4,-100.0
181,古市梨乃,ヴィクトリーナ姫路,10,36,2,2,0,0,0.0,0.0,0,0,0,,0,0.0,0,0,0,0,,0,0,0,,596,2170,0,0.0,
182,古市梨乃,ヴィクトリーナ姫路,11,144,10,77,31,3,40.3,3.1,0,0,0,,1,0.1,17,0,10,3,-10.3,43,19,10,55.8,2595,9007,32,36.4,
183,古市梨乃,ヴィクトリーナ姫路,12,36,4,31,9,3,29.0,2.25,3,0,1,0.0,1,0.25,9,1,3,2,8.3,16,5,2,37.5,712,2924,11,19.4,-33.3
184,古谷ちなみ,NECレッドロケッツ,1,66,27,291,113,19,38.8,4.19,37,12,1,32.4,4,0.15,105,3,15,14,2.6,193,68,57,50.0,2265,10393,120,32.3,29.7
185,古谷ちなみ,NECレッドロケッツ,10,22,5,46,14,5,30.4,2.8,9,4,1,44.4,0,0.0,10,0,2,2,0.0,31,6,7,30.6,590,6432,14,19.6,33.3
186,古谷ちなみ,NECレッドロケッツ,11,66,19,218,81,11,37.2,4.26,27,7,3,25.9,4,0.21,88,6,7,12,8.2,140,40,46,45.0,1952,10616,91,32.1,14.8
187,古谷ちなみ,NECレッドロケッツ,12,22,7,57,18,3,31.6,2.57,7,3,1,42.9,1,0.14,21,0,4,4,0.0,42,15,11,48.8,714,3183,19,26.3,28.6
188,古賀紗理那,NECレッドロケッツ,1,12,27,274,94,11,34.3,3.48,29,3,4,10.3,12,0.44,103,11,11,26,14.3,182,94,37,61.8,2265,10393,117,30.3,-3.4
189,古賀紗理那,NECレッドロケッツ,10,4,2,27,10,1,37.0,5.0,6,4,1,66.7,0,0.0,6,0,0,4,16.7,17,6,4,47.1,590,6432,10,33.3,50.0
190,古賀紗理那,NECレッドロケッツ,11,12,19,209,97,8,46.4,5.11,42,18,2,42.9,15,0.79,83,4,8,37,13.6,113,44,43,58.0,1952,10616,116,42.6,38.1
191,古賀紗理那,NECレッドロケッツ,12,4,8,90,39,4,43.3,4.88,15,7,1,46.7,4,0.5,38,2,3,20,16.4,61,22,17,50.0,714,3183,45,38.9,40.0
192,吉崎ひな,ヴィクトリーナ姫路,1,40,2,0,0,0,,0.0,0,0,0,,0,0.0,2,0,0,1,12.5,0,0,0,,759,1974,0,,
193,吉崎ひな,ヴィクトリーナ姫路,11,40,0,0,0,0,,,0,0,0,,0,,0,0,0,0,,0,0,0,,654,1400,0,,
194,吉崎ひな,ヴィクトリーナ姫路,12,20,0,0,0,0,,,0,0,0,,0,,0,0,0,0,,0,0,0,,359,1468,0,,
195,吉武美佳,久光スプリングス,11,92,5,6,1,1,16.7,0.2,0,0,0,,0,0.0,2,0,0,1,12.5,0,0,0,,1331,5090,1,0.0,
196,吉武美佳,久光スプリングス,12,46,0,0,0,0,,,0,0,0,,0,,0,0,0,0,,0,0,0,,708,1455,0,,
197,吉永有希,トヨタ車体クインシーズ,1,132,9,0,0,0,,0.0,0,0,0,,0,0.0,11,1,3,1,4.5,0,0,0,,2273,4564,1,,
198,吉田あゆみ,NECレッドロケッツ,1,60,0,0,0,0,,,0,0,0,,0,,0,0,0,0,,0,0,0,,1485,6899,0,,
199,吉田あゆみ,NECレッドロケッツ,10,30,4,42,16,3,38.1,4.0,3,1,0,33.3,0,0.0,13,0,3,4,1.9,33,9,11,43.9,590,6432,16,31.0,33.3
200,吉田あゆみ,NECレッドロケッツ,11,90,0,0,0,0,,,0,0,0,,0,,0,0,0,0,,0,0,0,,1952,10616,0,,
201,吉田眞奈,ヴィクトリーナ姫路,1,156,8,0,0,0,,0.0,0,0,0,,0,0.0,4,0,1,0,-6.2,6,2,2,50.0,2269,5357,0,,
202,吉田美海,デンソーエアリービーズ,1,30,3,0,0,0,,0.0,0,0,0,,0,0.0,2,0,1,0,-12.5,0,0,0,,2267,6652,0,,
203,吉田美海,デンソーエアリービーズ,10,10,3,2,0,0,0.0,0.0,0,0,0,,0,0.0,2,0,0,0,0.0,0,0,0,,594,1999,0,0.0,
204,吉田美海,デンソーエアリービーズ,11,40,7,4,0,0,0.0,0.0,0,0,0,,0,0.0,3,0,1,0,-8.3,0,0,0,,2593,9652,0,0.0,
205,吉田美海,デンソーエアリービーズ,12,10,0,0,0,0,,,0,0,0,,0,,0,0,0,0,,0,0,0,,704,1376,0,,
206,吉野優理,埼玉上尾メディックス,1,24,0,0,0,0,,,0,0,0,,0,,0,0,0,0,,0,0,0,,1147,2280,0,,
207,吉野優理,埼玉上尾メディックス,10,16,6,3,2,0,66.7,0.33,0,0,0,,0,0.0,0,0,0,0,,7,2,4,57.1,590,6432,2,66.7,
208,吉野優理,埼玉上尾メディックス,11,64,26,19,4,0,21.1,0.15,0,0,0,,0,0.0,2,0,1,0,-12.5,28,18,6,75.0,2599,4939,4,21.1,
209,吉野優理,埼玉上尾メディックス,12,16,6,3,1,0,33.3,0.17,0,0,0,,0,0.0,0,0,0,0,,12,6,3,62.5,710,1600,1,33.3,
210,周田夏紀,トヨタ車体クインシーズ,1,30,23,51,22,0,43.1,0.96,0,0,0,,3,0.13,90,4,5,14,6.9,8,5,1,68.8,2273,4564,29,43.1,
211,周田夏紀,トヨタ車体クインシーズ,10,10,8,25,14,2,56.0,1.75,0,0,0,,1,0.12,29,2,2,8,12.1,6,4,2,83.3,598,2702,17,48.0,
212,周田夏紀,トヨタ車体クインシーズ,11,40,30,71,21,6,29.6,0.7,0,0,0,,12,0.4,118,5,8,28,8.5,7,2,1,35.7,2603,6061,38,21.1,
213,周田夏紀,トヨタ車体クインシーズ,12,10,9,19,8,1,42.1,0.89,0,0,0,,0,0.0,35,3,2,10,14.3,0,0,0,,704,1376,11,36.8,
214,和田由紀子,JTマーヴェラス,1,30,26,130,51,6,39.2,1.96,10,2,0,20.0,2,0.08,14,1,2,7,16.1,4,1,3,62.5,2261,11438,54,34.6,20.0
215,和田由紀子,JTマーヴェラス,10,10,7,40,21,1,52.5,3.0,3,0,0,0.0,0,0.0,7,0,0,1,3.6,0,0,0,,594,1999,21,50.0,0.0
216,和田由紀子,JTマーヴェラス,11,40,29,169,71,10,42.0,2.45,29,16,4,55.2,6,0.21,34,0,5,6,0.7,1,0,1,50.0,2613,6307,77,36.1,41.4
217,和田由紀子,JTマーヴェラス,12,10,6,49,28,1,57.1,4.67,7,5,1,71.4,4,0.67,18,3,2,8,25.0,0,0,0,,712,2924,35,55.1,57.1
218,坂本侑,東レアローズ,1,39,1,0,0,0,,0.0,0,0,0,,0,0.0,1,0,0,0,0.0,0,0,0,,1129,3787,0,,
219,坊野明里,ヴィクトリーナ姫路,1,138,11,1,0,0,0.0,0.0,0,0,0,,0,0.0,8,0,1,0,-3.1,0,0,0,,2269,5357,0,0.0,
220,坊野明里,ヴィクトリーナ姫路,10,46,2,0,0,0,,0.0,0,0,0,,0,0.0,0,0,0,0,,0,0,0,,596,2170,0,,
221,坊野明里,ヴィクトリーナ姫路,11,184,13,0,0,0,,0.0,0,0,0,,3,0.23,24,0,2,2,0.0,0,0,0,,2595,9007,3,,
222,坊野明里,ヴィクトリーナ姫路,12,46,5,2,1,0,50.0,0.2,0,0,0,,0,0.0,19,0,2,3,1.3,0,0,0,,712,2924,1,50.0,
223,城戸うらん,岡山シーガルズ,1,68,11,4,1,0,25.0,0.09,0,0,0,,0,0.0,11,0,3,2,-2.3,10,1,3,25.0,1505,4132,1,25.0,
224,城戸うらん,岡山シーガルズ,10,17,2,0,0,0,,0.0,0,0,0,,0,0.0,2,0,0,1,12.5,4,0,1,12.5,295,1200,0,,
225,堀口あやか,PFUブルーキャッツ,1,66,17,28,9,2,32.1,0.53,0,0,0,,3,0.18,26,1,4,3,2.9,18,8,6,61.1,2269,5569,13,25.0,
226,堀口あやか,PFUブルーキャッツ,10,11,0,0,0,0,,,0,0,0,,0,,0,0,0,0,,0,0,0,,299,570,0,,
227,堀口あやか,PFUブルーキャッツ,11,44,5,2,1,0,50.0,0.2,1,0,0,0.0,0,0.0,5,0,2,2,0.0,3,2,0,66.7,1289,2652,1,50.0,0.0
228,堀口あやか,PFUブルーキャッツ,12,22,3,11,3,0,27.3,1.0,0,0,0,,0,0.0,3,0,0,1,8.3,0,0,0,,708,1455,3,27.3,
229,堀込奈央,ヴィクトリーナ姫路,1,35,8,0,0,0,,0.0,0,0,0,,0,0.0,9,0,1,0,-2.8,1,1,0,100.0,1892,4558,0,,
230,堀込奈央,ヴィクトリーナ姫路,11,14,6,0,0,0,,0.0,0,0,0,,0,0.0,11,1,0,1,11.4,0,0,0,,675,2367,1,,
231,堀込奈央,ヴィクトリーナ姫路,12,14,5,0,0,0,,0.0,0,0,0,,0,0.0,6,0,0,2,8.3,0,0,0,,712,2924,0,,
232,塚田しおり,NECレッドロケッツ,1,18,27,17,8,1,47.1,0.3,0,0,0,,4,0.15,92,0,1,26,6.8,0,0,0,,2265,10393,12,41.2,
233,塚田しおり,NECレッドロケッツ,10,6,3,1,1,0,100.0,0.33,0,0,0,,0,0.0,3,0,0,2,16.7,0,0,0,,590,6432,1,100.0,
234,塚田しおり,NECレッドロケッツ,11,18,19,4,3,0,75.0,0.16,0,0,0,,2,0.11,66,4,4,18,11.4,2,0,0,0.0,1952,10616,9,75.0,
235,塚田しおり,NECレッドロケッツ,12,6,8,2,2,0,100.0,0.25,0,0,0,,1,0.12,26,1,2,10,11.5,0,0,0,,714,3183,4,100.0,
236,塩出仁美,JTマーヴェラス,1,18,9,0,0,0,,0.0,0,0,0,,0,0.0,11,0,1,0,-2.3,0,0,0,,2261,11438,0,,
237,塩出仁美,JTマーヴェラス,10,6,6,2,2,0,100.0,0.33,0,0,0,,0,0.0,20,1,0,6,12.5,0,0,0,,594,1999,3,100.0,
238,塩出仁美,JTマーヴェラス,11,24,18,0,0,0,,0.0,0,0,0,,0,0.0,43,1,0,8,7.0,0,0,0,,2613,6307,1,,
239,塩出仁美,JTマーヴェラス,12,6,5,0,0,0,,0.0,0,0,0,,0,0.0,7,0,0,0,0.0,0,0,0,,712,2924,0,,
240,境紗里奈,日立Astemoリヴァーレ,1,60,18,1,0,0,0.0,0.0,0,0,0,,0,0.0,29,0,1,13,10.3,0,0,0,,2269,6780,0,0.0,
241,境紗里奈,日立Astemoリヴァーレ,10,20,4,0,0,0,,0.0,0,0,0,,0,0.0,5,0,0,1,5.0,0,0,0,,588,1782,0,,
242,境紗里奈,日立Astemoリヴァーレ,11,80,24,0,0,0,,0.0,0,0,0,,0,0.0,29,0,0,6,5.2,0,0,0,,2603,8743,0,,
243,境紗里奈,日立Astemoリヴァーレ,12,20,5,2,1,0,50.0,0.2,0,0,0,,0,0.0,10,0,0,3,7.5,0,0,0,,706,1052,1,50.0,
244,大元朱菜,ヴィクトリーナ姫路,1,12,1,1,1,0,100.0,1.0,0,0,0,,0,0.0,1,0,0,0,0.0,0,0,0,,1531,3966,1,100.0,
245,大元朱菜,ヴィクトリーナ姫路,10,3,0,0,0,0,,,0,0,0,,0,,0,0,0,0,,0,0,0,,301,970,0,,
246,大元朱菜,ヴィクトリーナ姫路,11,6,2,5,1,0,20.0,0.5,0,0,0,,0,0.0,4,0,1,1,0.0,0,0,0,,663,2120,1,20.0,
247,大元朱菜,ヴィクトリーナ姫路,12,6,3,3,2,0,66.7,0.67,0,0,0,,2,0.67,5,1,1,1,20.0,1,0,0,0.0,712,2924,5,66.7,
248,大崎琴未,東レアローズ,1,72,19,34,17,0,50.0,0.89,0,0,0,,7,0.37,70,1,3,23,8.6,6,2,1,41.7,2275,7610,25,50.0,
249,大崎琴未,東レアローズ,10,24,10,8,1,0,12.5,0.1,0,0,0,,2,0.2,40,7,4,10,21.2,2,2,0,100.0,592,1280,10,12.5,
250,大崎琴未,東レアローズ,11,96,27,68,31,3,45.6,1.15,0,0,0,,11,0.41,100,4,10,23,7.2,9,5,1,61.1,2605,10497,46,41.2,
251,大崎琴未,東レアローズ,12,24,5,13,8,1,61.5,1.6,0,0,0,,2,0.4,23,0,3,6,3.3,0,0,0,,710,1600,10,53.8,
252,大川愛海,トヨタ車体クインシーズ,1,96,23,193,66,13,34.2,2.87,12,5,0,41.7,7,0.3,65,1,7,22,7.3,204,88,50,55.4,2273,4564,74,27.5,41.7
253,大川愛海,トヨタ車体クインシーズ,10,32,8,56,16,7,28.6,2.0,7,0,2,0.0,5,0.62,28,3,1,10,18.8,79,31,6,43.0,598,2702,24,16.1,-28.6
254,大川愛海,トヨタ車体クインシーズ,11,128,32,300,108,25,36.0,3.38,19,5,5,26.3,10,0.31,98,5,13,32,9.9,212,67,58,45.3,2603,6061,123,27.7,0.0
255,大川愛海,トヨタ車体クインシーズ,12,32,9,79,24,8,30.4,2.67,10,3,1,30.0,2,0.22,33,2,1,10,12.9,70,22,19,45.0,704,1376,28,20.3,20.0
256,大竹里歩,久光スプリングス,1,60,4,7,2,1,28.6,0.5,0,0,0,,1,0.25,5,0,1,0,-5.0,1,1,0,100.0,2285,8907,3,14.3,
257,大竹里歩,久光スプリングス,10,20,1,2,0,0,0.0,0.0,0,0,0,,0,0.0,3,0,0,0,0.0,0,0,0,,598,2702,0,0.0,
258,大竹里歩,久光スプリングス,11,80,11,32,14,1,43.8,1.27,0,0,0,,5,0.45,21,0,1,5,4.8,2,2,0,100.0,2611,9579,19,40.6,
259,大竹里歩,久光スプリングス,12,20,7,25,8,2,32.0,1.14,0,0,0,,4,0.57,20,1,1,7,12.5,0,0,0,,708,1455,13,24.0,
260,妹尾紗香,岡山シーガルズ,11,12,2,0,0,0,,0.0,0,0,0,,0,0.0,3,0,0,1,8.3,0,0,0,,346,1000,0,,
261,孫田菜奈,ヴィクトリーナ姫路,1,36,10,68,26,1,38.2,2.6,0,0,0,,1,0.1,34,0,5,7,1.5,102,43,21,52.5,1105,2019,27,36.8,
262,孫田菜奈,ヴィクトリーナ姫路,10,24,8,50,17,6,34.0,2.12,0,0,0,,1,0.12,23,1,3,6,7.6,54,14,24,48.1,596,2170,19,22.0,
263,孫田菜奈,ヴィクトリーナ姫路,11,96,20,125,37,6,29.6,1.85,1,0,0,0.0,6,0.3,38,1,8,8,2.6,133,59,36,57.9,2595,9007,44,24.8,0.0
264,孫田菜奈,ヴィクトリーナ姫路,12,24,6,8,2,1,25.0,0.33,1,0,0,0.0,0,0.0,10,2,0,0,20.0,14,2,1,17.9,712,2924,4,12.5,0.0
265,宇賀神みずき,岡山シーガルズ,1,30,21,0,0,0,,0.0,0,0,0,,6,0.29,56,1,0,5,4.0,1,0,0,0.0,2277,6101,7,,
266,宇賀神みずき,岡山シーガルズ,10,10,7,1,1,0,100.0,0.14,0,0,0,,1,0.14,17,1,2,1,4.4,2,0,0,0.0,596,2170,3,100.0,
267,宇賀神みずき,岡山シーガルズ,11,30,23,2,1,1,50.0,0.04,0,0,0,,4,0.17,55,3,2,6,7.3,0,0,0,,1974,6287,8,0.0,
268,宇賀神みずき,岡山シーガルズ,12,10,7,1,1,0,100.0,0.14,0,0,0,,2,0.29,17,0,0,0,0.0,0,0,0,,706,1052,3,100.0,
269,安田美南,KUROBEアクアフェアリーズ,1,44,17,4,1,0,25.0,0.06,0,0,0,,2,0.12,64,1,0,7,4.3,1,0,0,0.0,1539,2717,4,25.0,
270,安田美南,KUROBEアクアフェアリーズ,11,44,8,5,3,0,60.0,0.38,1,1,0,100.0,2,0.25,18,1,1,4,9.7,0,0,0,,1348,2912,6,60.0,100.0
271,安田美南,KUROBEアクアフェアリーズ,12,22,6,1,1,0,100.0,0.17,0,0,0,,0,0.0,3,0,0,1,8.3,0,0,0,,714,3183,1,100.0,
272,室岡莉乃,日立Astemoリヴァーレ,1,96,19,74,27,2,36.5,1.42,0,0,0,,1,0.05,37,0,3,5,1.4,49,17,16,51.0,2269,6780,28,33.8,
273,室岡莉乃,日立Astemoリヴァーレ,10,32,5,17,7,0,41.2,1.4,0,0,0,,0,0.0,14,0,0,6,10.7,11,4,2,45.5,588,1782,7,41.2,
274,室岡莉乃,日立Astemoリヴァーレ,11,128,15,21,8,0,38.1,0.53,0,0,0,,0,0.0,12,0,0,1,2.1,27,11,4,48.1,2603,8743,8,38.1,
275,室岡莉乃,日立Astemoリヴァーレ,12,32,2,0,0,0,,0.0,0,0,0,,0,0.0,1,0,0,0,0.0,2,1,1,75.0,706,1052,0,,
276,宮下遥,岡山シーガルズ,1,84,20,4,2,0,50.0,0.1,0,0,0,,2,0.1,46,1,1,10,7.1,0,0,0,,2277,6101,5,50.0,
277,宮下遥,岡山シーガルズ,10,28,7,1,1,0,100.0,0.14,0,0,0,,0,0.0,16,0,0,8,12.5,0,0,0,,596,2170,1,100.0,
278,宮下遥,岡山シーガルズ,11,84,17,1,0,0,0.0,0.0,0,0,0,,0,0.0,30,0,1,3,1.7,0,0,0,,1974,6287,0,0.0,
279,宮下遥,岡山シーガルズ,12,28,2,0,0,0,,0.0,0,0,0,,0,0.0,6,0,0,1,4.2,0,0,0,,706,1052,0,,
280,宮地佳乃,ヴィクトリーナ姫路,1,16,2,3,3,0,100.0,1.5,0,0,0,,0,0.0,2,0,0,1,12.5,0,0,0,,782,2163,3,100.0,
281,宮地佳乃,ヴィクトリーナ姫路,10,16,0,0,0,0,,,0,0,0,,0,,0,0,0,0,,0,0,0,,596,2170,0,,
282,宮地佳乃,ヴィクトリーナ姫路,11,56,3,2,0,0,0.0,0.0,0,0,0,,0,0.0,4,0,1,1,0.0,1,0,0,0.0,2257,8407,0,0.0,
283,宮地佳乃,ヴィクトリーナ姫路,12,16,0,0,0,0,,,0,0,0,,0,,0,0,0,0,,0,0,0,,712,2924,0,,
284,宮部藍梨,ヴィクトリーナ姫路,1,174,22,154,55,9,35.7,2.5,0,0,0,,5,0.23,43,0,7,11,2.3,45,12,15,43.3,2269,5357,60,29.9,
285,宮部藍梨,ヴィクトリーナ姫路,10,58,8,46,17,0,37.0,2.12,0,0,0,,2,0.25,16,1,2,2,6.2,1,0,0,0.0,596,2170,20,37.0,
286,宮部藍梨,ヴィクトリーナ姫路,11,232,28,140,56,3,40.0,2.0,0,0,0,,15,0.54,74,3,9,19,7.4,11,3,6,54.5,2595,9007,74,37.9,
287,宮部藍梨,ヴィクトリーナ姫路,12,58,5,12,4,1,33.3,0.8,0,0,0,,1,0.2,7,0,1,2,3.6,0,0,0,,712,2924,5,25.0,
288,小出雛,トヨタ車体クインシーズ,1,28,0,0,0,0,,,0,0,0,,0,,0,0,0,0,,0,0,0,,782,2163,0,,
289,小口樹葉,デンソーエアリービーズ,1,54,13,0,0,0,,0.0,0,0,0,,0,0.0,0,0,0,0,,16,8,5,65.6,2267,6652,0,,
290,小口樹葉,デンソーエアリービーズ,10,18,0,0,0,0,,,0,0,0,,0,,0,0,0,0,,0,0,0,,594,1999,0,,
291,小口樹葉,デンソーエアリービーズ,11,72,25,0,0,0,,0.0,0,0,0,,0,0.0,0,0,0,0,,62,32,15,63.7,2593,9652,0,,
292,小口樹葉,デンソーエアリービーズ,12,18,6,0,0,0,,0.0,0,0,0,,0,0.0,0,0,0,0,,9,3,3,50.0,704,1376,0,,
293,小島満菜美,NECレッドロケッツ,1,96,27,0,0,0,,0.0,0,0,0,,0,0.0,0,0,0,0,,111,60,25,65.3,2265,10393,0,,
294,小島満菜美,NECレッドロケッツ,10,32,3,0,0,0,,0.0,0,0,0,,0,0.0,0,0,0,0,,3,1,1,50.0,590,6432,0,,
295,小島満菜美,NECレッドロケッツ,11,96,19,0,0,0,,0.0,0,0,0,,0,0.0,0,0,0,0,,86,43,23,63.4,1952,10616,0,,
296,小島満菜美,NECレッドロケッツ,12,32,8,0,0,0,,0.0,0,0,0,,0,0.0,0,0,0,0,,32,14,9,57.8,714,3183,0,,
297,小川愛里奈,東レアローズ,1,24,20,83,44,6,53.0,2.2,0,0,0,,2,0.1,75,3,4,24,10.7,5,3,2,80.0,2275,7610,49,45.8,
298,小川愛里奈,東レアローズ,10,8,10,36,19,2,52.8,1.9,0,0,0,,2,0.2,21,0,3,4,1.2,4,3,0,75.0,592,1280,21,47.2,
299,小川愛里奈,東レアローズ,11,32,32,132,60,5,45.5,1.88,0,0,0,,2,0.06,82,3,8,20,7.3,2,2,0,100.0,2605,10497,65,41.7,
300,小川愛里奈,東レアローズ,12,8,6,23,11,2,47.8,1.83,0,0,0,,2,0.33,21,0,1,5,4.8,6,3,1,58.3,710,1600,13,39.1,
301,小杉凜華,KUROBEアクアフェアリーズ,1,56,11,6,3,0,50.0,0.27,0,0,0,,0,0.0,17,1,3,3,5.9,10,1,7,45.0,1539,2717,4,50.0,
302,小杉凜華,KUROBEアクアフェアリーズ,10,28,5,13,4,1,30.8,0.8,3,0,0,0.0,0,0.0,8,1,1,2,15.6,10,3,1,35.0,588,1782,5,23.1,0.0
303,小杉凜華,KUROBEアクアフェアリーズ,11,112,21,83,23,5,27.7,1.1,9,1,1,11.1,3,0.14,42,1,11,12,3.0,56,22,14,51.8,2597,5613,27,21.7,0.0
304,小杉凜華,KUROBEアクアフェアリーズ,12,28,8,71,22,5,31.0,2.75,4,1,1,25.0,2,0.25,27,1,4,11,10.2,77,15,24,35.1,714,3183,25,23.9,0.0
305,小池杏菜,日立Astemoリヴァーレ,1,36,12,0,0,0,,0.0,0,0,0,,0,0.0,0,0,0,0,,10,4,4,60.0,2269,6780,0,,
306,小池杏菜,日立Astemoリヴァーレ,10,12,0,0,0,0,,,0,0,0,,0,,0,0,0,0,,0,0,0,,588,1782,0,,
307,小池杏菜,日立Astemoリヴァーレ,11,48,6,0,0,0,,0.0,0,0,0,,0,0.0,1,0,1,0,-25.0,1,1,0,100.0,2603,8743,0,,
308,小池杏菜,日立Astemoリヴァーレ,12,12,4,0,0,0,,0.0,0,0,0,,0,0.0,0,0,0,0,,5,1,1,30.0,706,1052,0,,
309,山上有紀,トヨタ車体クインシーズ,1,108,23,12,3,1,25.0,0.13,1,0,0,0.0,3,0.13,68,0,1,12,4.0,0,0,0,,2273,4564,6,16.7,0.0
310,山上有紀,トヨタ車体クインシーズ,10,36,8,4,3,0,75.0,0.38,0,0,0,,1,0.12,25,1,2,8,10.0,0,0,0,,598,2702,5,75.0,
311,山上有紀,トヨタ車体クインシーズ,11,144,30,13,2,1,15.4,0.07,0,0,0,,16,0.53,92,1,3,20,5.7,0,0,0,,2603,6061,19,7.7,
312,山上有紀,トヨタ車体クインシーズ,12,36,9,1,1,0,100.0,0.11,0,0,0,,1,0.11,39,1,1,8,7.1,0,0,0,,704,1376,3,100.0,
313,山下遥香,PFUブルーキャッツ,1,54,21,5,2,0,40.0,0.1,0,0,0,,4,0.19,58,1,5,9,3.4,1,0,0,0.0,2269,5569,7,40.0,
314,山下遥香,PFUブルーキャッツ,10,18,9,1,0,0,0.0,0.0,0,0,0,,0,0.0,8,0,3,0,-9.4,0,0,0,,592,1280,0,0.0,
315,山下遥香,PFUブルーキャッツ,11,72,30,5,2,0,40.0,0.07,0,0,0,,8,0.27,81,5,7,16,9.0,0,0,0,,2601,5417,15,40.0,
316,山下遥香,PFUブルーキャッツ,12,18,7,3,0,0,0.0,0.0,0,0,0,,0,0.0,19,1,0,8,15.8,1,0,0,0.0,708,1455,1,0.0,
317,山中宏予,埼玉上尾メディックス,1,4,0,0,0,0,,,0,0,0,,0,,0,0,0,0,,0,0,0,,1543,3586,0,,
318,山中宏予,埼玉上尾メディックス,10,2,0,0,0,0,,,0,0,0,,0,,0,0,0,0,,0,0,0,,590,6432,0,,
319,山中宏予,埼玉上尾メディックス,11,8,13,37,12,0,32.4,0.92,0,0,0,,8,0.62,48,2,5,14,8.9,2,1,0,50.0,2599,4939,22,32.4,
320,山中宏予,埼玉上尾メディックス,12,2,0,0,0,0,,,0,0,0,,0,,0,0,0,0,,0,0,0,,710,1600,0,,
321,山内美咲,NECレッドロケッツ,1,72,25,133,54,4,40.6,2.16,2,1,0,50.0,2,0.08,107,6,3,39,14.0,22,9,4,50.0,2265,10393,62,37.6,50.0
322,山内美咲,NECレッドロケッツ,10,24,6,59,11,4,18.6,1.83,8,1,1,12.5,3,0.5,16,0,4,4,0.0,11,5,1,50.0,590,6432,14,11.9,0.0
323,山内美咲,NECレッドロケッツ,11,72,19,119,42,13,35.3,2.21,19,2,7,10.5,4,0.21,62,3,4,23,12.5,5,3,0,60.0,1952,10616,49,24.4,-26.3
324,山内美咲,NECレッドロケッツ,12,24,4,20,9,0,45.0,2.25,3,1,0,33.3,0,0.0,16,2,1,3,15.6,1,0,0,0.0,714,3183,11,45.0,33.3
325,山口真季,KUROBEアクアフェアリーズ,1,40,17,65,26,0,40.0,1.53,0,0,0,,8,0.47,53,4,3,12,11.8,6,3,2,66.7,1539,2717,38,40.0,
326,山口真季,KUROBEアクアフェアリーズ,10,20,8,28,11,1,39.3,1.38,0,0,0,,6,0.75,14,0,0,4,7.1,1,0,0,0.0,588,1782,17,35.7,
327,山口真季,KUROBEアクアフェアリーズ,11,80,30,128,54,9,42.2,1.8,0,0,0,,13,0.43,88,6,5,21,11.4,8,3,2,50.0,2597,5613,73,35.2,
328,山口真季,KUROBEアクアフェアリーズ,12,20,8,27,11,1,40.7,1.38,0,0,0,,0,0.0,14,1,2,2,7.1,1,0,0,0.0,714,3183,12,37.0,
329,山口結可,デンソーエアリービーズ,1,78,1,0,0,0,,0.0,0,0,0,,0,0.0,0,0,0,0,,0,0,0,,2267,6652,0,,
330,山口結可,デンソーエアリービーズ,10,26,3,0,0,0,,0.0,0,0,0,,0,0.0,3,0,2,0,-16.7,0,0,0,,594,1999,0,,
331,山口結可,デンソーエアリービーズ,11,104,4,0,0,0,,0.0,0,0,0,,0,0.0,4,0,0,0,0.0,0,0,0,,2593,9652,0,,
332,山口結可,デンソーエアリービーズ,12,26,1,0,0,0,,0.0,0,0,0,,0,0.0,1,0,1,0,-25.0,0,0,0,,704,1376,0,,
333,山城愛心,KUROBEアクアフェアリーズ,1,24,4,0,0,0,,0.0,0,0,0,,0,0.0,4,0,1,0,-6.2,0,0,0,,1539,2717,0,,
334,山城愛心,KUROBEアクアフェアリーズ,10,6,0,0,0,0,,,0,0,0,,0,,0,0,0,0,,0,0,0,,297,799,0,,
335,山城愛心,KUROBEアクアフェアリーズ,11,48,15,0,0,0,,0.0,0,0,0,,0,0.0,24,0,2,8,6.2,0,0,0,,2597,5613,0,,
336,山城愛心,KUROBEアクアフェアリーズ,12,12,6,0,0,0,,0.0,0,0,0,,0,0.0,6,0,1,3,8.3,0,0,0,,714,3183,0,,
337,山岸あかね,埼玉上尾メディックス,1,28,15,0,0,0,,0.0,0,0,0,,0,0.0,0,0,0,0,,99,52,32,68.7,1543,3586,0,,
338,山岸あかね,埼玉上尾メディックス,10,14,0,0,0,0,,,0,0,0,,0,,0,0,0,0,,0,0,0,,590,6432,0,,
339,山岸あかね,埼玉上尾メディックス,11,56,14,0,0,0,,0.0,0,0,0,,0,0.0,0,0,0,0,,75,52,12,77.3,2599,4939,0,,
340,山岸あかね,埼玉上尾メディックス,12,14,2,0,0,0,,0.0,0,0,0,,0,0.0,0,0,0,0,,9,3,3,50.0,710,1600,0,,
341,山崎のの花,埼玉上尾メディックス,1,10,7,0,0,0,,0.0,0,0,0,,0,0.0,0,0,0,0,,0,0,0,,786,2796,0,,
342,山崎のの花,埼玉上尾メディックス,10,10,6,0,0,0,,0.0,0,0,0,,0,0.0,0,0,0,0,,0,0,0,,590,6432,0,,
343,山崎のの花,埼玉上尾メディックス,11,30,21,4,3,0,75.0,0.14,0,0,0,,0,0.0,21,0,1,3,2.4,0,0,0,,1917,3739,3,75.0,
344,山形理沙子,トヨタ車体クインシーズ,1,36,0,0,0,0,,,0,0,0,,0,,0,0,0,0,,0,0,0,,2273,4564,0,,
345,山形理沙子,トヨタ車体クインシーズ,10,12,1,0,0,0,,0.0,0,0,0,,0,0.0,1,0,1,0,-25.0,0,0,0,,598,2702,0,,
346,山形理沙子,トヨタ車体クインシーズ,11,48,0,0,0,0,,,0,0,0,,0,,0,0,0,0,,0,0,0,,2603,6061,0,,
347,山形理沙子,トヨタ車体クインシーズ,12,12,0,0,0,0,,,0,0,0,,0,,0,0,0,0,,0,0,0,,704,1376,0,,
348,山田二千華,NECレッドロケッツ,1,65,22,130,76,3,58.5,3.45,0,0,0,,12,0.55,77,2,5,17,6.5,7,3,2,57.1,1891,7719,90,56.2,
349,山田二千華,NECレッドロケッツ,11,78,17,58,25,2,43.1,1.47,0,0,0,,6,0.35,36,1,0,12,11.1,1,1,0,100.0,1952,10616,32,39.7,
350,山田二千華,NECレッドロケッツ,12,26,8,38,19,2,50.0,2.38,0,0,0,,4,0.5,19,0,1,7,7.9,0,0,0,,714,3183,23,44.7,
351,岩島由佳,トヨタ車体クインシーズ,1,92,1,1,0,1,0.0,0.0,0,0,0,,0,0.0,0,0,0,0,,0,0,0,,1539,2953,0,-100.0,
352,岩崎こよみ,埼玉上尾メディックス,1,8,15,12,6,0,50.0,0.4,0,0,0,,4,0.27,57,2,4,15,8.3,1,0,0,0.0,1543,3586,12,50.0,
353,岩崎こよみ,埼玉上尾メディックス,10,4,6,6,4,0,66.7,0.67,0,0,0,,1,0.17,25,1,2,10,12.0,0,0,0,,590,6432,6,66.7,
354,岩崎こよみ,埼玉上尾メディックス,11,16,29,12,8,0,66.7,0.28,0,0,0,,8,0.28,88,10,4,30,18.8,2,0,0,0.0,2599,4939,26,66.7,
355,岩崎こよみ,埼玉上尾メディックス,12,4,9,10,6,0,60.0,0.67,0,0,0,,0,0.0,30,4,3,9,18.3,0,0,0,,710,1600,10,60.0,
356,岩澤実育,埼玉上尾メディックス,1,48,14,0,0,0,,0.0,0,0,0,,0,0.0,20,1,2,5,8.8,9,3,4,55.6,1543,3586,1,,
357,岩澤実育,埼玉上尾メディックス,10,24,6,0,0,0,,0.0,0,0,0,,0,0.0,0,0,0,0,,29,12,8,55.2,590,6432,0,,
358,岩澤実育,埼玉上尾メディックス,11,96,16,0,0,0,,0.0,0,0,0,,0,0.0,0,0,0,0,,92,62,13,74.5,2599,4939,0,,
359,岩澤実育,埼玉上尾メディックス,12,24,8,0,0,0,,0.0,0,0,0,,0,0.0,0,0,0,0,,57,34,10,68.4,710,1600,0,,
360,岳野ひかる,埼玉上尾メディックス,1,20,0,0,0,0,,,0,0,0,,0,,0,0,0,0,,0,0,0,,396,1306,0,,
361,岳野ひかる,埼玉上尾メディックス,10,40,6,0,0,0,,0.0,0,0,0,,0,0.0,9,0,1,1,0.0,2,1,0,50.0,590,6432,0,,
362,岳野ひかる,埼玉上尾メディックス,11,120,8,0,0,0,,0.0,0,0,0,,0,0.0,8,0,0,1,3.1,5,4,1,90.0,1917,3739,0,,
363,岳野ひかる,埼玉上尾メディックス,12,20,2,0,0,0,,0.0,0,0,0,,0,0.0,3,0,0,0,0.0,2,1,0,50.0,358,910,0,,
364,島原玖南,PFUブルーキャッツ,1,6,15,2,0,0,0.0,0.0,0,0,0,,0,0.0,27,0,3,5,1.9,0,0,0,,2269,5569,0,0.0,
365,島原玖南,PFUブルーキャッツ,12,1,0,0,0,0,,,0,0,0,,0,,0,0,0,0,,0,0,0,,357,785,0,,
366,島村春世,NECレッドロケッツ,1,6,11,50,23,3,46.0,2.09,0,0,0,,7,0.64,25,1,0,5,9.0,5,1,3,50.0,2265,10393,31,40.0,
367,島村春世,NECレッドロケッツ,12,1,1,0,0,0,,0.0,0,0,0,,0,0.0,1,0,0,0,0.0,0,0,0,,360,1617,0,,
368,川上雛菜,NECレッドロケッツ,10,34,5,13,4,2,30.8,0.8,1,0,0,0.0,0,0.0,11,0,2,5,6.8,20,7,6,50.0,590,6432,4,15.4,0.0
369,川上雛菜,NECレッドロケッツ,11,102,1,0,0,0,,0.0,0,0,0,,0,0.0,1,0,1,0,-25.0,0,0,0,,1952,10616,0,,
370,川上雛菜,NECレッドロケッツ,12,34,0,0,0,0,,,0,0,0,,0,,0,0,0,0,,0,0,0,,714,3183,0,,
371,川島亜依美,岡山シーガルズ,1,140,10,26,10,1,38.5,1.0,0,0,0,,4,0.4,27,0,5,7,1.9,2,2,0,100.0,1894,4801,14,34.6,
372,川島亜依美,岡山シーガルズ,10,56,4,9,4,1,44.4,1.0,0,0,0,,0,0.0,10,0,0,2,5.0,0,0,0,,596,2170,4,33.3,
373,川島亜依美,岡山シーガルズ,11,168,17,53,17,2,32.1,1.0,0,0,0,,6,0.35,53,1,4,21,9.9,1,0,0,0.0,1974,6287,24,28.3,
374,川島亜依美,岡山シーガルズ,12,56,5,10,1,1,10.0,0.2,0,0,0,,1,0.2,21,1,1,6,10.7,0,0,0,,706,1052,3,0.0,
375,平山詩嫣,久光スプリングス,1,48,19,59,25,3,42.4,1.32,0,0,0,,9,0.47,74,3,5,16,7.8,9,3,4,55.6,2285,8907,37,37.3,
376,平山詩嫣,久光スプリングス,10,16,8,26,15,0,57.7,1.88,0,0,0,,4,0.5,32,1,1,13,12.5,2,1,1,75.0,598,2702,20,57.7,
377,平山詩嫣,久光スプリングス,11,64,32,108,47,7,43.5,1.47,0,0,0,,12,0.38,132,8,8,33,10.8,4,1,1,37.5,2611,9579,67,37.0,
378,平山詩嫣,久光スプリングス,12,16,7,22,13,0,59.1,1.86,0,0,0,,3,0.43,33,1,3,15,12.1,3,3,0,100.0,708,1455,17,59.1,
379,廣田あい,NECレッドロケッツ,1,42,0,0,0,0,,,0,0,0,,0,,0,0,0,0,,0,0,0,,780,3494,0,,
380,志摩美古都,PFUブルーキャッツ,1,210,23,205,65,7,31.7,2.83,0,0,0,,7,0.3,81,0,4,12,2.5,212,101,45,58.3,2269,5569,72,28.3,
381,志摩美古都,PFUブルーキャッツ,10,70,7,56,20,6,35.7,2.86,0,0,0,,2,0.29,14,0,3,3,0.0,47,28,8,68.1,592,1280,22,25.0,
382,志摩美古都,PFUブルーキャッツ,11,245,17,134,49,11,36.6,2.88,1,0,0,0.0,5,0.29,50,0,2,6,2.0,133,75,23,65.0,2262,4740,54,28.4,0.0
383,志摩美古都,PFUブルーキャッツ,12,70,5,30,6,2,20.0,1.2,0,0,0,,2,0.4,17,0,1,5,5.9,17,3,6,35.3,708,1455,8,13.3,
384,戸江真奈,久光スプリングス,1,72,8,0,0,0,,0.0,0,0,0,,0,0.0,0,0,0,0,,48,32,4,70.8,1522,6226,0,,
385,戸江真奈,久光スプリングス,10,36,8,0,0,0,,0.0,0,0,0,,0,0.0,0,0,0,0,,24,11,1,47.9,598,2702,0,,
386,戸江真奈,久光スプリングス,11,144,32,0,0,0,,0.0,0,0,0,,0,0.0,0,0,0,0,,136,85,22,70.6,2611,9579,0,,
387,戸江真奈,久光スプリングス,12,36,7,0,0,0,,0.0,0,0,0,,0,0.0,0,0,0,0,,29,16,7,67.2,708,1455,0,,
388,戸部真由香,KUROBEアクアフェアリーズ,1,60,17,67,27,1,40.3,1.59,0,0,0,,1,0.06,60,1,2,15,7.1,8,5,2,75.0,1539,2717,29,38.8,
389,戸部真由香,KUROBEアクアフェアリーズ,10,30,1,0,0,0,,0.0,0,0,0,,0,0.0,0,0,0,0,,0,0,0,,588,1782,0,,
390,戸部真由香,KUROBEアクアフェアリーズ,11,120,11,32,9,0,28.1,0.82,0,0,0,,1,0.09,14,0,2,3,1.8,0,0,0,,2597,5613,10,28.1,
391,戸部真由香,KUROBEアクアフェアリーズ,12,30,0,0,0,0,,,0,0,0,,0,,0,0,0,0,,0,0,0,,714,3183,0,,
392,星加輝,KUROBEアクアフェアリーズ,1,32,0,0,0,0,,,0,0,0,,0,,0,0,0,0,,0,0,0,,784,1299,0,,
393,星加輝,KUROBEアクアフェアリーズ,10,16,1,0,0,0,,0.0,0,0,0,,0,0.0,1,0,0,0,0.0,0,0,0,,291,983,0,,
394,星加輝,KUROBEアクアフェアリーズ,11,32,0,0,0,0,,,0,0,0,,0,,0,0,0,0,,0,0,0,,658,1722,0,,
395,杉原若葉,トヨタ車体クインシーズ,10,38,2,0,0,0,,0.0,0,0,0,,0,0.0,2,0,0,1,12.5,0,0,0,,598,2702,0,,
396,杉原若葉,トヨタ車体クインシーズ,11,152,14,4,1,0,25.0,0.07,0,0,0,,1,0.07,20,1,2,5,8.8,0,0,0,,2603,6061,3,25.0,
397,杉原若葉,トヨタ車体クインシーズ,12,38,0,0,0,0,,,0,0,0,,0,,0,0,0,0,,0,0,0,,704,1376,0,,
398,東美奈,JTマーヴェラス,1,72,21,0,0,0,,0.0,0,0,0,,0,0.0,37,0,3,5,1.4,1,0,0,0.0,2261,11438,0,,
399,東美奈,JTマーヴェラス,10,24,5,0,0,0,,0.0,0,0,0,,0,0.0,7,0,0,2,7.1,0,0,0,,594,1999,0,,
400,東美奈,JTマーヴェラス,11,96,13,0,0,0,,0.0,0,0,0,,0,0.0,17,0,2,3,1.5,0,0,0,,2613,6307,0,,
401,東美奈,JTマーヴェラス,12,24,1,0,0,0,,0.0,0,0,0,,0,0.0,1,0,0,0,0.0,0,0,0,,712,2924,0,,
402,松井珠己,デンソーエアリービーズ,1,66,23,14,6,0,42.9,0.26,0,0,0,,8,0.35,84,1,2,24,7.7,4,0,0,0.0,2267,6652,15,42.9,
403,松井珠己,デンソーエアリービーズ,10,22,8,1,1,0,100.0,0.12,0,0,0,,1,0.12,29,1,3,11,10.3,2,0,0,0.0,594,1999,3,100.0,
404,松井珠己,デンソーエアリービーズ,11,88,30,16,7,0,43.8,0.23,0,0,0,,3,0.1,122,4,10,32,7.8,2,0,0,0.0,2593,9652,14,43.8,
405,松井珠己,デンソーエアリービーズ,12,22,9,7,7,0,100.0,0.78,0,0,0,,1,0.11,28,1,0,10,12.5,1,0,0,0.0,704,1376,9,100.0,
406,松本愛希穂,ヴィクトリーナ姫路,1,15,2,3,2,0,66.7,1.0,0,0,0,,0,0.0,6,0,1,1,0.0,8,1,2,25.0,361,592,2,66.7,
407,松本愛希穂,ヴィクトリーナ姫路,10,30,5,21,8,2,38.1,1.6,1,0,1,0.0,0,0.0,11,0,3,3,0.0,38,19,6,57.9,596,2170,8,28.6,-100.0
408,松本愛希穂,ヴィクトリーナ姫路,11,120,27,152,53,5,34.9,1.96,3,1,0,33.3,4,0.15,60,0,9,13,1.7,175,68,43,51.1,2595,9007,57,31.6,33.3
409,松本愛希穂,ヴィクトリーナ姫路,12,30,3,9,4,1,44.4,1.33,0,0,0,,0,0.0,3,0,0,0,0.0,13,5,2,46.2,712,2924,4,33.3,
410,林有美,PFUブルーキャッツ,1,42,23,0,0,0,,0.0,0,0,0,,0,0.0,0,0,0,0,,88,50,22,69.3,2269,5569,0,,
411,林有美,PFUブルーキャッツ,10,14,10,0,0,0,,0.0,0,0,0,,0,0.0,0,0,0,0,,42,19,8,54.8,592,1280,0,,
412,林有美,PFUブルーキャッツ,11,56,30,0,0,0,,0.0,0,0,0,,0,0.0,0,0,0,0,,121,71,21,67.4,2601,5417,0,,
413,林有美,PFUブルーキャッツ,12,14,7,0,0,0,,0.0,0,0,0,,0,0.0,0,0,0,0,,30,9,9,45.0,708,1455,0,,
414,林琴奈,JTマーヴェラス,1,12,26,196,72,13,36.7,2.77,12,6,2,50.0,11,0.42,93,4,5,13,6.5,170,81,40,59.4,2261,11438,87,30.1,33.3
415,林琴奈,JTマーヴェラス,10,4,7,65,19,4,29.2,2.71,3,0,0,0.0,5,0.71,27,1,1,9,11.1,34,19,6,64.7,594,1999,25,23.1,0.0
416,林琴奈,JTマーヴェラス,11,16,20,53,24,3,45.3,1.2,7,4,2,57.1,2,0.1,16,0,2,3,1.6,56,29,12,62.5,2613,6307,26,39.6,28.6
417,林琴奈,JTマーヴェラス,12,4,5,29,8,1,27.6,1.6,2,2,0,100.0,0,0.0,8,1,0,4,25.0,19,14,2,78.9,712,2924,9,24.1,100.0
418,柳田光綺,NECレッドロケッツ,1,20,19,55,13,0,23.6,0.68,0,0,0,,2,0.11,10,0,0,1,2.5,2,0,1,25.0,1899,9368,15,23.6,
419,柳田光綺,NECレッドロケッツ,11,16,12,40,21,1,52.5,1.75,0,0,0,,1,0.08,1,0,0,0,0.0,0,0,0,,1336,9306,22,50.0,
420,柳田光綺,NECレッドロケッツ,12,8,6,9,1,0,11.1,0.17,0,0,0,,0,0.0,2,0,1,1,0.0,0,0,0,,714,3183,1,11.1,
421,栄絵里香,久光スプリングス,1,66,24,3,2,0,66.7,0.08,0,0,0,,0,0.0,85,2,4,13,5.0,1,0,0,0.0,2285,8907,4,66.7,
422,栄絵里香,久光スプリングス,10,22,8,0,0,0,,0.0,0,0,0,,1,0.12,30,1,2,7,7.5,0,0,0,,598,2702,2,,
423,栄絵里香,久光スプリングス,11,88,30,2,2,0,100.0,0.07,0,0,0,,0,0.0,99,1,1,27,7.6,2,1,0,50.0,2611,9579,3,100.0,
424,栄絵里香,久光スプリングス,12,22,7,2,0,0,0.0,0.0,0,0,0,,0,0.0,30,2,1,7,11.7,0,0,0,,708,1455,2,0.0,
425,栗栖明歩,埼玉上尾メディックス,11,42,0,0,0,0,,,0,0,0,,0,,0,0,0,0,,0,0,0,,682,1200,0,,
426,栗栖明歩,埼玉上尾メディックス,12,21,0,0,0,0,,,0,0,0,,0,,0,0,0,0,,0,0,0,,352,690,0,,
427,梅津憂理,KUROBEアクアフェアリーズ,1,52,16,0,0,0,,0.0,0,0,0,,0,0.0,24,3,5,11,18.8,0,0,0,,1539,2717,3,,
428,梅津憂理,KUROBEアクアフェアリーズ,10,26,8,13,5,0,38.5,0.62,2,0,0,0.0,0,0.0,13,1,2,7,17.3,0,0,0,,588,1782,6,38.5,0.0
429,梅津憂理,KUROBEアクアフェアリーズ,11,104,30,69,19,6,27.5,0.63,6,0,3,0.0,0,0.0,73,6,9,24,13.4,22,5,5,34.1,2597,5613,25,18.8,-50.0
430,梅津憂理,KUROBEアクアフェアリーズ,12,26,8,0,0,0,,0.0,0,0,0,,0,0.0,14,0,3,5,3.6,0,0,0,,714,3183,0,,
431,森田茉莉,PFUブルーキャッツ,1,18,7,0,0,0,,0.0,0,0,0,,0,0.0,0,0,0,0,,0,0,0,,2269,5569,0,,
432,森田茉莉,PFUブルーキャッツ,10,6,5,0,0,0,,0.0,0,0,0,,0,0.0,0,0,0,0,,3,2,1,83.3,592,1280,0,,
433,森田茉莉,PFUブルーキャッツ,11,24,10,0,0,0,,0.0,0,0,0,,0,0.0,0,0,0,0,,0,0,0,,2601,5417,0,,
434,森田茉莉,PFUブルーキャッツ,12,6,3,0,0,0,,0.0,0,0,0,,0,0.0,0,0,0,0,,3,1,1,50.0,708,1455,0,,
435,森谷史佳,デンソーエアリービーズ,1,60,15,6,0,0,0.0,0.0,1,0,0,0.0,0,0.0,29,0,2,5,2.6,2,2,0,100.0,2267,6652,0,0.0,0.0
436,森谷史佳,デンソーエアリービーズ,10,20,6,12,4,0,33.3,0.67,0,0,0,,1,0.17,16,1,2,4,9.4,2,2,0,100.0,594,1999,6,33.3,
437,森谷史佳,デンソーエアリービーズ,11,80,23,7,2,1,28.6,0.09,0,0,0,,0,0.0,39,2,3,14,12.2,1,0,0,0.0,2593,9652,4,14.3,
438,森谷史佳,デンソーエアリービーズ,12,20,6,0,0,0,,0.0,0,0,0,,0,0.0,9,0,1,3,5.6,0,0,0,,704,1376,0,,
439,楢崎慈恵,岡山シーガルズ,10,54,4,0,0,0,,0.0,0,0,0,,0,0.0,0,0,0,0,,25,6,7,38.0,596,2170,0,,
440,楢崎慈恵,岡山シーガルズ,11,135,14,0,0,0,,0.0,0,0,0,,0,0.0,0,0,0,0,,28,19,4,75.0,1660,4830,0,,
441,楢崎慈恵,岡山シーガルズ,12,54,5,0,0,0,,0.0,0,0,0,,0,0.0,0,0,0,0,,11,5,5,68.2,706,1052,0,,
442,榊原菜那,JTマーヴェラス,1,54,12,35,16,3,45.7,1.33,0,0,0,,8,0.67,35,2,6,8,7.1,3,2,0,66.7,2261,11438,26,37.1,
443,榊原菜那,JTマーヴェラス,10,18,8,16,5,2,31.2,0.62,0,0,0,,4,0.5,17,0,0,7,10.3,1,1,0,100.0,594,1999,9,18.8,
444,榊原菜那,JTマーヴェラス,11,72,17,48,18,2,37.5,1.06,0,0,0,,7,0.41,48,2,4,10,7.3,3,0,2,33.3,2613,6307,27,33.3,
445,榊原菜那,JTマーヴェラス,12,18,0,0,0,0,,,0,0,0,,0,,0,0,0,0,,0,0,0,,712,2924,0,,
446,横田真未,デンソーエアリービーズ,1,12,16,80,33,1,41.2,2.06,1,1,0,100.0,8,0.5,35,1,5,3,1.4,2,2,0,100.0,2267,6652,42,40.0,100.0
447,横田真未,デンソーエアリービーズ,10,4,0,0,0,0,,,0,0,0,,0,,0,0,0,0,,0,0,0,,594,1999,0,,
448,横田真未,デンソーエアリービーズ,11,16,29,112,49,5,43.8,1.69,0,0,0,,25,0.86,78,3,10,18,6.4,7,3,2,57.1,2593,9652,77,39.3,
449,横田真未,デンソーエアリービーズ,12,4,9,39,16,2,41.0,1.78,0,0,0,,4,0.44,27,2,4,5,8.3,2,0,0,0.0,704,1376,22,35.9,
450,横田紗椰香,デンソーエアリービーズ,1,90,9,30,15,1,50.0,1.67,0,0,0,,3,0.33,12,0,2,1,-2.1,4,4,0,100.0,2267,6652,18,46.7,
451,横田紗椰香,デンソーエアリービーズ,10,30,8,30,16,3,53.3,2.0,0,0,0,,1,0.12,14,1,1,1,7.1,6,4,0,66.7,594,1999,18,43.3,
452,横田紗椰香,デンソーエアリービーズ,11,120,19,57,24,1,42.1,1.26,0,0,0,,6,0.32,43,0,6,8,1.2,3,1,1,50.0,2593,9652,30,40.4,
453,横田紗椰香,デンソーエアリービーズ,12,30,3,1,0,0,0.0,0.0,0,0,0,,0,0.0,7,1,1,1,14.3,1,0,0,0.0,704,1376,1,0.0,
454,樫村まどか,東レアローズ,1,30,1,2,1,0,50.0,1.0,0,0,0,,0,0.0,0,0,0,0,,0,0,0,,753,2084,1,50.0,
455,樫村まどか,東レアローズ,11,15,0,0,0,0,,,0,0,0,,0,,0,0,0,0,,0,0,0,,307,1331,0,,
456,橘井友香,JTマーヴェラス,1,24,22,3,1,0,33.3,0.05,1,0,0,0.0,0,0.0,39,2,2,8,9.0,31,16,10,67.7,2261,11438,3,33.3,0.0
457,橘井友香,JTマーヴェラス,10,8,2,0,0,0,,0.0,0,0,0,,0,0.0,4,1,0,2,37.5,0,0,0,,594,1999,1,,
458,橘井友香,JTマーヴェラス,11,32,12,16,7,0,43.8,0.58,1,0,0,0.0,1,0.08,23,0,4,9,5.4,11,7,2,72.7,2613,6307,8,43.8,0.0
459,橘井友香,JTマーヴェラス,12,8,0,0,0,0,,,0,0,0,,0,,0,0,0,0,,0,0,0,,712,2924,0,,
460,櫻井美樹,ヴィクトリーナ姫路,1,12,20,7,3,0,42.9,0.15,0,0,0,,1,0.05,70,1,5,15,5.0,0,0,0,,2269,5357,5,42.9,
461,櫻井美樹,ヴィクトリーナ姫路,10,4,8,5,3,0,60.0,0.38,0,0,0,,0,0.0,22,1,0,6,11.4,0,0,0,,596,2170,4,60.0,
462,櫻井美樹,ヴィクトリーナ姫路,11,16,30,9,5,0,55.6,0.17,0,0,0,,2,0.07,93,6,9,24,10.5,0,0,0,,2595,9007,13,55.6,
463,櫻井美樹,ヴィクトリーナ姫路,12,4,2,1,0,0,0.0,0.0,0,0,0,,0,0.0,3,0,0,2,16.7,0,0,0,,712,2924,0,0.0,
464,水杉玲奈,東レアローズ,1,54,23,0,0,0,,0.0,0,0,0,,0,0.0,0,0,0,0,,111,53,37,64.4,2275,7610,0,,
465,水杉玲奈,東レアローズ,10,18,7,0,0,0,,0.0,0,0,0,,0,0.0,0,0,0,0,,34,19,4,61.8,592,1280,0,,
466,水杉玲奈,東レアローズ,11,72,33,0,0,0,,0.0,0,0,0,,0,0.0,0,0,0,0,,199,97,51,61.6,2605,10497,0,,
467,水杉玲奈,東レアローズ,12,18,9,0,0,0,,0.0,0,0,0,,0,0.0,0,0,0,0,,46,25,12,67.4,710,1600,0,,
468,池谷優佳,久光スプリングス,1,30,4,0,0,0,,0.0,0,0,0,,0,0.0,0,0,0,0,,0,0,0,,736,3430,0,,
469,池谷優佳,久光スプリングス,11,60,1,0,0,0,,0.0,0,0,0,,0,0.0,0,0,0,0,,0,0,0,,1346,3922,0,,
470,池谷優佳,久光スプリングス,12,30,1,0,0,0,,0.0,0,0,0,,0,0.0,0,0,0,0,,0,0,0,,708,1455,0,,
471,浮島杏加子,KUROBEアクアフェアリーズ,1,48,1,4,2,0,50.0,2.0,0,0,0,,0,0.0,0,0,0,0,,0,0,0,,1539,2717,2,50.0,
472,浮島杏加子,KUROBEアクアフェアリーズ,10,24,2,7,2,1,28.6,1.0,0,0,0,,0,0.0,0,0,0,0,,0,0,0,,588,1782,2,14.3,
473,浮島杏加子,KUROBEアクアフェアリーズ,11,96,2,13,5,3,38.5,2.5,1,1,0,100.0,0,0.0,2,0,1,1,0.0,0,0,0,,2597,5613,5,15.4,100.0
474,浮島杏加子,KUROBEアクアフェアリーズ,12,24,0,0,0,0,,,0,0,0,,0,,0,0,0,0,,0,0,0,,714,3183,0,,
475,深澤つぐみ,東レアローズ,1,96,7,13,4,0,30.8,0.57,0,0,0,,0,0.0,8,0,2,1,-3.1,1,0,0,0.0,2275,7610,4,30.8,
476,深澤つぐみ,東レアローズ,10,32,1,0,0,0,,0.0,0,0,0,,0,0.0,2,0,1,0,-12.5,0,0,0,,592,1280,0,,
477,深澤つぐみ,東レアローズ,11,128,7,21,7,2,33.3,1.0,2,2,0,100.0,1,0.14,13,0,1,4,5.8,0,0,0,,2605,10497,8,23.8,100.0
478,深澤つぐみ,東レアローズ,12,32,4,14,5,0,35.7,1.25,0,0,0,,1,0.25,12,0,2,3,2.1,2,1,1,75.0,710,1600,6,35.7,
479,深澤めぐみ,久光スプリングス,1,132,18,128,46,11,35.9,2.56,13,6,2,46.2,5,0.28,58,4,6,19,12.5,61,26,19,58.2,2285,8907,55,27.3,30.8
480,深澤めぐみ,久光スプリングス,10,44,5,47,25,4,53.2,5.0,0,0,0,,0,0.0,12,0,2,4,4.2,37,11,6,37.8,598,2702,25,44.7,
481,深澤めぐみ,久光スプリングス,11,176,30,293,108,16,36.9,3.6,12,5,4,41.7,3,0.1,99,2,8,34,8.6,138,54,37,52.5,2611,9579,113,31.4,8.3
482,深澤めぐみ,久光スプリングス,12,44,6,48,10,2,20.8,1.67,0,0,0,,2,0.33,20,1,3,5,7.5,30,13,10,60.0,708,1455,13,16.7,
483,清水茜里,ヴィクトリーナ姫路,1,32,0,0,0,0,,,0,0,0,,0,,0,0,0,0,,0,0,0,,782,2163,0,,
484,清水茜里,ヴィクトリーナ姫路,10,32,0,0,0,0,,,0,0,0,,0,,0,0,0,0,,0,0,0,,596,2170,0,,
485,清水茜里,ヴィクトリーナ姫路,11,64,1,0,0,0,,0.0,0,0,0,,0,0.0,1,0,0,1,25.0,0,0,0,,1285,4320,0,,
486,清田萌,ヴィクトリーナ姫路,1,68,12,0,0,0,,0.0,0,0,0,,0,0.0,0,0,0,0,,0,0,0,,1541,4137,0,,
487,清田萌,ヴィクトリーナ姫路,10,17,0,0,0,0,,,0,0,0,,0,,0,0,0,0,,0,0,0,,295,1200,0,,
488,清田萌,ヴィクトリーナ姫路,11,119,20,0,0,0,,0.0,0,0,0,,0,0.0,32,1,3,4,3.9,0,0,0,,2251,8407,1,,
489,清田萌,ヴィクトリーナ姫路,12,17,1,0,0,0,,0.0,0,0,0,,0,0.0,1,0,0,0,0.0,0,0,0,,353,1456,0,,
490,渡邊彩,日立Astemoリヴァーレ,1,54,16,57,29,2,50.9,1.81,0,0,0,,3,0.19,51,2,1,14,10.3,1,1,0,100.0,2269,6780,34,47.4,
491,渡邊彩,日立Astemoリヴァーレ,10,18,0,0,0,0,,,0,0,0,,0,,0,0,0,0,,0,0,0,,588,1782,0,,
492,渡邊彩,日立Astemoリヴァーレ,11,72,2,6,2,0,33.3,1.0,0,0,0,,0,0.0,3,0,1,0,-8.3,0,0,0,,2603,8743,2,33.3,
493,渡邊彩,日立Astemoリヴァーレ,12,18,0,0,0,0,,,0,0,0,,0,,0,0,0,0,,0,0,0,,706,1052,0,,
494,渡邊真恵,PFUブルーキャッツ,1,12,5,9,1,1,11.1,0.2,0,0,0,,0,0.0,2,0,0,1,12.5,1,0,0,0.0,1129,3052,1,0.0,
495,渡邊真恵,PFUブルーキャッツ,10,8,4,3,1,0,33.3,0.25,0,0,0,,0,0.0,0,0,0,0,,0,0,0,,592,1280,1,33.3,
496,渡邊真恵,PFUブルーキャッツ,11,32,15,49,14,1,28.6,0.93,0,0,0,,3,0.2,18,0,3,3,0.0,0,0,0,,2601,5417,17,26.5,
497,渡邊真恵,PFUブルーキャッツ,12,8,2,6,3,0,50.0,1.5,0,0,0,,1,0.5,1,0,0,0,0.0,0,0,0,,708,1455,4,50.0,
498,澤田由佳,NECレッドロケッツ,1,60,15,0,0,0,,0.0,0,0,0,,0,0.0,4,0,2,0,-12.5,0,0,0,,2265,10393,0,,
499,澤田由佳,NECレッドロケッツ,10,20,6,0,0,0,,0.0,0,0,0,,0,0.0,18,0,0,7,9.7,0,0,0,,590,6432,0,,
500,澤田由佳,NECレッドロケッツ,11,60,14,0,0,0,,0.0,0,0,0,,0,0.0,31,0,0,7,5.6,0,0,0,,1952,10616,0,,
501,澤田由佳,NECレッドロケッツ,12,20,5,0,0,0,,0.0,0,0,0,,0,0.0,4,0,0,1,6.2,0,0,0,,714,3183,0,,
502,濱松明日香,久光スプリングス,1,24,15,79,40,9,50.6,2.67,0,0,0,,4,0.27,38,1,1,7,6.6,6,3,2,66.7,2285,8907,45,39.2,
503,濱松明日香,久光スプリングス,10,8,5,14,8,2,57.1,1.6,0,0,0,,2,0.4,7,0,5,0,-17.9,0,0,0,,598,2702,10,42.9,
504,濱松明日香,久光スプリングス,11,16,2,0,0,0,,0.0,0,0,0,,0,0.0,0,0,0,0,,0,0,0,,1265,5657,0,,
505,濱田真友,岡山シーガルズ,11,1,2,0,0,0,,0.0,0,0,0,,0,0.0,3,1,0,1,41.7,0,0,0,,314,1457,1,,
506,濱田真友,岡山シーガルズ,12,2,3,1,0,0,0.0,0.0,0,0,0,,0,0.0,11,0,0,3,6.8,0,0,0,,706,1052,0,0.0,
507,瀬戸杏華,PFUブルーキャッツ,1,12,3,2,1,0,50.0,0.33,0,0,0,,1,0.33,3,0,1,1,0.0,0,0,0,,2269,5569,2,50.0,
508,瀬戸杏華,PFUブルーキャッツ,10,4,5,3,1,0,33.3,0.2,0,0,0,,2,0.4,14,1,5,2,1.8,0,0,0,,592,1280,4,33.3,
509,瀬戸杏華,PFUブルーキャッツ,11,16,25,31,13,3,41.9,0.52,0,0,0,,7,0.28,79,7,7,23,13.9,4,3,0,75.0,2601,5417,27,32.3,
510,瀬戸杏華,PFUブルーキャッツ,12,4,4,10,3,0,30.0,0.75,0,0,0,,1,0.25,12,0,2,3,2.1,0,0,0,,708,1455,4,30.0,
511,熊井風音,トヨタ車体クインシーズ,1,60,8,0,0,0,,0.0,0,0,0,,0,0.0,0,0,0,0,,28,19,4,75.0,2273,4564,0,,
512,熊井風音,トヨタ車体クインシーズ,10,20,2,0,0,0,,0.0,0,0,0,,0,0.0,0,0,0,0,,6,2,0,33.3,598,2702,0,,
513,熊井風音,トヨタ車体クインシーズ,11,80,1,0,0,0,,0.0,0,0,0,,0,0.0,1,0,0,0,0.0,0,0,0,,2603,6061,0,,
514,熊井風音,トヨタ車体クインシーズ,12,20,0,0,0,0,,,0,0,0,,0,,0,0,0,0,,0,0,0,,704,1376,0,,
515,田中咲希,ヴィクトリーナ姫路,1,78,22,158,62,13,39.2,2.82,17,3,3,17.6,6,0.27,70,5,13,17,8.6,18,10,5,69.4,2269,5357,73,31.0,0.0
516,田中咲希,ヴィクトリーナ姫路,10,26,8,46,22,4,47.8,2.75,0,0,0,,1,0.12,35,8,5,12,27.9,39,14,13,52.6,596,2170,31,39.1,
517,田中咲希,ヴィクトリーナ姫路,11,104,31,209,80,11,38.3,2.58,2,0,0,0.0,7,0.23,99,1,15,20,2.3,140,54,39,52.5,2595,9007,88,33.0,0.0
518,田中咲希,ヴィクトリーナ姫路,12,26,6,42,16,2,38.1,2.67,0,0,0,,0,0.0,11,0,2,4,4.5,48,19,10,50.0,712,2924,16,33.3,
519,田中瑞稀,JTマーヴェラス,1,36,26,212,81,7,38.2,3.12,17,9,0,52.9,8,0.31,87,3,9,19,6.3,176,81,44,58.5,2261,11438,92,34.9,52.9
520,田中瑞稀,JTマーヴェラス,10,12,6,53,20,1,37.7,3.33,2,1,0,50.0,2,0.33,33,1,2,7,6.8,43,21,11,61.6,594,1999,23,35.8,50.0
521,田中瑞稀,JTマーヴェラス,11,48,32,245,93,7,38.0,2.91,24,11,1,45.8,8,0.25,138,2,12,34,5.4,233,113,58,60.9,2613,6307,103,35.1,41.7
522,田中瑞稀,JTマーヴェラス,12,12,6,31,11,1,35.5,1.83,4,2,0,50.0,1,0.17,28,0,2,11,8.0,37,15,7,50.0,712,2924,12,32.3,50.0
523,田原愛里,PFUブルーキャッツ,10,34,9,2,1,0,50.0,0.11,0,0,0,,0,0.0,23,2,3,7,13.0,0,0,0,,592,1280,3,50.0,
524,田原愛里,PFUブルーキャッツ,11,136,18,3,3,0,100.0,0.17,0,0,0,,0,0.0,17,1,4,2,2.9,1,1,0,100.0,2601,5417,4,100.0,
525,田原愛里,PFUブルーキャッツ,12,34,5,0,0,0,,0.0,0,0,0,,0,0.0,5,0,3,1,-10.0,0,0,0,,708,1455,0,,
526,田口絢佳,岡山シーガルズ,1,18,9,16,4,1,25.0,0.44,0,0,0,,3,0.33,29,1,0,5,7.8,4,2,0,50.0,2277,6101,8,18.8,
527,田口絢佳,岡山シーガルズ,10,6,5,10,5,0,50.0,1.0,0,0,0,,3,0.6,20,1,1,5,10.0,3,2,1,83.3,596,2170,9,50.0,
528,田口絢佳,岡山シーガルズ,11,15,8,5,1,0,20.0,0.12,0,0,0,,1,0.12,14,1,1,1,7.1,0,0,0,,1628,5287,3,20.0,
529,田口絢佳,岡山シーガルズ,12,6,3,9,3,0,33.3,1.0,0,0,0,,2,0.67,10,0,0,3,7.5,1,1,0,100.0,706,1052,5,33.3,
530,甲斐理香菜,岡山シーガルズ,11,30,10,15,5,3,33.3,0.5,0,0,0,,2,0.2,16,0,0,4,6.2,17,7,5,55.9,1000,3557,7,13.3,
531,甲萌香,NECレッドロケッツ,1,28,0,0,0,0,,,0,0,0,,0,,0,0,0,0,,0,0,0,,1485,6899,0,,
532,甲萌香,NECレッドロケッツ,10,14,1,4,2,0,50.0,2.0,0,0,0,,0,0.0,3,0,0,1,8.3,0,0,0,,590,6432,2,50.0,
533,甲萌香,NECレッドロケッツ,11,28,0,0,0,0,,,0,0,0,,0,,0,0,0,0,,0,0,0,,1272,4597,0,,
534,白澤明香里,久光スプリングス,1,26,8,0,0,0,,0.0,0,0,0,,0,0.0,7,0,0,1,3.6,2,0,0,0.0,763,2681,0,,
535,白澤明香里,久光スプリングス,11,26,5,0,0,0,,0.0,0,0,0,,0,0.0,8,0,0,2,6.2,0,0,0,,658,1722,0,,
536,目黒優佳,JTマーヴェラス,1,66,11,0,0,0,,0.0,0,0,0,,0,0.0,0,0,0,0,,48,34,3,74.0,2261,11438,0,,
537,目黒優佳,JTマーヴェラス,10,22,6,1,1,0,100.0,0.17,1,1,0,100.0,0,0.0,10,0,0,2,5.0,4,2,1,62.5,594,1999,1,100.0,100.0
538,目黒優佳,JTマーヴェラス,11,88,32,0,0,0,,0.0,0,0,0,,0,0.0,0,0,0,0,,120,71,27,70.4,2613,6307,0,,
539,目黒優佳,JTマーヴェラス,12,22,6,0,0,0,,0.0,0,0,0,,0,0.0,0,0,0,0,,20,9,7,62.5,712,2924,0,,
540,目黒安希,埼玉上尾メディックス,1,88,0,0,0,0,,,0,0,0,,0,,0,0,0,0,,0,0,0,,1543,3586,0,,
541,目黒安希,埼玉上尾メディックス,10,44,6,52,13,5,25.0,2.17,4,0,1,0.0,0,0.0,34,3,1,17,20.6,17,5,6,47.1,590,6432,16,15.4,-25.0
542,目黒安希,埼玉上尾メディックス,11,176,27,178,73,7,41.0,2.7,26,13,1,50.0,1,0.04,99,3,2,22,8.1,75,42,10,62.7,2599,4939,77,37.1,46.2
543,目黒安希,埼玉上尾メディックス,12,44,9,81,25,5,30.9,2.78,3,0,0,0.0,0,0.0,30,0,2,4,1.7,22,7,10,54.5,710,1600,25,24.7,0.0
544,真鍋くるみ,東レアローズ,1,48,13,0,0,0,,0.0,0,0,0,,0,0.0,18,0,2,7,6.9,0,0,0,,2275,7610,0,,
545,真鍋くるみ,東レアローズ,10,16,2,1,0,0,0.0,0.0,0,0,0,,0,0.0,1,0,1,0,-25.0,0,0,0,,592,1280,0,0.0,
546,真鍋くるみ,東レアローズ,11,64,7,1,1,0,100.0,0.14,0,0,0,,0,0.0,10,0,1,4,7.5,0,0,0,,2605,10497,1,100.0,
547,真鍋くるみ,東レアローズ,12,16,0,0,0,0,,,0,0,0,,0,,0,0,0,0,,0,0,0,,710,1600,0,,
548,石井優希,久光スプリングス,1,36,22,114,37,8,32.5,1.68,11,3,1,27.3,5,0.23,55,1,5,12,5.0,134,72,26,63.4,2285,8907,43,25.4,18.2
549,石井優希,久光スプリングス,10,12,8,51,20,4,39.2,2.5,2,1,0,50.0,1,0.12,24,1,2,8,10.4,64,30,12,56.2,598,2702,22,31.4,50.0
550,石井優希,久光スプリングス,11,24,9,77,22,4,28.6,2.44,5,2,0,40.0,3,0.33,35,1,2,9,7.9,67,39,15,69.4,1310,4967,26,23.4,40.0
551,石川真佑,東レアローズ,1,60,23,256,111,14,43.4,4.83,21,6,1,28.6,13,0.57,88,7,13,33,13.6,127,65,26,61.4,2275,7610,131,37.9,23.8
552,石川真佑,東レアローズ,10,20,10,85,31,2,36.5,3.1,15,3,1,20.0,4,0.4,41,3,4,14,13.4,54,28,15,65.7,592,1280,38,34.1,13.3
553,石川真佑,東レアローズ,11,80,33,356,131,22,36.8,3.97,46,18,1,39.1,10,0.3,121,16,23,23,13.2,175,111,22,69.7,2605,10497,157,30.6,37.0
554,石川真佑,東レアローズ,12,20,9,126,54,6,42.9,6.0,15,4,2,26.7,8,0.89,35,2,5,8,7.9,50,26,16,68.0,710,1600,64,38.1,13.3
555,福本眸,KUROBEアクアフェアリーズ,1,76,17,0,0,0,,0.0,0,0,0,,0,0.0,0,0,0,0,,84,44,22,65.5,1539,2717,0,,
556,福本眸,KUROBEアクアフェアリーズ,10,38,8,0,0,0,,0.0,0,0,0,,0,0.0,0,0,0,0,,42,25,4,64.3,588,1782,0,,
557,福本眸,KUROBEアクアフェアリーズ,11,152,30,0,0,0,,0.0,0,0,0,,0,0.0,0,0,0,0,,246,133,53,64.8,2597,5613,0,,
558,福本眸,KUROBEアクアフェアリーズ,12,38,8,0,0,0,,0.0,0,0,0,,0,0.0,0,0,0,0,,29,13,7,56.9,714,3183,0,,
559,福留慧美,デンソーエアリービーズ,1,114,23,0,0,0,,0.0,0,0,0,,0,0.0,0,0,0,0,,98,67,20,78.6,2267,6652,0,,
560,福留慧美,デンソーエアリービーズ,10,38,8,0,0,0,,0.0,0,0,0,,0,0.0,0,0,0,0,,27,14,11,72.2,594,1999,0,,
561,福留慧美,デンソーエアリービーズ,11,114,21,0,0,0,,0.0,0,0,0,,0,0.0,0,0,0,0,,41,19,9,57.3,1933,8650,0,,
562,福留慧美,デンソーエアリービーズ,12,38,9,0,0,0,,0.0,0,0,0,,0,0.0,0,0,0,0,,20,10,2,55.0,704,1376,0,,
563,立石優華,トヨタ車体クインシーズ,1,52,15,0,0,0,,0.0,0,0,0,,0,0.0,0,0,0,0,,65,26,15,51.5,1491,2401,0,,
564,立石優華,トヨタ車体クインシーズ,10,26,8,0,0,0,,0.0,0,0,0,,0,0.0,0,0,0,0,,36,15,5,48.6,598,2702,0,,
565,立石優華,トヨタ車体クインシーズ,11,104,32,0,0,0,,0.0,0,0,0,,0,0.0,0,0,0,0,,199,81,58,55.3,2603,6061,0,,
566,立石優華,トヨタ車体クインシーズ,12,26,9,0,0,0,,0.0,0,0,0,,0,0.0,0,0,0,0,,54,20,18,53.7,704,1376,0,,
567,籾井あき,JTマーヴェラス,1,48,23,6,3,1,50.0,0.13,0,0,0,,2,0.09,86,0,5,17,3.5,1,0,0,0.0,2261,11438,5,33.3,
568,籾井あき,JTマーヴェラス,10,16,3,1,0,1,0.0,0.0,0,0,0,,1,0.33,11,0,0,2,4.5,0,0,0,,594,1999,1,-100.0,
569,籾井あき,JTマーヴェラス,11,64,32,6,1,0,16.7,0.03,0,0,0,,3,0.09,96,2,8,19,4.9,2,1,1,75.0,2613,6307,6,16.7,
570,籾井あき,JTマーヴェラス,12,16,6,3,2,0,66.7,0.33,0,0,0,,1,0.17,25,2,0,5,13.0,0,0,0,,712,2924,5,66.7,
571,細沼綾,PFUブルーキャッツ,1,36,20,68,21,3,30.9,1.05,0,0,0,,10,0.5,54,0,9,8,-0.5,1,1,0,100.0,2269,5569,31,26.5,
572,細沼綾,PFUブルーキャッツ,10,12,7,22,5,1,22.7,0.71,0,0,0,,3,0.43,23,1,1,7,10.9,0,0,0,,592,1280,9,18.2,
573,細沼綾,PFUブルーキャッツ,11,48,14,11,4,1,36.4,0.29,0,0,0,,2,0.14,28,1,3,3,3.6,7,4,1,64.3,2601,5417,7,27.3,
574,細沼綾,PFUブルーキャッツ,12,12,4,12,6,0,50.0,1.5,0,0,0,,3,0.75,10,0,1,4,7.5,0,0,0,,708,1455,9,50.0,
575,綿引菜都美,PFUブルーキャッツ,1,60,12,6,2,0,33.3,0.17,0,0,0,,3,0.25,27,0,3,6,2.8,1,0,0,0.0,2269,5569,5,33.3,
576,綿引菜都美,PFUブルーキャッツ,10,20,3,1,0,0,0.0,0.0,0,0,0,,0,0.0,1,0,0,0,0.0,0,0,0,,592,1280,0,0.0,
577,綿引菜都美,PFUブルーキャッツ,11,80,20,17,9,0,52.9,0.45,0,0,0,,7,0.35,30,1,1,5,6.7,0,0,0,,2601,5417,17,52.9,
578,綿引菜都美,PFUブルーキャッツ,12,20,7,14,5,0,35.7,0.71,0,0,0,,3,0.43,22,0,1,5,4.5,1,0,0,0.0,708,1455,8,35.7,
579,舟根綾菜,トヨタ車体クインシーズ,1,35,16,2,1,0,50.0,0.06,1,0,0,0.0,0,0.0,17,0,1,5,5.9,0,0,0,,1885,3583,1,50.0,0.0
580,舟根綾菜,トヨタ車体クインシーズ,10,14,8,0,0,0,,0.0,0,0,0,,0,0.0,11,1,0,5,20.5,0,0,0,,598,2702,1,,
581,舟根綾菜,トヨタ車体クインシーズ,11,56,27,0,0,0,,0.0,0,0,0,,0,0.0,42,2,5,17,11.9,0,0,0,,2603,6061,2,,
582,舟根綾菜,トヨタ車体クインシーズ,12,14,8,1,0,0,0.0,0.0,0,0,0,,0,0.0,12,1,4,4,8.3,0,0,0,,704,1376,1,0.0,
583,船田芽依,岡山シーガルズ,1,132,25,0,0,0,,0.0,0,0,0,,0,0.0,0,0,0,0,,119,64,25,64.3,2277,6101,0,,
584,船田芽依,岡山シーガルズ,10,44,7,0,0,0,,0.0,0,0,0,,0,0.0,0,0,0,0,,23,5,7,37.0,596,2170,0,,
585,船田芽依,岡山シーガルズ,11,132,22,0,0,0,,0.0,0,0,0,,0,0.0,0,0,0,0,,64,35,9,61.7,1974,6287,0,,
586,船田芽依,岡山シーガルズ,12,44,7,0,0,0,,0.0,0,0,0,,0,0.0,0,0,0,0,,8,5,2,75.0,706,1052,0,,
587,花井萌里,ヴィクトリーナ姫路,1,36,22,0,0,0,,0.0,0,0,0,,0,0.0,0,0,0,0,,73,39,20,67.1,2269,5357,0,,
588,花井萌里,ヴィクトリーナ姫路,10,12,8,0,0,0,,0.0,0,0,0,,0,0.0,0,0,0,0,,33,17,8,63.6,596,2170,0,,
589,花井萌里,ヴィクトリーナ姫路,11,48,32,0,0,0,,0.0,0,0,0,,0,0.0,0,0,0,0,,120,59,28,60.8,2595,9007,0,,
590,花井萌里,ヴィクトリーナ姫路,12,12,6,0,0,0,,0.0,0,0,0,,0,0.0,0,0,0,0,,47,18,13,52.1,712,2924,0,,
591,荒木彩花,久光スプリングス,1,80,14,67,30,4,44.8,2.14,0,0,0,,9,0.64,35,0,0,8,5.7,0,0,0,,1549,5477,39,38.8,
592,荒木彩花,久光スプリングス,10,40,5,14,11,1,78.6,2.2,0,0,0,,1,0.2,6,0,2,4,8.3,2,2,0,100.0,598,2702,12,71.4,
593,荒木彩花,久光スプリングス,11,120,22,95,47,10,49.5,2.14,0,0,0,,17,0.77,50,0,7,6,-0.5,4,3,0,75.0,1923,7379,64,38.9,
594,菊池杏菜,KUROBEアクアフェアリーズ,10,10,7,3,1,0,33.3,0.14,0,0,0,,0,0.0,25,0,2,6,4.0,1,0,0,0.0,588,1782,1,33.3,
595,菊池杏菜,KUROBEアクアフェアリーズ,11,40,25,4,0,0,0.0,0.0,0,0,0,,1,0.04,68,1,0,11,5.5,0,0,0,,2597,5613,2,0.0,
596,菊池杏菜,KUROBEアクアフェアリーズ,12,10,8,0,0,0,,0.0,0,0,0,,0,0.0,30,0,2,4,1.7,1,0,0,0.0,714,3183,0,,
597,藤井莉子,NECレッドロケッツ,10,38,0,0,0,0,,,0,0,0,,0,,0,0,0,0,,0,0,0,,590,6432,0,,
598,藤井莉子,NECレッドロケッツ,11,38,0,0,0,0,,,0,0,0,,0,,0,0,0,0,,0,0,0,,616,1310,0,,
599,藤井莉子,NECレッドロケッツ,12,19,2,0,0,0,,0.0,0,0,0,,0,0.0,2,0,0,1,12.5,0,0,0,,354,1566,0,,
600,藪田美穂子,トヨタ車体クインシーズ,1,34,0,0,0,0,,,0,0,0,,0,,0,0,0,0,,0,0,0,,734,1611,0,,
601,藪田美穂子,トヨタ車体クインシーズ,10,34,0,0,0,0,,,0,0,0,,0,,0,0,0,0,,0,0,0,,598,2702,0,,
602,藪田美穂子,トヨタ車体クインシーズ,11,136,0,0,0,0,,,0,0,0,,0,,0,0,0,0,,0,0,0,,2603,6061,0,,
603,藪田美穂子,トヨタ車体クインシーズ,12,34,0,0,0,0,,,0,0,0,,0,,0,0,0,0,,0,0,0,,704,1376,0,,
604,西崎愛菜,JTマーヴェラス,1,60,19,0,0,0,,0.0,0,0,0,,0,0.0,0,0,0,0,,56,18,19,49.1,2261,11438,0,,
605,西崎愛菜,JTマーヴェラス,10,20,8,0,0,0,,0.0,0,0,0,,0,0.0,0,0,0,0,,35,11,13,50.0,594,1999,0,,
606,西崎愛菜,JTマーヴェラス,11,80,8,0,0,0,,0.0,0,0,0,,0,0.0,10,0,1,1,0.0,11,5,5,68.2,2613,6307,0,,
607,西崎愛菜,JTマーヴェラス,12,20,2,0,0,0,,0.0,0,0,0,,0,0.0,4,0,0,2,12.5,4,1,0,25.0,712,2924,0,,
608,西川吉野,東レアローズ,1,84,16,53,29,1,54.7,1.81,0,0,0,,3,0.19,21,0,1,5,4.8,66,30,6,50.0,2275,7610,32,52.8,
609,西川吉野,東レアローズ,10,28,10,69,27,3,39.1,2.7,0,0,0,,1,0.1,37,2,2,8,9.5,41,15,6,43.9,592,1280,30,34.8,
610,西川吉野,東レアローズ,11,112,33,165,63,10,38.2,1.91,4,1,0,25.0,5,0.15,98,4,10,24,7.7,166,66,43,52.7,2605,10497,72,32.1,25.0
611,西川吉野,東レアローズ,12,28,7,37,12,3,32.4,1.71,0,0,0,,1,0.14,20,0,1,6,6.2,36,10,11,43.1,710,1600,13,24.3,
612,西川有喜,JTマーヴェラス,1,6,4,26,5,3,19.2,1.25,5,0,1,0.0,2,0.5,6,0,0,3,12.5,17,5,6,47.1,2261,11438,7,7.7,-20.0
613,西川有喜,JTマーヴェラス,10,2,3,40,16,3,40.0,5.33,9,4,0,44.4,2,0.67,11,0,0,4,9.1,15,5,6,53.3,594,1999,18,32.5,44.4
614,西川有喜,JTマーヴェラス,11,8,28,263,99,9,37.6,3.54,36,12,2,33.3,11,0.39,86,5,10,24,9.9,131,43,38,47.3,2613,6307,115,34.2,27.8
615,西川有喜,JTマーヴェラス,12,2,5,32,14,1,43.8,2.8,3,1,0,33.3,1,0.2,12,1,0,7,22.9,14,7,2,57.1,712,2924,16,40.6,33.3
616,西村弥菜美,久光スプリングス,1,144,24,0,0,0,,0.0,0,0,0,,0,0.0,2,0,0,0,0.0,78,60,8,82.1,2285,8907,0,,
617,西村弥菜美,久光スプリングス,10,48,7,10,2,0,20.0,0.29,0,0,0,,0,0.0,13,1,1,8,21.2,10,2,3,35.0,598,2702,3,20.0,
618,西村弥菜美,久光スプリングス,11,192,30,0,0,0,,0.0,0,0,0,,0,0.0,17,1,1,3,8.8,48,29,9,69.8,2611,9579,1,,
619,西村弥菜美,久光スプリングス,12,48,6,2,0,0,0.0,0.0,0,0,0,,0,0.0,4,0,0,2,12.5,13,10,1,80.8,708,1455,0,0.0,
620,谷内美紅,PFUブルーキャッツ,1,26,0,0,0,0,,,0,0,0,,0,,0,0,0,0,,0,0,0,,755,1418,0,,
621,遠藤彩萌,岡山シーガルズ,1,78,18,77,18,0,23.4,1.0,1,0,0,0.0,0,0.0,33,0,0,7,5.3,57,22,13,50.0,2277,6101,18,23.4,0.0
622,遠藤彩萌,岡山シーガルズ,10,26,2,0,0,0,,0.0,0,0,0,,0,0.0,1,0,0,0,0.0,0,0,0,,596,2170,0,,
623,遠藤彩萌,岡山シーガルズ,11,13,1,3,1,0,33.3,1.0,0,0,0,,0,0.0,4,1,0,2,37.5,1,1,0,100.0,308,1310,2,33.3,
624,遠藤彩萌,岡山シーガルズ,12,26,4,28,11,0,39.3,2.75,0,0,0,,0,0.0,11,0,2,0,-4.5,7,2,2,42.9,706,1052,11,39.3,
625,野中瑠衣,日立Astemoリヴァーレ,1,78,22,110,38,7,34.5,1.73,3,1,0,33.3,2,0.09,69,2,7,18,6.9,86,40,14,54.7,2269,6780,42,28.2,33.3
626,野中瑠衣,日立Astemoリヴァーレ,10,26,4,11,4,0,36.4,1.0,1,0,0,0.0,1,0.25,2,0,0,2,25.0,0,0,0,,588,1782,5,36.4,0.0
627,野中瑠衣,日立Astemoリヴァーレ,11,104,22,53,19,3,35.8,0.86,6,2,0,33.3,1,0.05,33,2,3,11,12.1,18,12,2,72.2,2603,8743,22,30.2,33.3
628,野中瑠衣,日立Astemoリヴァーレ,12,26,6,20,6,0,30.0,1.0,0,0,0,,0,0.0,6,0,1,0,-4.2,12,5,3,54.2,706,1052,6,30.0,
629,野呂加南子,東レアローズ,1,66,18,96,39,4,40.6,2.17,1,0,0,0.0,0,0.0,53,2,2,11,8.0,99,42,22,53.5,2275,7610,41,36.5,0.0
630,野呂加南子,東レアローズ,10,22,3,3,1,0,33.3,0.33,1,0,0,0.0,0,0.0,1,0,0,0,0.0,2,0,0,0.0,592,1280,1,33.3,0.0
631,野呂加南子,東レアローズ,11,88,9,13,5,1,38.5,0.56,0,0,0,,0,0.0,8,0,0,3,9.4,19,7,4,47.4,2605,10497,5,30.8,
632,野呂加南子,東レアローズ,12,22,1,0,0,0,,0.0,0,0,0,,0,0.0,0,0,0,0,,0,0,0,,710,1600,0,,
633,野嶋華澄,NECレッドロケッツ,1,48,6,5,2,0,40.0,0.33,0,0,0,,1,0.17,10,0,0,1,2.5,0,0,0,,2265,10393,3,40.0,
634,野嶋華澄,NECレッドロケッツ,10,16,5,29,7,1,24.1,1.4,0,0,0,,0,0.0,14,1,0,2,10.7,1,1,0,100.0,590,6432,8,20.7,
635,野嶋華澄,NECレッドロケッツ,11,48,10,27,10,1,37.0,1.0,0,0,0,,2,0.2,37,1,2,16,12.2,0,0,0,,1952,10616,13,33.3,
636,野嶋華澄,NECレッドロケッツ,12,16,0,0,0,0,,,0,0,0,,0,,0,0,0,0,,0,0,0,,714,3183,0,,
637,金田修佳,岡山シーガルズ,1,108,17,152,43,8,28.3,2.53,0,0,0,,5,0.29,25,1,2,6,8.0,45,23,13,65.6,2277,6101,49,23.0,
638,金田修佳,岡山シーガルズ,10,36,5,34,13,2,38.2,2.6,0,0,0,,0,0.0,9,0,0,3,8.3,9,4,2,55.6,596,2170,13,32.4,
639,金田修佳,岡山シーガルズ,11,108,8,45,7,2,15.6,0.88,0,0,0,,0,0.0,6,0,1,2,4.2,4,2,1,62.5,1974,6287,7,11.1,
640,金田修佳,岡山シーガルズ,12,36,7,92,33,3,35.9,4.71,0,0,0,,6,0.86,22,0,0,4,4.5,24,14,4,66.7,706,1052,39,32.6,
641,金田莉実,ヴィクトリーナ姫路,1,132,18,30,12,1,40.0,0.67,0,0,0,,4,0.22,43,2,4,19,13.4,98,45,19,55.6,2269,5357,18,36.7,
642,金田莉実,ヴィクトリーナ姫路,10,44,5,0,0,0,,0.0,0,0,0,,1,0.2,9,1,0,3,19.4,0,0,0,,596,2170,2,,
643,金田莉実,ヴィクトリーナ姫路,11,176,15,4,0,0,0.0,0.0,0,0,0,,0,0.0,14,0,0,2,3.6,14,6,2,50.0,2595,9007,0,0.0,
644,鍋谷友理枝,PFUブルーキャッツ,1,30,4,14,5,0,35.7,1.25,1,0,0,0.0,0,0.0,4,0,0,1,6.2,4,1,0,25.0,776,2381,5,35.7,0.0
645,鍋谷友理枝,PFUブルーキャッツ,10,30,7,44,8,2,18.2,1.14,0,0,0,,2,0.29,17,0,3,6,4.4,25,9,9,54.0,592,1280,10,13.6,
646,鍋谷友理枝,PFUブルーキャッツ,11,120,17,118,44,2,37.3,2.59,1,1,0,100.0,3,0.18,47,1,2,8,5.3,103,56,22,65.0,2601,5417,48,35.6,100.0
647,鍋谷友理枝,PFUブルーキャッツ,12,30,6,41,16,3,39.0,2.67,1,0,0,0.0,3,0.5,18,0,1,2,1.4,51,16,14,45.1,708,1455,19,31.7,0.0
648,鎌田咲希,埼玉上尾メディックス,1,34,8,0,0,0,,0.0,0,0,0,,0,0.0,0,0,0,0,,0,0,0,,757,790,0,,
649,鎌田咲希,埼玉上尾メディックス,11,34,7,0,0,0,,0.0,0,0,0,,0,0.0,3,0,0,1,8.3,0,0,0,,682,1200,0,,
650,鎌田咲希,埼玉上尾メディックス,12,34,7,0,0,0,,0.0,0,0,0,,0,0.0,4,0,0,2,12.5,0,0,0,,710,1600,0,,
651,長内美和子,日立Astemoリヴァーレ,1,18,23,231,99,16,42.9,4.3,11,1,2,9.1,7,0.3,62,2,4,18,8.9,115,42,40,53.9,2269,6780,108,35.9,-9.1
652,長内美和子,日立Astemoリヴァーレ,10,6,8,55,25,7,45.5,3.12,6,3,1,50.0,2,0.25,22,1,3,7,9.1,59,32,8,61.0,588,1782,28,32.7,33.3
653,長内美和子,日立Astemoリヴァーレ,11,24,29,253,80,11,31.6,2.76,18,2,3,11.1,7,0.24,79,1,13,9,0.0,195,86,49,56.7,2603,8743,88,27.3,-5.6
654,長内美和子,日立Astemoリヴァーレ,12,6,6,62,24,5,38.7,4.0,5,1,2,20.0,1,0.17,12,1,7,0,-6.2,49,25,13,64.3,706,1052,26,30.6,-20.0
655,長岡望悠,久光スプリングス,1,6,7,41,13,3,31.7,1.86,10,3,3,30.0,0,0.0,7,1,1,0,10.7,0,0,0,,2285,8907,14,24.4,0.0
656,長岡望悠,久光スプリングス,10,2,0,0,0,0,,,0,0,0,,0,,0,0,0,0,,0,0,0,,598,2702,0,,
657,長岡望悠,久光スプリングス,11,4,11,52,28,3,53.8,2.55,9,4,0,44.4,3,0.27,29,1,3,2,2.6,1,1,0,100.0,1310,4967,32,48.1,44.4
658,長岡望悠,久光スプリングス,12,2,5,13,4,0,30.8,0.8,0,0,0,,1,0.2,0,0,0,0,,0,0,0,,708,1455,5,30.8,
659,長瀬そら,岡山シーガルズ,1,130,15,46,24,0,52.2,1.6,0,0,0,,4,0.27,57,4,0,10,11.4,0,0,0,,1908,5073,32,52.2,
660,長瀬そら,岡山シーガルズ,10,52,7,18,10,0,55.6,1.43,0,0,0,,1,0.14,22,1,0,7,12.5,0,0,0,,596,2170,12,55.6,
661,長瀬そら,岡山シーガルズ,11,130,7,13,1,0,7.7,0.14,0,0,0,,0,0.0,13,0,0,3,5.8,1,1,0,100.0,1634,5187,1,7.7,
662,関菜々巳,東レアローズ,1,36,23,12,8,0,66.7,0.35,0,0,0,,3,0.13,88,2,8,26,7.4,0,0,0,,2275,7610,13,66.7,
663,関菜々巳,東レアローズ,10,12,10,7,5,0,71.4,0.5,0,0,0,,1,0.1,26,1,3,4,4.8,0,0,0,,592,1280,7,71.4,
664,関菜々巳,東レアローズ,11,48,33,21,14,1,66.7,0.42,0,0,0,,4,0.12,102,6,7,18,8.6,3,0,1,16.7,2605,10497,24,61.9,
665,関菜々巳,東レアローズ,12,12,9,7,4,0,57.1,0.44,0,0,0,,1,0.11,34,1,3,4,3.7,0,0,0,,710,1600,6,57.1,
666,雑賀恵斗,日立Astemoリヴァーレ,1,12,21,13,10,0,76.9,0.48,0,0,0,,0,0.0,63,3,8,16,7.9,0,0,0,,2269,6780,13,76.9,
667,雑賀恵斗,日立Astemoリヴァーレ,10,4,8,2,2,0,100.0,0.25,0,0,0,,0,0.0,28,1,3,11,10.7,0,0,0,,588,1782,3,100.0,
668,雑賀恵斗,日立Astemoリヴァーレ,11,16,29,16,4,1,25.0,0.14,0,0,0,,3,0.1,89,1,8,24,5.6,3,0,0,0.0,2603,8743,8,18.8,
669,雑賀恵斗,日立Astemoリヴァーレ,12,4,6,2,1,0,50.0,0.17,0,0,0,,0,0.0,18,2,1,2,12.5,0,0,0,,706,1052,3,50.0,
670,青柳京古,埼玉上尾メディックス,1,44,15,65,35,1,53.8,2.33,0,0,0,,4,0.27,66,2,2,15,8.0,6,2,3,58.3,1543,3586,41,52.3,
671,青柳京古,埼玉上尾メディックス,10,22,6,22,11,0,50.0,1.83,0,0,0,,1,0.17,24,0,2,9,7.3,1,0,0,0.0,590,6432,12,50.0,
672,青柳京古,埼玉上尾メディックス,11,77,17,71,28,2,39.4,1.65,0,0,0,,7,0.41,60,2,3,8,5.4,0,0,0,,2261,4339,37,36.6,
673,青柳京古,埼玉上尾メディックス,12,22,9,40,14,3,35.0,1.56,0,0,0,,3,0.33,29,0,1,6,4.3,1,1,0,100.0,710,1600,17,27.5,
674,高佐風梨,トヨタ車体クインシーズ,1,15,0,0,0,0,,,0,0,0,,0,,0,0,0,0,,0,0,0,,388,981,0,,
675,高柳有里,岡山シーガルズ,1,45,18,75,14,2,18.7,0.78,0,0,0,,5,0.28,22,0,0,4,4.5,52,23,8,51.9,1899,4896,19,16.0,
676,高柳有里,岡山シーガルズ,10,18,7,50,16,3,32.0,2.29,0,0,0,,1,0.14,13,0,0,4,7.7,20,6,4,40.0,596,2170,17,26.0,
677,高柳有里,岡山シーガルズ,11,54,24,184,48,5,26.1,2.0,2,0,0,0.0,2,0.08,60,3,0,11,9.6,147,69,36,59.2,1974,6287,53,23.4,0.0
678,高柳有里,岡山シーガルズ,12,18,6,23,9,0,39.1,1.5,0,0,0,,0,0.0,8,0,1,3,6.2,27,14,7,64.8,706,1052,9,39.1,
679,高橋愛未,KUROBEアクアフェアリーズ,1,12,17,161,55,6,34.2,3.24,1,0,1,0.0,5,0.29,34,0,0,16,11.8,111,52,27,59.0,1539,2717,60,30.4,-100.0
680,高橋愛未,KUROBEアクアフェアリーズ,10,6,8,72,21,6,29.2,2.62,4,1,2,25.0,4,0.5,24,0,3,8,5.2,51,24,5,52.0,588,1782,25,20.8,-25.0
681,高橋愛未,KUROBEアクアフェアリーズ,11,24,25,189,52,10,27.5,2.08,8,1,3,12.5,6,0.24,50,3,4,14,11.0,150,65,42,57.3,2597,5613,61,22.2,-25.0
682,高橋愛未,KUROBEアクアフェアリーズ,12,6,1,10,5,1,50.0,5.0,1,1,0,100.0,0,0.0,3,0,0,0,0.0,6,1,3,41.7,714,3183,5,40.0,100.0
683,高橋愛莉,デンソーエアリービーズ,1,42,11,0,0,0,,0.0,0,0,0,,0,0.0,16,1,1,2,7.8,1,0,1,50.0,2267,6652,1,,
684,高橋愛莉,デンソーエアリービーズ,10,14,2,0,0,0,,0.0,0,0,0,,0,0.0,3,0,1,1,0.0,0,0,0,,594,1999,0,,
685,高橋愛莉,デンソーエアリービーズ,11,56,2,0,0,0,,0.0,0,0,0,,0,0.0,2,0,0,0,0.0,0,0,0,,2593,9652,0,,
686,高橋愛莉,デンソーエアリービーズ,12,14,3,0,0,0,,0.0,0,0,0,,0,0.0,0,0,0,0,,8,3,2,50.0,704,1376,0,,
687,高橋茉莉奈,JTマーヴェラス,1,84,14,31,13,1,41.9,0.93,0,0,0,,2,0.14,46,1,2,16,9.8,0,0,0,,2261,11438,16,38.7,
688,高橋茉莉奈,JTマーヴェラス,10,28,8,16,5,0,31.2,0.62,0,0,0,,1,0.12,22,0,3,5,2.3,3,2,0,66.7,594,1999,6,31.2,
689,高橋茉莉奈,JTマーヴェラス,11,112,16,25,8,1,32.0,0.5,0,0,0,,4,0.25,53,0,4,7,1.4,4,3,0,75.0,2613,6307,12,28.0,
690,高橋茉莉奈,JTマーヴェラス,12,28,6,22,10,2,45.5,1.67,0,0,0,,0,0.0,20,0,1,6,6.2,2,2,0,100.0,712,2924,10,36.4,
691,高相みな実,PFUブルーキャッツ,1,40,6,34,7,1,20.6,1.17,3,2,0,66.7,1,0.17,11,0,3,3,0.0,28,8,13,51.8,1878,4287,8,17.6,66.7
692,高相みな実,PFUブルーキャッツ,10,8,0,0,0,0,,,0,0,0,,0,,0,0,0,0,,0,0,0,,293,710,0,,
693,高相みな実,PFUブルーキャッツ,11,40,9,39,11,2,28.2,1.22,1,0,0,0.0,2,0.22,14,0,1,5,7.1,39,16,12,56.4,1651,3442,13,23.1,0.0
694,高相みな実,PFUブルーキャッツ,12,16,3,29,11,0,37.9,3.67,2,2,0,100.0,0,0.0,9,0,3,2,-2.8,6,2,3,58.3,708,1455,11,37.9,100.0
695,高間来瞳,日立Astemoリヴァーレ,1,90,7,4,0,0,0.0,0.0,0,0,0,,0,0.0,9,0,1,3,5.6,4,1,1,37.5,2269,6780,0,0.0,
696,高間来瞳,日立Astemoリヴァーレ,10,30,3,0,0,0,,0.0,0,0,0,,0,0.0,6,2,0,1,37.5,0,0,0,,588,1782,2,,
697,高間来瞳,日立Astemoリヴァーレ,11,120,9,13,4,0,30.8,0.44,1,1,0,100.0,0,0.0,16,0,1,4,4.7,21,11,2,57.1,2603,8743,4,30.8,100.0
698,高間来瞳,日立Astemoリヴァーレ,12,30,3,15,7,1,46.7,2.33,0,0,0,,1,0.33,5,1,0,2,30.0,2,1,1,75.0,706,1052,9,40.0,
699,鴫原ひなた,トヨタ車体クインシーズ,1,6,23,134,50,13,37.3,2.17,3,1,0,33.3,7,0.3,103,9,9,39,16.0,158,77,31,58.5,2273,4564,66,27.6,33.3
700,鴫原ひなた,トヨタ車体クインシーズ,10,2,8,58,20,1,34.5,2.5,6,1,0,16.7,2,0.25,41,3,1,16,16.5,32,14,8,56.2,598,2702,25,32.8,16.7
701,鴫原ひなた,トヨタ車体クインシーズ,11,8,32,242,76,20,31.4,2.38,15,3,2,20.0,3,0.09,141,7,15,35,8.5,205,80,58,53.2,2603,6061,86,23.1,6.7
702,鴫原ひなた,トヨタ車体クインシーズ,12,2,9,83,32,3,38.6,3.56,0,0,0,,1,0.11,32,1,3,12,10.2,52,29,7,62.5,704,1376,34,34.9,
703,麻野七奈未,デンソーエアリービーズ,1,138,22,57,22,6,38.6,1.0,0,0,0,,16,0.73,77,9,7,15,14.3,16,8,3,59.4,2267,6652,47,28.1,
704,麻野七奈未,デンソーエアリービーズ,10,46,4,11,3,2,27.3,0.75,0,0,0,,5,1.25,9,0,0,3,8.3,0,0,0,,594,1999,8,9.1,
705,麻野七奈未,デンソーエアリービーズ,11,184,16,44,15,1,34.1,0.94,0,0,0,,7,0.44,38,0,2,14,7.9,3,1,1,50.0,2593,9652,22,31.8,
706,麻野七奈未,デンソーエアリービーズ,12,46,9,31,12,2,38.7,1.33,0,0,0,,6,0.67,25,0,4,11,7.0,6,1,3,41.7,704,1376,18,32.3,
707,黒後愛,東レアローズ,1,30,16,4,3,0,75.0,0.19,1,1,0,100.0,1,0.06,20,0,0,5,6.2,19,9,3,55.3,2275,7610,4,75.0,100.0
708,黒後愛,東レアローズ,10,10,0,0,0,0,,,0,0,0,,0,,0,0,0,0,,0,0,0,,592,1280,0,,
709,黒後愛,東レアローズ,11,40,24,0,0,0,,0.0,0,0,0,,0,0.0,41,3,2,8,11.0,21,11,2,57.1,2605,10497,3,,
710,黒後愛,東レアローズ,12,10,3,0,0,0,,0.0,0,0,0,,0,0.0,3,0,1,0,-8.3,4,1,1,37.5,710,1600,0,,
711,黒須咲良,トヨタ車体クインシーズ,1,48,4,0,0,0,,0.0,0,0,0,,0,0.0,4,0,0,0,0.0,0,0,0,,2273,4564,0,,
712,黒須咲良,トヨタ車体クインシーズ,10,16,0,0,0,0,,,0,0,0,,0,,0,0,0,0,,0,0,0,,598,2702,0,,
713,黒須咲良,トヨタ車体クインシーズ,11,64,0,0,0,0,,,0,0,0,,0,,0,0,0,0,,0,0,0,,2603,6061,0,,
714,黒須咲良,トヨタ車体クインシーズ,12,16,0,0,0,0,,,0,0,0,,0,,0,0,0,0,,0,0,0,,704,1376,0,,
715,齋藤加奈子,日立Astemoリヴァーレ,1,42,22,0,0,0,,0.0,0,0,0,,0,0.0,0,0,0,0,,120,58,31,61.2,2269,6780,0,,
716,齋藤加奈子,日立Astemoリヴァーレ,10,14,8,0,0,0,,0.0,0,0,0,,0,0.0,0,0,0,0,,34,15,8,55.9,588,1782,0,,
717,齋藤加奈子,日立Astemoリヴァーレ,11,56,29,0,0,0,,0.0,0,0,0,,0,0.0,0,0,0,0,,126,61,26,58.7,2603,8743,0,,
718,齋藤加奈子,日立Astemoリヴァーレ,12,14,7,0,0,0,,0.0,0,0,0,,0,0.0,0,0,0,0,,36,19,11,68.1,706,1052,0,,
