Team,GetSet,GetPoint,1SetPoint,2SetPoint,3SetPoint,4SetPoint,5SetPoint,TotalPoint,AA,AP,AE,ASucc%,AP/S,BAA,BAP,BAE,BASucc%,BP,BP/S,SVA,SVP,SVE,SVx,SVEff%,RA,Rx,Rg,RSucc%,TF,OpE,OpTeam,LostSet,LostPoint,Op1SetPoint,Op2SetPoint,Op3SetPoint,Op4SetPoint,Op5SetPoint,OpTotalPoint,OpAA,OpAP,OpAE,OpASucc%,OpAP/S,OpBAA,OpBAP,OpBAE,OpBASucc%,OpBP,OpBP/S,OpSVA,OpSVP,OpSVE,OpSVx,OpSVEff%,OpRA,OpRx,OpRg,OpRSucc%,OpTF,OpOpE,GameId,Date,Place,Venue,Spectators,StartTime,EndTime,GameTime,JURY,ChiefUmpire,SubUmpire,Judge
日立Astemoリヴァーレ,3,2,16,25,22,25,15,103,168,66,10,39.3,13.20,18,7,2,38.9,12,2.40,102,4,10,33,9.6,89,39.0,14.0,51.7,2.0,21,KUROBEアクアフェアリーズ,2,1,25,20,25,18,8,96,163,60,11,36.8,12.00,15,2,2,13.3,11,2.20,97,3,7,34,10.1,89,47.0,8.0,57.3,3.0,22,291,2022/10/29,茨城県,ひたちなか市総合運動公園総合体育館,983,13:00,15:11,2:11,利根川忠史,津嶋由香,饗庭和恵,酒寄和記
KUROBEアクアフェアリーズ,2,1,25,20,25,18,8,96,163,60,11,36.8,12.00,15,2,2,13.3,11,2.20,97,3,7,34,10.1,89,47.0,8.0,57.3,3.0,22,日立Astemoリヴァーレ,3,2,16,25,22,25,15,103,168,66,10,39.3,13.20,18,7,2,38.9,12,2.40,102,4,10,33,9.6,89,39.0,14.0,51.7,2.0,21,291,2022/10/29,茨城県,ひたちなか市総合運動公園総合体育館,983,13:00,15:11,2:11,利根川忠史,津嶋由香,饗庭和恵,酒寄和記
日立Astemoリヴァーレ,3,3,25,25,25,,,75,103,45,8,43.7,15.00,12,6,0,50.0,8,2.67,74,6,5,23,14.2,50,26.0,9.0,61.0,0.0,16,KUROBEアクアフェアリーズ,0,0,13,21,20,,,54,107,34,11,31.8,11.33,11,2,3,18.2,7,2.33,55,0,5,15,4.5,66,27.0,13.0,50.8,0.0,13,297,2022/10/30,茨城県,ひたちなか市総合運動公園総合体育館,799,13:00,14:22,1:22,利根川忠史,饗庭和恵,津嶋由香,宮本和詮
KUROBEアクアフェアリーズ,0,0,13,21,20,,,54,107,34,11,31.8,11.33,11,2,3,18.2,7,2.33,55,0,5,15,4.5,66,27.0,13.0,50.8,0.0,13,日立Astemoリヴァーレ,3,3,25,25,25,,,75,103,45,8,43.7,15.00,12,6,0,50.0,8,2.67,74,6,5,23,14.2,50,26.0,9.0,61.0,0.0,16,297,2022/10/30,茨城県,ひたちなか市総合運動公園総合体育館,799,13:00,14:22,1:22,利根川忠史,饗庭和恵,津嶋由香,宮本和詮
NECレッドロケッツ,0,0,21,19,13,,,53,130,39,14,30.0,13.00,12,2,2,16.7,2,0.67,54,1,9,18,6.0,69,22.0,18.0,44.9,3.0,11,埼玉上尾メディックス,3,3,25,25,25,,,75,94,41,4,43.6,13.67,7,3,0,42.9,5,1.67,74,3,4,27,11.8,44,19.0,7.0,51.1,3.0,26,292,2022/10/29,神奈川県,とどろきアリーナ,3000,15:00,16:27,1:27,勝又正,渡部菜保子,上總向貴,青山真奈美
埼玉上尾メディックス,3,3,25,25,25,,,75,94,41,4,43.6,13.67,7,3,0,42.9,5,1.67,74,3,4,27,11.8,44,19.0,7.0,51.1,3.0,26,NECレッドロケッツ,0,0,21,19,13,,,53,130,39,14,30.0,13.00,12,2,2,16.7,2,0.67,54,1,9,18,6.0,69,22.0,18.0,44.9,3.0,11,292,2022/10/29,神奈川県,とどろきアリーナ,3000,15:00,16:27,1:27,勝又正,渡部菜保子,上總向貴,青山真奈美
NECレッドロケッツ,0,0,19,23,19,,,61,128,39,5,30.5,13.00,15,8,1,53.3,2,0.67,62,1,6,19,6.9,64,20.0,16.0,43.8,1.0,19,埼玉上尾メディックス,3,3,25,25,25,,,75,133,50,10,37.6,16.67,7,1,2,14.3,10,3.33,74,3,8,27,10.5,55,12.0,24.0,43.6,1.0,12,298,2022/10/30,神奈川県,とどろきアリーナ,3432,13:00,14:38,1:38,勝又正,増岡三佳子,上總向貴,櫻井正司
埼玉上尾メディックス,3,3,25,25,25,,,75,133,50,10,37.6,16.67,7,1,2,14.3,10,3.33,74,3,8,27,10.5,55,12.0,24.0,43.6,1.0,12,NECレッドロケッツ,0,0,19,23,19,,,61,128,39,5,30.5,13.00,15,8,1,53.3,2,0.67,62,1,6,19,6.9,64,20.0,16.0,43.8,1.0,19,298,2022/10/30,神奈川県,とどろきアリーナ,3432,13:00,14:38,1:38,勝又正,増岡三佳子,上總向貴,櫻井正司
PFUブルーキャッツ,2,1,25,25,16,17,13,96,175,64,13,36.6,12.80,12,2,3,16.7,11,2.20,96,2,17,28,4.9,94,42.0,21.0,55.9,3.0,19,東レアローズ,3,2,23,21,25,25,15,109,162,63,7,38.9,12.60,15,2,2,13.3,4,0.80,109,9,11,26,11.7,78,42.0,7.0,58.3,1.0,33,293,2022/10/29,石川県,一本松総合運動公園体育館サン・アリーナ,710,14:00,16:16,2:16,三見洋子,佐々木伸子,品川美帆,桐山比呂子
東レアローズ,3,2,23,21,25,25,15,109,162,63,7,38.9,12.60,15,2,2,13.3,4,0.80,109,9,11,26,11.7,78,42.0,7.0,58.3,1.0,33,PFUブルーキャッツ,2,1,25,25,16,17,13,96,175,64,13,36.6,12.80,12,2,3,16.7,11,2.20,96,2,17,28,4.9,94,42.0,21.0,55.9,3.0,19,293,2022/10/29,石川県,一本松総合運動公園体育館サン・アリーナ,710,14:00,16:16,2:16,三見洋子,佐々木伸子,品川美帆,桐山比呂子
PFUブルーキャッツ,2,1,19,17,25,25,14,100,181,59,9,32.6,11.80,19,5,3,26.3,15,3.00,100,3,18,24,4.5,93,42.0,26.0,59.1,3.0,23,東レアローズ,3,2,25,25,16,23,16,105,182,59,7,32.4,11.80,23,4,2,17.4,11,2.20,105,5,11,21,7.1,81,36.0,19.0,56.2,5.0,30,299,2022/10/30,石川県,一本松総合運動公園体育館サン・アリーナ,570,14:00,16:08,2:08,三見洋子,森口豊,品川美帆,内藤正康
東レアローズ,3,2,25,25,16,23,16,105,182,59,7,32.4,11.80,23,4,2,17.4,11,2.20,105,5,11,21,7.1,81,36.0,19.0,56.2,5.0,30,PFUブルーキャッツ,2,1,19,17,25,25,14,100,181,59,9,32.6,11.80,19,5,3,26.3,15,3.00,100,3,18,24,4.5,93,42.0,26.0,59.1,3.0,23,299,2022/10/30,石川県,一本松総合運動公園体育館サン・アリーナ,570,14:00,16:08,2:08,三見洋子,森口豊,品川美帆,内藤正康
JTマーヴェラス,3,2,23,25,21,25,15,109,186,71,10,38.2,14.20,23,5,0,21.7,10,2.00,108,0,5,30,5.8,85,35.0,23.0,54.7,5.0,28,デンソーエアリービーズ,2,1,25,17,25,22,8,97,202,68,17,33.7,13.60,54,14,6,25.9,4,0.80,98,5,9,26,9.4,103,45.0,28.0,57.3,2.0,20,294,2022/10/29,大阪府,住吉スポーツセンター,958,13:00,15:20,2:20,塚本健,明井寿枝,長崎有紗,和佐田信行
デンソーエアリービーズ,2,1,25,17,25,22,8,97,202,68,17,33.7,13.60,54,14,6,25.9,4,0.80,98,5,9,26,9.4,103,45.0,28.0,57.3,2.0,20,JTマーヴェラス,3,2,23,25,21,25,15,109,186,71,10,38.2,14.20,23,5,0,21.7,10,2.00,108,0,5,30,5.8,85,35.0,23.0,54.7,5.0,28,294,2022/10/29,大阪府,住吉スポーツセンター,958,13:00,15:20,2:20,塚本健,明井寿枝,長崎有紗,和佐田信行
JTマーヴェラス,3,3,25,25,25,,,75,109,44,5,40.4,14.67,9,3,0,33.3,7,2.33,73,5,1,19,13.0,50,26.0,14.0,66.0,4.0,19,デンソーエアリービーズ,0,0,15,21,23,,,59,119,42,7,35.3,14.00,26,8,5,30.8,6,2.00,61,1,10,10,1.6,69,26.0,22.0,53.6,2.0,10,300,2022/10/30,大阪府,住吉スポーツセンター,1041,13:00,14:23,1:23,塚本健,吉岡奈々,長崎有紗,和佐田信行
デンソーエアリービーズ,0,0,15,21,23,,,59,119,42,7,35.3,14.00,26,8,5,30.8,6,2.00,61,1,10,10,1.6,69,26.0,22.0,53.6,2.0,10,JTマーヴェラス,3,3,25,25,25,,,75,109,44,5,40.4,14.67,9,3,0,33.3,7,2.33,73,5,1,19,13.0,50,26.0,14.0,66.0,4.0,19,300,2022/10/30,大阪府,住吉スポーツセンター,1041,13:00,14:23,1:23,塚本健,吉岡奈々,長崎有紗,和佐田信行
岡山シーガルズ,1,0,23,10,25,21,,79,138,47,7,34.1,11.75,7,3,2,42.9,4,1.00,80,4,2,21,10.9,85,28.0,17.0,42.9,3.0,24,ヴィクトリーナ姫路,3,3,25,25,23,25,,98,160,71,10,44.4,17.75,7,4,0,57.1,7,1.75,97,8,11,33,13.9,77,30.0,23.0,53.9,3.0,12,295,2022/10/29,岡山県,ジップアリーナ岡山,1200,13:05,15:00,1:55,芦田光巨,山本晋五,黒岩健,真鍋美也子
ヴィクトリーナ姫路,3,3,25,25,23,25,,98,160,71,10,44.4,17.75,7,4,0,57.1,7,1.75,97,8,11,33,13.9,77,30.0,23.0,53.9,3.0,12,岡山シーガルズ,1,0,23,10,25,21,,79,138,47,7,34.1,11.75,7,3,2,42.9,4,1.00,80,4,2,21,10.9,85,28.0,17.0,42.9,3.0,24,295,2022/10/29,岡山県,ジップアリーナ岡山,1200,13:05,15:00,1:55,芦田光巨,山本晋五,黒岩健,真鍋美也子
岡山シーガルズ,3,3,25,20,25,25,,95,127,62,8,48.8,15.50,7,1,1,14.3,9,2.25,94,2,3,26,8.2,65,19.0,21.0,45.4,6.0,22,ヴィクトリーナ姫路,1,0,20,25,15,20,,80,142,50,9,35.2,12.50,5,1,2,20.0,5,1.25,81,8,13,20,12.0,89,34.0,29.0,54.5,0.0,17,301,2022/10/30,岡山県,ジップアリーナ岡山,970,13:30,15:22,1:52,芦田光巨,國頭亮太,黒岩健,真鍋孝志
ヴィクトリーナ姫路,1,0,20,25,15,20,,80,142,50,9,35.2,12.50,5,1,2,20.0,5,1.25,81,8,13,20,12.0,89,34.0,29.0,54.5,0.0,17,岡山シーガルズ,3,3,25,20,25,25,,95,127,62,8,48.8,15.50,7,1,1,14.3,9,2.25,94,2,3,26,8.2,65,19.0,21.0,45.4,6.0,22,301,2022/10/30,岡山県,ジップアリーナ岡山,970,13:30,15:22,1:52,芦田光巨,國頭亮太,黒岩健,真鍋孝志
久光スプリングス,1,0,20,25,27,16,,88,138,62,9,44.9,15.50,13,4,1,30.8,6,1.50,89,2,11,32,8.1,85,34.0,18.0,50.6,1.0,18,トヨタ車体クインシーズ,3,3,25,15,29,25,,94,135,59,9,43.7,14.75,19,3,3,15.8,8,2.00,93,6,7,28,12.1,78,39.0,5.0,53.2,2.0,21,296,2022/10/29,佐賀県,佐賀県総合体育館,1418,14:05,16:15,2:10,石井洋壮,千代延靖夫,木内誠ニ,久保温子
トヨタ車体クインシーズ,3,3,25,15,29,25,,94,135,59,9,43.7,14.75,19,3,3,15.8,8,2.00,93,6,7,28,12.1,78,39.0,5.0,53.2,2.0,21,久光スプリングス,1,0,20,25,27,16,,88,138,62,9,44.9,15.50,13,4,1,30.8,6,1.50,89,2,11,32,8.1,85,34.0,18.0,50.6,1.0,18,296,2022/10/29,佐賀県,佐賀県総合体育館,1418,14:05,16:15,2:10,石井洋壮,千代延靖夫,木内誠ニ,久保温子
久光スプリングス,3,3,25,25,20,25,,95,132,66,11,50.0,16.50,10,5,1,50.0,8,2.00,94,3,10,37,10.4,77,33.0,10.0,49.4,1.0,18,トヨタ車体クインシーズ,1,0,23,18,25,13,,79,128,48,12,37.5,12.00,18,7,4,38.9,4,1.00,80,5,3,29,14.4,82,28.0,16.0,43.9,3.0,22,302,2022/10/30,佐賀県,佐賀県総合体育館,1284,13:05,15:06,2:01,石井洋壮,江口祐一郎,千代延靖夫,久保温子
トヨタ車体クインシーズ,1,0,23,18,25,13,,79,128,48,12,37.5,12.00,18,7,4,38.9,4,1.00,80,5,3,29,14.4,82,28.0,16.0,43.9,3.0,22,久光スプリングス,3,3,25,25,20,25,,95,132,66,11,50.0,16.50,10,5,1,50.0,8,2.00,94,3,10,37,10.4,77,33.0,10.0,49.4,1.0,18,302,2022/10/30,佐賀県,佐賀県総合体育館,1284,13:05,15:06,2:01,石井洋壮,江口祐一郎,千代延靖夫,久保温子
埼玉上尾メディックス,3,3,25,25,25,,,75,117,50,4,42.7,16.67,8,5,0,62.5,6,2.00,74,3,3,10,6.4,51,38.0,7.0,81.4,1.0,16,PFUブルーキャッツ,0,0,20,18,22,,,60,121,43,5,35.5,14.33,17,4,1,23.5,6,2.00,61,3,9,4,2.9,71,51.0,7.0,76.8,2.0,8,303,2022/11/05,岩手県,総合交流センター（夢アリーナたかた）,550,13:00,14:44,1:44,斎藤篤,高橋宏明,早坂行博,藤原和紀
PFUブルーキャッツ,0,0,20,18,22,,,60,121,43,5,35.5,14.33,17,4,1,23.5,6,2.00,61,3,9,4,2.9,71,51.0,7.0,76.8,2.0,8,埼玉上尾メディックス,3,3,25,25,25,,,75,117,50,4,42.7,16.67,8,5,0,62.5,6,2.00,74,3,3,10,6.4,51,38.0,7.0,81.4,1.0,16,303,2022/11/05,岩手県,総合交流センター（夢アリーナたかた）,550,13:00,14:44,1:44,斎藤篤,高橋宏明,早坂行博,藤原和紀
埼玉上尾メディックス,3,3,25,25,25,,,75,116,48,2,41.4,16.00,10,5,0,50.0,8,2.67,74,4,4,13,8.4,45,35.0,6.0,84.4,3.0,15,PFUブルーキャッツ,0,0,17,18,15,,,50,115,35,6,30.4,11.67,12,4,2,33.3,4,1.33,51,2,5,3,2.9,68,44.0,9.0,71.3,4.0,9,309,2022/11/06,岩手県,総合交流センター（夢アリーナたかた）,700,11:00,12:33,1:33,斎藤篤,津嶋由香,早坂行博,藤原和紀
PFUブルーキャッツ,0,0,17,18,15,,,50,115,35,6,30.4,11.67,12,4,2,33.3,4,1.33,51,2,5,3,2.9,68,44.0,9.0,71.3,4.0,9,埼玉上尾メディックス,3,3,25,25,25,,,75,116,48,2,41.4,16.00,10,5,0,50.0,8,2.67,74,4,4,13,8.4,45,35.0,6.0,84.4,3.0,15,309,2022/11/06,岩手県,総合交流センター（夢アリーナたかた）,700,11:00,12:33,1:33,斎藤篤,津嶋由香,早坂行博,藤原和紀
KUROBEアクアフェアリーズ,3,2,22,21,25,25,23,116,174,71,9,40.8,14.20,25,13,2,52.0,5,1.00,116,6,11,31,9.5,96,42.0,25.0,56.8,4.0,34,ヴィクトリーナ姫路,2,1,25,25,22,21,21,114,195,76,12,39.0,15.20,10,1,2,10.0,11,2.20,114,3,17,27,4.8,104,40.0,29.0,52.4,5.0,24,304,2022/11/05,富山県,黒部市総合体育センター,830,13:00,15:38,2:38,富田満,増岡三佳子,慈眼雅啓,板川和則
ヴィクトリーナ姫路,2,1,25,25,22,21,21,114,195,76,12,39.0,15.20,10,1,2,10.0,11,2.20,114,3,17,27,4.8,104,40.0,29.0,52.4,5.0,24,KUROBEアクアフェアリーズ,3,2,22,21,25,25,23,116,174,71,9,40.8,14.20,25,13,2,52.0,5,1.00,116,6,11,31,9.5,96,42.0,25.0,56.8,4.0,34,304,2022/11/05,富山県,黒部市総合体育センター,830,13:00,15:38,2:38,富田満,増岡三佳子,慈眼雅啓,板川和則
KUROBEアクアフェアリーズ,3,2,19,17,25,25,15,101,165,56,12,33.9,11.20,31,10,4,32.3,8,1.60,101,6,7,20,9.2,84,38.0,14.0,53.6,3.0,31,ヴィクトリーナ姫路,2,1,25,25,18,22,13,103,171,66,9,38.6,13.20,3,1,0,33.3,11,2.20,103,4,19,28,6.1,92,48.0,20.0,63.0,3.0,22,310,2022/11/06,富山県,黒部市総合体育センター,800,13:00,15:20,2:20,富田満,城智人,慈眼雅啓,高野俊弘
ヴィクトリーナ姫路,2,1,25,25,18,22,13,103,171,66,9,38.6,13.20,3,1,0,33.3,11,2.20,103,4,19,28,6.1,92,48.0,20.0,63.0,3.0,22,KUROBEアクアフェアリーズ,3,2,19,17,25,25,15,101,165,56,12,33.9,11.20,31,10,4,32.3,8,1.60,101,6,7,20,9.2,84,38.0,14.0,53.6,3.0,31,310,2022/11/06,富山県,黒部市総合体育センター,800,13:00,15:20,2:20,富田満,城智人,慈眼雅啓,高野俊弘
トヨタ車体クインシーズ,0,0,17,15,16,,,48,97,29,9,29.9,9.67,12,0,2,0.0,6,2.00,49,1,5,16,7.7,68,15.0,18.0,35.3,6.0,12,NECレッドロケッツ,3,3,25,25,25,,,75,96,43,4,44.8,14.33,17,8,1,47.1,6,2.00,74,6,5,30,16.6,44,12.0,15.0,44.3,3.0,20,305,2022/11/05,愛知県,ウィングアリーナ刈谷,600,13:00,14:27,1:27,田中昭彦,明井寿枝,品川美帆,波多野充
NECレッドロケッツ,3,3,25,25,25,,,75,96,43,4,44.8,14.33,17,8,1,47.1,6,2.00,74,6,5,30,16.6,44,12.0,15.0,44.3,3.0,20,トヨタ車体クインシーズ,0,0,17,15,16,,,48,97,29,9,29.9,9.67,12,0,2,0.0,6,2.00,49,1,5,16,7.7,68,15.0,18.0,35.3,6.0,12,305,2022/11/05,愛知県,ウィングアリーナ刈谷,600,13:00,14:27,1:27,田中昭彦,明井寿枝,品川美帆,波多野充
トヨタ車体クインシーズ,1,0,25,23,20,18,,86,161,50,20,31.1,12.50,20,7,6,35.0,13,3.25,87,1,15,31,5.7,84,22.0,31.0,44.6,2.0,22,NECレッドロケッツ,3,3,21,25,25,25,,96,150,49,7,32.7,12.25,20,2,2,10.0,6,1.50,95,4,10,28,8.9,71,18.0,22.0,40.8,5.0,37,311,2022/11/06,愛知県,ウィングアリーナ刈谷,710,13:00,15:02,2:02,田中昭彦,渡部菜保子,明井寿枝,松本冴香
NECレッドロケッツ,3,3,21,25,25,25,,96,150,49,7,32.7,12.25,20,2,2,10.0,6,1.50,95,4,10,28,8.9,71,18.0,22.0,40.8,5.0,37,トヨタ車体クインシーズ,1,0,25,23,20,18,,86,161,50,20,31.1,12.50,20,7,6,35.0,13,3.25,87,1,15,31,5.7,84,22.0,31.0,44.6,2.0,22,311,2022/11/06,愛知県,ウィングアリーナ刈谷,710,13:00,15:02,2:02,田中昭彦,渡部菜保子,明井寿枝,松本冴香
デンソーエアリービーズ,1,0,14,25,22,21,,82,161,52,11,32.3,13.00,26,8,3,30.8,6,1.50,83,2,4,17,6.3,81,32.0,21.0,52.5,3.0,22,日立Astemoリヴァーレ,3,3,25,20,25,25,,95,151,58,10,38.4,14.50,18,5,2,27.8,14,3.50,94,5,11,25,9.0,78,36.0,24.0,61.5,1.0,18,306,2022/11/05,愛知県,西尾市総合体育館,725,13:00,14:55,1:55,加治健男,吉岡奈々,饗庭和恵,大津聡
日立Astemoリヴァーレ,3,3,25,20,25,25,,95,151,58,10,38.4,14.50,18,5,2,27.8,14,3.50,94,5,11,25,9.0,78,36.0,24.0,61.5,1.0,18,デンソーエアリービーズ,1,0,14,25,22,21,,82,161,52,11,32.3,13.00,26,8,3,30.8,6,1.50,83,2,4,17,6.3,81,32.0,21.0,52.5,3.0,22,306,2022/11/05,愛知県,西尾市総合体育館,725,13:00,14:55,1:55,加治健男,吉岡奈々,饗庭和恵,大津聡
デンソーエアリービーズ,3,2,25,23,26,25,15,114,177,68,8,38.4,13.60,30,10,3,33.3,15,3.00,113,3,9,26,6.4,88,38.0,14.0,51.1,1.0,28,日立Astemoリヴァーレ,2,1,17,25,28,16,13,99,189,66,12,34.9,13.20,14,1,1,7.1,13,2.60,100,2,11,35,8.0,103,56.0,19.0,63.6,5.0,18,312,2022/11/06,愛知県,西尾市総合体育館,835,13:00,15:27,2:27,加治健男,沢田元,吉岡奈々,大津聡
日立Astemoリヴァーレ,2,1,17,25,28,16,13,99,189,66,12,34.9,13.20,14,1,1,7.1,13,2.60,100,2,11,35,8.0,103,56.0,19.0,63.6,5.0,18,デンソーエアリービーズ,3,2,25,23,26,25,15,114,177,68,8,38.4,13.60,30,10,3,33.3,15,3.00,113,3,9,26,6.4,88,38.0,14.0,51.1,1.0,28,312,2022/11/06,愛知県,西尾市総合体育館,835,13:00,15:27,2:27,加治健男,沢田元,吉岡奈々,大津聡
東レアローズ,2,1,25,14,25,22,13,99,179,67,10,37.4,13.40,17,9,0,52.9,8,1.60,99,4,12,19,5.8,93,63.0,9.0,72.6,1.0,20,JTマーヴェラス,3,2,21,25,19,25,15,105,153,65,8,42.5,13.00,22,9,4,40.9,13,2.60,105,4,10,19,6.0,84,53.0,11.0,69.6,2.0,23,307,2022/11/05,滋賀県,YMITアリーナ,1331,15:00,17:10,2:10,高橋憲太郎,森口豊,長崎有紗,小口広之進
JTマーヴェラス,3,2,21,25,19,25,15,105,153,65,8,42.5,13.00,22,9,4,40.9,13,2.60,105,4,10,19,6.0,84,53.0,11.0,69.6,2.0,23,東レアローズ,2,1,25,14,25,22,13,99,179,67,10,37.4,13.40,17,9,0,52.9,8,1.60,99,4,12,19,5.8,93,63.0,9.0,72.6,1.0,20,307,2022/11/05,滋賀県,YMITアリーナ,1331,15:00,17:10,2:10,高橋憲太郎,森口豊,長崎有紗,小口広之進
東レアローズ,3,2,25,25,19,25,15,109,179,77,7,43.0,15.40,20,8,0,40.0,9,1.80,108,3,11,21,5.1,99,48.0,28.0,62.6,1.0,20,JTマーヴェラス,2,1,21,27,25,22,13,108,181,76,11,42.0,15.20,19,9,1,47.4,10,2.00,109,3,9,21,5.5,95,47.0,26.0,63.2,0.0,19,313,2022/11/06,滋賀県,YMITアリーナ,1294,15:00,17:16,2:16,高橋憲太郎,原啓之,長崎有紗,田附直樹
JTマーヴェラス,2,1,21,27,25,22,13,108,181,76,11,42.0,15.20,19,9,1,47.4,10,2.00,109,3,9,21,5.5,95,47.0,26.0,63.2,0.0,19,東レアローズ,3,2,25,25,19,25,15,109,179,77,7,43.0,15.40,20,8,0,40.0,9,1.80,108,3,11,21,5.1,99,48.0,28.0,62.6,1.0,20,313,2022/11/06,滋賀県,YMITアリーナ,1294,15:00,17:16,2:16,高橋憲太郎,原啓之,長崎有紗,田附直樹
久光スプリングス,3,2,20,25,23,25,15,108,218,77,13,35.3,15.40,20,12,1,60.0,10,2.00,108,6,10,27,9.5,94,60.0,16.0,72.3,3.0,15,岡山シーガルズ,2,1,25,16,25,19,11,96,221,54,10,24.4,10.80,6,1,0,16.7,13,2.60,96,3,2,15,6.5,95,51.0,14.0,61.1,3.0,26,308,2022/11/05,兵庫県,神戸総合運動公園体育館,1310,14:05,16:38,2:33,芦田光巨,正岡卓,山本晋五,山本順一
岡山シーガルズ,2,1,25,16,25,19,11,96,221,54,10,24.4,10.80,6,1,0,16.7,13,2.60,96,3,2,15,6.5,95,51.0,14.0,61.1,3.0,26,久光スプリングス,3,2,20,25,23,25,15,108,218,77,13,35.3,15.40,20,12,1,60.0,10,2.00,108,6,10,27,9.5,94,60.0,16.0,72.3,3.0,15,308,2022/11/05,兵庫県,神戸総合運動公園体育館,1310,14:05,16:38,2:33,芦田光巨,正岡卓,山本晋五,山本順一
久光スプリングス,3,3,25,25,25,,,75,123,56,7,45.5,18.67,15,9,1,60.0,7,2.33,74,4,8,12,6.8,62,33.0,13.0,63.7,2.0,8,岡山シーガルズ,0,0,20,22,23,,,65,120,39,4,32.5,13.00,6,0,1,0.0,4,1.33,66,5,3,12,11.0,63,28.0,22.0,61.9,1.0,17,314,2022/11/06,兵庫県,神戸総合運動公園体育館,1457,13:05,14:47,1:42,芦田光巨,佐々木伸子,正岡卓,児島廣幸
岡山シーガルズ,0,0,20,22,23,,,65,120,39,4,32.5,13.00,6,0,1,0.0,4,1.33,66,5,3,12,11.0,63,28.0,22.0,61.9,1.0,17,久光スプリングス,3,3,25,25,25,,,75,123,56,7,45.5,18.67,15,9,1,60.0,7,2.33,74,4,8,12,6.8,62,33.0,13.0,63.7,2.0,8,314,2022/11/06,兵庫県,神戸総合運動公園体育館,1457,13:05,14:47,1:42,芦田光巨,佐々木伸子,正岡卓,児島廣幸
デンソーエアリービーズ,3,3,25,25,23,25,,98,165,68,5,41.2,17.00,27,6,0,22.2,11,2.75,97,3,8,25,7.5,79,35.0,19.0,56.3,1.0,16,KUROBEアクアフェアリーズ,1,0,22,16,25,22,,85,169,60,9,35.5,15.00,30,9,5,30.0,8,2.00,86,3,6,23,8.4,89,38.0,23.0,55.6,1.0,14,315,2022/11/12,北海道,北ガスアリーナ札幌46,513,13:00,14:44,1:44,大江憲一,明井寿枝,上總向貴,今田萌那
KUROBEアクアフェアリーズ,1,0,22,16,25,22,,85,169,60,9,35.5,15.00,30,9,5,30.0,8,2.00,86,3,6,23,8.4,89,38.0,23.0,55.6,1.0,14,デンソーエアリービーズ,3,3,25,25,23,25,,98,165,68,5,41.2,17.00,27,6,0,22.2,11,2.75,97,3,8,25,7.5,79,35.0,19.0,56.3,1.0,16,315,2022/11/12,北海道,北ガスアリーナ札幌46,513,13:00,14:44,1:44,大江憲一,明井寿枝,上總向貴,今田萌那
デンソーエアリービーズ,3,3,26,25,25,,,76,123,52,5,42.3,17.33,26,10,2,38.5,8,2.67,74,2,6,27,9.8,62,25.0,16.0,53.2,2.0,14,KUROBEアクアフェアリーズ,0,0,24,20,22,,,66,122,37,7,30.3,12.33,35,10,4,28.6,10,3.33,68,6,5,16,12.9,67,26.0,13.0,48.5,2.0,13,320,2022/11/13,北海道,北ガスアリーナ札幌46,558,13:00,14:21,1:21,大江憲一,佐藤美里,明井寿枝,佐々木亮輔
KUROBEアクアフェアリーズ,0,0,24,20,22,,,66,122,37,7,30.3,12.33,35,10,4,28.6,10,3.33,68,6,5,16,12.9,67,26.0,13.0,48.5,2.0,13,デンソーエアリービーズ,3,3,26,25,25,,,76,123,52,5,42.3,17.33,26,10,2,38.5,8,2.67,74,2,6,27,9.8,62,25.0,16.0,53.2,2.0,14,320,2022/11/13,北海道,北ガスアリーナ札幌46,558,13:00,14:21,1:21,大江憲一,佐藤美里,明井寿枝,佐々木亮輔
日立Astemoリヴァーレ,0,0,20,18,21,,,59,104,39,3,37.5,13.00,10,5,0,50.0,4,1.33,60,1,6,8,2.5,64,25.0,18.0,53.1,0.0,15,東レアローズ,3,3,25,25,25,,,75,115,56,7,48.7,18.67,15,5,1,33.3,5,1.67,74,5,7,19,10.8,54,27.0,18.0,66.7,1.0,9,316,2022/11/12,秋田県,CNAアリーナ★あきた,2520,12:00,13:23,1:23,斎藤篤,津嶋由香,高橋宏明,糸井淳孝
東レアローズ,3,3,25,25,25,,,75,115,56,7,48.7,18.67,15,5,1,33.3,5,1.67,74,5,7,19,10.8,54,27.0,18.0,66.7,1.0,9,日立Astemoリヴァーレ,0,0,20,18,21,,,59,104,39,3,37.5,13.00,10,5,0,50.0,4,1.33,60,1,6,8,2.5,64,25.0,18.0,53.1,0.0,15,316,2022/11/12,秋田県,CNAアリーナ★あきた,2520,12:00,13:23,1:23,斎藤篤,津嶋由香,高橋宏明,糸井淳孝
日立Astemoリヴァーレ,0,0,22,19,16,,,57,120,41,11,34.2,13.67,28,10,5,35.7,3,1.00,58,1,8,13,3.9,68,24.0,16.0,47.1,5.0,12,東レアローズ,3,3,25,25,25,,,75,113,41,7,36.3,13.67,10,2,1,20.0,3,1.00,74,7,4,23,15.9,50,19.0,17.0,55.0,1.0,24,321,2022/11/13,秋田県,CNAアリーナ★あきた,2150,11:30,12:55,1:25,斎藤篤,新田浩幸,津嶋由香,糸井淳孝
東レアローズ,3,3,25,25,25,,,75,113,41,7,36.3,13.67,10,2,1,20.0,3,1.00,74,7,4,23,15.9,50,19.0,17.0,55.0,1.0,24,日立Astemoリヴァーレ,0,0,22,19,16,,,57,120,41,11,34.2,13.67,28,10,5,35.7,3,1.00,58,1,8,13,3.9,68,24.0,16.0,47.1,5.0,12,321,2022/11/13,秋田県,CNAアリーナ★あきた,2150,11:30,12:55,1:25,斎藤篤,新田浩幸,津嶋由香,糸井淳孝
PFUブルーキャッツ,3,3,23,25,25,25,,98,149,67,3,45.0,16.75,13,5,0,38.5,10,2.50,97,4,15,27,7.2,79,47.0,9.0,65.2,1.0,17,トヨタ車体クインシーズ,1,0,25,22,18,17,,82,158,49,10,31.0,12.25,20,7,2,35.0,10,2.50,83,4,4,19,9.3,80,33.0,18.0,52.5,3.0,19,317,2022/11/12,石川県,金沢市総合体育館,705,12:00,13:59,1:59,利根川忠史,森口豊,菅原潤,内藤正康
トヨタ車体クインシーズ,1,0,25,22,18,17,,82,158,49,10,31.0,12.25,20,7,2,35.0,10,2.50,83,4,4,19,9.3,80,33.0,18.0,52.5,3.0,19,PFUブルーキャッツ,3,3,23,25,25,25,,98,149,67,3,45.0,16.75,13,5,0,38.5,10,2.50,97,4,15,27,7.2,79,47.0,9.0,65.2,1.0,17,317,2022/11/12,石川県,金沢市総合体育館,705,12:00,13:59,1:59,利根川忠史,森口豊,菅原潤,内藤正康
PFUブルーキャッツ,2,1,29,25,22,20,11,107,181,64,12,35.4,12.80,12,4,0,33.3,10,2.00,107,5,13,25,7.5,92,46.0,22.0,62.0,2.0,28,トヨタ車体クインシーズ,3,2,27,12,25,25,15,104,167,61,14,36.5,12.20,20,8,2,40.0,13,2.60,104,3,12,21,5.0,91,35.0,29.0,54.4,2.0,27,322,2022/11/13,石川県,金沢市総合体育館,736,14:00,16:28,2:28,利根川忠史,佐々木伸子,菅原潤,奥村惇平
トヨタ車体クインシーズ,3,2,27,12,25,25,15,104,167,61,14,36.5,12.20,20,8,2,40.0,13,2.60,104,3,12,21,5.0,91,35.0,29.0,54.4,2.0,27,PFUブルーキャッツ,2,1,29,25,22,20,11,107,181,64,12,35.4,12.80,12,4,0,33.3,10,2.00,107,5,13,25,7.5,92,46.0,22.0,62.0,2.0,28,322,2022/11/13,石川県,金沢市総合体育館,736,14:00,16:28,2:28,利根川忠史,佐々木伸子,菅原潤,奥村惇平
JTマーヴェラス,3,3,25,25,25,,,75,106,54,2,50.9,18.00,14,6,2,42.9,11,3.67,73,1,8,20,5.5,56,25.0,16.0,58.9,2.0,9,埼玉上尾メディックス,0,0,23,22,11,,,56,105,35,7,33.3,11.67,12,2,2,16.7,7,2.33,58,2,2,13,8.2,65,29.0,15.0,56.2,0.0,12,318,2022/11/12,兵庫県,加古川市立総合体育館,571,13:00,14:22,1:22,芦田光巨,吉岡奈々,栗崎慎太郎,山内康史
埼玉上尾メディックス,0,0,23,22,11,,,56,105,35,7,33.3,11.67,12,2,2,16.7,7,2.33,58,2,2,13,8.2,65,29.0,15.0,56.2,0.0,12,JTマーヴェラス,3,3,25,25,25,,,75,106,54,2,50.9,18.00,14,6,2,42.9,11,3.67,73,1,8,20,5.5,56,25.0,16.0,58.9,2.0,9,318,2022/11/12,兵庫県,加古川市立総合体育館,571,13:00,14:22,1:22,芦田光巨,吉岡奈々,栗崎慎太郎,山内康史
JTマーヴェラス,3,2,25,17,25,21,16,104,191,69,12,36.1,13.80,18,7,3,38.9,8,1.60,103,2,4,30,8.3,99,54.0,19.0,64.1,5.0,25,埼玉上尾メディックス,2,1,20,25,23,25,14,107,181,67,8,37.0,13.40,32,10,0,31.2,16,3.20,108,3,8,24,6.5,98,51.0,16.0,60.2,9.0,21,323,2022/11/13,兵庫県,加古川市立総合体育館,711,13:00,15:22,2:22,芦田光巨,増岡三佳子,栗崎慎太郎,戎真理
埼玉上尾メディックス,2,1,20,25,23,25,14,107,181,67,8,37.0,13.40,32,10,0,31.2,16,3.20,108,3,8,24,6.5,98,51.0,16.0,60.2,9.0,21,JTマーヴェラス,3,2,25,17,25,21,16,104,191,69,12,36.1,13.80,18,7,3,38.9,8,1.60,103,2,4,30,8.3,99,54.0,19.0,64.1,5.0,25,323,2022/11/13,兵庫県,加古川市立総合体育館,711,13:00,15:22,2:22,芦田光巨,増岡三佳子,栗崎慎太郎,戎真理
ヴィクトリーナ姫路,1,0,16,23,25,30,,94,159,64,2,40.3,16.00,6,2,0,33.3,8,2.00,95,1,17,26,3.4,88,44.0,21.0,61.9,0.0,21,久光スプリングス,3,3,25,25,17,32,,99,162,72,9,44.4,18.00,8,3,1,37.5,7,1.75,98,1,10,22,4.1,78,34.0,18.0,55.1,2.0,19,319,2022/11/12,兵庫県,ヴィクトリーナ・ウインク体育館,1438,13:00,15:15,2:15,田野昭彦,城智人,岩井好恵,山本順一
久光スプリングス,3,3,25,25,17,32,,99,162,72,9,44.4,18.00,8,3,1,37.5,7,1.75,98,1,10,22,4.1,78,34.0,18.0,55.1,2.0,19,ヴィクトリーナ姫路,1,0,16,23,25,30,,94,159,64,2,40.3,16.00,6,2,0,33.3,8,2.00,95,1,17,26,3.4,88,44.0,21.0,61.9,0.0,21,319,2022/11/12,兵庫県,ヴィクトリーナ・ウインク体育館,1438,13:00,15:15,2:15,田野昭彦,城智人,岩井好恵,山本順一
ヴィクトリーナ姫路,1,0,23,21,25,18,,87,150,58,5,38.7,14.50,8,4,0,50.0,4,1.00,88,4,9,22,8.2,80,43.0,11.0,60.6,3.0,21,久光スプリングス,3,3,25,25,16,25,,91,152,65,11,42.8,16.25,4,1,2,25.0,8,2.00,90,1,9,26,5.8,79,45.0,8.0,62.0,1.0,17,324,2022/11/13,兵庫県,ヴィクトリーナ・ウインク体育館,1452,13:00,15:08,2:08,田野昭彦,西中野健,岩井好恵,山本順一
久光スプリングス,3,3,25,25,16,25,,91,152,65,11,42.8,16.25,4,1,2,25.0,8,2.00,90,1,9,26,5.8,79,45.0,8.0,62.0,1.0,17,ヴィクトリーナ姫路,1,0,23,21,25,18,,87,150,58,5,38.7,14.50,8,4,0,50.0,4,1.00,88,4,9,22,8.2,80,43.0,11.0,60.6,3.0,21,324,2022/11/13,兵庫県,ヴィクトリーナ・ウインク体育館,1452,13:00,15:08,2:08,田野昭彦,西中野健,岩井好恵,山本順一
NECレッドロケッツ,3,3,25,25,25,,,75,113,47,7,41.6,15.67,13,4,2,30.8,8,2.67,74,7,4,22,15.5,46,13.0,15.0,44.6,0.0,13,ヴィクトリーナ姫路,0,0,16,19,17,,,52,113,34,6,30.1,11.33,10,2,1,20.0,5,1.67,53,2,6,17,9.0,67,11.0,30.0,38.8,1.0,11,325,2022/11/19,神奈川県,トッケイセキュリティ平塚総合体育館,1520,15:00,16:27,1:27,勝又正,渡部菜保子,桑原健輔,安齋嶺
ヴィクトリーナ姫路,0,0,16,19,17,,,52,113,34,6,30.1,11.33,10,2,1,20.0,5,1.67,53,2,6,17,9.0,67,11.0,30.0,38.8,1.0,11,NECレッドロケッツ,3,3,25,25,25,,,75,113,47,7,41.6,15.67,13,4,2,30.8,8,2.67,74,7,4,22,15.5,46,13.0,15.0,44.6,0.0,13,325,2022/11/19,神奈川県,トッケイセキュリティ平塚総合体育館,1520,15:00,16:27,1:27,勝又正,渡部菜保子,桑原健輔,安齋嶺
NECレッドロケッツ,3,3,28,25,27,,,80,123,60,6,48.8,20.00,13,5,1,38.5,6,2.00,79,1,5,25,7.6,63,29.0,23.0,64.3,2.0,13,ヴィクトリーナ姫路,0,0,26,20,25,,,71,108,52,4,48.1,17.33,8,2,0,25.0,5,1.67,72,1,8,11,2.4,74,31.0,17.0,53.4,1.0,13,331,2022/11/20,神奈川県,トッケイセキュリティ平塚総合体育館,1767,13:00,14:44,1:44,勝又正,桑原健輔,村中伸,牛見誠人
ヴィクトリーナ姫路,0,0,26,20,25,,,71,108,52,4,48.1,17.33,8,2,0,25.0,5,1.67,72,1,8,11,2.4,74,31.0,17.0,53.4,1.0,13,NECレッドロケッツ,3,3,28,25,27,,,80,123,60,6,48.8,20.00,13,5,1,38.5,6,2.00,79,1,5,25,7.6,63,29.0,23.0,64.3,2.0,13,331,2022/11/20,神奈川県,トッケイセキュリティ平塚総合体育館,1767,13:00,14:44,1:44,勝又正,桑原健輔,村中伸,牛見誠人
KUROBEアクアフェアリーズ,1,0,16,25,16,21,,78,159,51,14,32.1,12.75,23,9,3,39.1,3,0.75,79,4,9,21,8.9,89,66.0,11.0,80.3,7.0,20,久光スプリングス,3,3,25,23,25,25,,98,152,62,10,40.8,15.50,14,3,3,21.4,5,1.25,97,1,8,11,1.8,69,38.0,7.0,60.1,2.0,30,326,2022/11/19,富山県,富山県西部体育センター,810,13:00,15:07,2:07,三見洋子,森口豊,饗庭和恵,砂川雅昭
久光スプリングス,3,3,25,23,25,25,,98,152,62,10,40.8,15.50,14,3,3,21.4,5,1.25,97,1,8,11,1.8,69,38.0,7.0,60.1,2.0,30,KUROBEアクアフェアリーズ,1,0,16,25,16,21,,78,159,51,14,32.1,12.75,23,9,3,39.1,3,0.75,79,4,9,21,8.9,89,66.0,11.0,80.3,7.0,20,326,2022/11/19,富山県,富山県西部体育センター,810,13:00,15:07,2:07,三見洋子,森口豊,饗庭和恵,砂川雅昭
KUROBEアクアフェアリーズ,0,0,21,23,18,,,62,120,41,11,34.2,13.67,22,10,4,45.5,4,1.33,64,2,5,15,7.0,67,30.0,16.0,56.7,8.0,15,久光スプリングス,3,3,25,25,25,,,75,119,43,7,36.1,14.33,15,5,1,33.3,8,2.67,73,0,6,21,5.1,58,30.0,12.0,62.1,2.0,24,332,2022/11/20,富山県,富山県西部体育センター,912,14:00,15:36,1:36,三見洋子,佐々木伸子,森口豊,高野俊弘
久光スプリングス,3,3,25,25,25,,,75,119,43,7,36.1,14.33,15,5,1,33.3,8,2.67,73,0,6,21,5.1,58,30.0,12.0,62.1,2.0,24,KUROBEアクアフェアリーズ,0,0,21,23,18,,,62,120,41,11,34.2,13.67,22,10,4,45.5,4,1.33,64,2,5,15,7.0,67,30.0,16.0,56.7,8.0,15,332,2022/11/20,富山県,富山県西部体育センター,912,14:00,15:36,1:36,三見洋子,佐々木伸子,森口豊,高野俊弘
東レアローズ,3,2,25,25,20,24,15,109,173,71,7,41.0,14.20,22,6,2,27.3,13,2.60,109,6,14,21,7.1,88,46.0,14.0,60.2,2.0,19,デンソーエアリービーズ,2,1,18,20,25,26,6,95,179,61,11,34.1,12.20,32,12,4,37.5,9,1.80,95,2,7,26,7.1,93,51.0,17.0,64.0,1.0,23,327,2022/11/19,石川県,金沢市総合体育館,455,14:00,16:13,2:13,酒出修,津嶋由香,小松剛,桐山比呂子
デンソーエアリービーズ,2,1,18,20,25,26,6,95,179,61,11,34.1,12.20,32,12,4,37.5,9,1.80,95,2,7,26,7.1,93,51.0,17.0,64.0,1.0,23,東レアローズ,3,2,25,25,20,24,15,109,173,71,7,41.0,14.20,22,6,2,27.3,13,2.60,109,6,14,21,7.1,88,46.0,14.0,60.2,2.0,19,327,2022/11/19,石川県,金沢市総合体育館,455,14:00,16:13,2:13,酒出修,津嶋由香,小松剛,桐山比呂子
東レアローズ,3,3,35,28,25,,,88,152,60,6,39.5,20.00,20,8,1,40.0,4,1.33,87,4,5,26,10.6,68,26.0,14.0,48.5,1.0,20,デンソーエアリービーズ,0,0,33,26,14,,,73,163,55,14,33.7,18.33,40,16,6,40.0,5,1.67,74,1,5,28,9.1,80,33.0,19.0,53.1,1.0,12,333,2022/11/20,石川県,金沢市総合体育館,547,13:00,14:46,1:46,酒出修,明井寿枝,小松剛,桐山比呂子
デンソーエアリービーズ,0,0,33,26,14,,,73,163,55,14,33.7,18.33,40,16,6,40.0,5,1.67,74,1,5,28,9.1,80,33.0,19.0,53.1,1.0,12,東レアローズ,3,3,35,28,25,,,88,152,60,6,39.5,20.00,20,8,1,40.0,4,1.33,87,4,5,26,10.6,68,26.0,14.0,48.5,1.0,20,333,2022/11/20,石川県,金沢市総合体育館,547,13:00,14:46,1:46,酒出修,明井寿枝,小松剛,桐山比呂子
トヨタ車体クインシーズ,3,2,26,25,22,25,15,113,189,65,9,34.4,13.00,24,14,1,58.3,14,2.80,112,2,12,28,5.4,97,40.0,25.0,54.1,5.0,32,JTマーヴェラス,2,1,28,22,25,22,12,109,187,68,13,36.4,13.60,25,8,4,32.0,14,2.80,110,1,13,31,5.0,99,40.0,30.0,55.6,6.0,26,328,2022/11/19,愛知県,ウィングアリーナ刈谷,620,13:00,15:39,2:39,村上成司,沢田元,増岡三佳子,三角希実
JTマーヴェラス,2,1,28,22,25,22,12,109,187,68,13,36.4,13.60,25,8,4,32.0,14,2.80,110,1,13,31,5.0,99,40.0,30.0,55.6,6.0,26,トヨタ車体クインシーズ,3,2,26,25,22,25,15,113,189,65,9,34.4,13.00,24,14,1,58.3,14,2.80,112,2,12,28,5.4,97,40.0,25.0,54.1,5.0,32,328,2022/11/19,愛知県,ウィングアリーナ刈谷,620,13:00,15:39,2:39,村上成司,沢田元,増岡三佳子,三角希実
トヨタ車体クインシーズ,0,0,19,23,21,,,63,111,44,8,39.6,14.67,15,5,1,33.3,5,1.67,65,5,5,11,10.0,67,34.0,12.0,59.7,2.0,9,JTマーヴェラス,3,3,25,25,25,,,75,128,50,2,39.1,16.67,18,6,1,33.3,6,2.00,73,4,5,18,9.9,58,29.0,15.0,62.9,2.0,15,334,2022/11/20,愛知県,ウィングアリーナ刈谷,590,13:00,14:38,1:38,村上成司,増岡三佳子,上総向貴,武井結香
JTマーヴェラス,3,3,25,25,25,,,75,128,50,2,39.1,16.67,18,6,1,33.3,6,2.00,73,4,5,18,9.9,58,29.0,15.0,62.9,2.0,15,トヨタ車体クインシーズ,0,0,19,23,21,,,63,111,44,8,39.6,14.67,15,5,1,33.3,5,1.67,65,5,5,11,10.0,67,34.0,12.0,59.7,2.0,9,334,2022/11/20,愛知県,ウィングアリーナ刈谷,590,13:00,14:38,1:38,村上成司,増岡三佳子,上総向貴,武井結香
埼玉上尾メディックス,3,3,25,25,24,25,,99,138,63,5,45.7,15.75,10,4,0,40.0,3,0.75,98,5,6,26,10.2,68,45.0,3.0,68.4,2.0,28,日立Astemoリヴァーレ,1,0,22,13,26,17,,78,157,60,11,38.2,15.00,14,7,1,50.0,5,1.25,79,0,11,20,2.8,89,51.0,10.0,62.9,6.0,13,329,2022/11/19,京都府,京都市体育館,620,14:00,16:09,2:09,小野将人,慈眼雅啓,國頭亮太,元木麗
日立Astemoリヴァーレ,1,0,22,13,26,17,,78,157,60,11,38.2,15.00,14,7,1,50.0,5,1.25,79,0,11,20,2.8,89,51.0,10.0,62.9,6.0,13,埼玉上尾メディックス,3,3,25,25,24,25,,99,138,63,5,45.7,15.75,10,4,0,40.0,3,0.75,98,5,6,26,10.2,68,45.0,3.0,68.4,2.0,28,329,2022/11/19,京都府,京都市体育館,620,14:00,16:09,2:09,小野将人,慈眼雅啓,國頭亮太,元木麗
埼玉上尾メディックス,0,0,16,14,26,,,56,104,39,6,37.5,13.00,7,2,0,28.6,2,0.67,57,0,5,13,3.5,68,43.0,4.0,66.2,4.0,15,日立Astemoリヴァーレ,3,3,25,25,28,,,78,107,52,5,48.6,17.33,11,6,1,54.5,8,2.67,77,3,9,18,6.8,52,36.0,3.0,72.1,1.0,15,335,2022/11/20,京都府,京都市体育館,587,13:00,14:38,1:38,小野将人,國頭亮太,長崎有紗,三瀧翔平
日立Astemoリヴァーレ,3,3,25,25,28,,,78,107,52,5,48.6,17.33,11,6,1,54.5,8,2.67,77,3,9,18,6.8,52,36.0,3.0,72.1,1.0,15,埼玉上尾メディックス,0,0,16,14,26,,,56,104,39,6,37.5,13.00,7,2,0,28.6,2,0.67,57,0,5,13,3.5,68,43.0,4.0,66.2,4.0,15,335,2022/11/20,京都府,京都市体育館,587,13:00,14:38,1:38,小野将人,國頭亮太,長崎有紗,三瀧翔平
岡山シーガルズ,3,3,25,25,25,,,75,118,49,7,41.5,16.33,6,0,0,0.0,8,2.67,73,5,8,12,8.2,55,30.0,11.0,64.5,1.0,13,PFUブルーキャッツ,0,0,16,22,19,,,57,113,37,7,32.7,12.33,8,0,1,0.0,3,1.00,59,1,3,14,6.4,63,34.0,14.0,65.1,3.0,16,330,2022/11/19,岡山県,山陽ふれあい公園総合体育館,720,13:34,14:56,1:22,塚本健,戸川太輔,上村英紀,金谷基代
PFUブルーキャッツ,0,0,16,22,19,,,57,113,37,7,32.7,12.33,8,0,1,0.0,3,1.00,59,1,3,14,6.4,63,34.0,14.0,65.1,3.0,16,岡山シーガルズ,3,3,25,25,25,,,75,118,49,7,41.5,16.33,6,0,0,0.0,8,2.67,73,5,8,12,8.2,55,30.0,11.0,64.5,1.0,13,330,2022/11/19,岡山県,山陽ふれあい公園総合体育館,720,13:34,14:56,1:22,塚本健,戸川太輔,上村英紀,金谷基代
岡山シーガルズ,2,1,25,25,19,21,12,102,170,64,7,37.6,12.80,3,0,0,0.0,10,2.00,103,2,9,20,4.6,92,39.0,24.0,55.4,5.0,26,PFUブルーキャッツ,3,2,23,21,25,25,15,109,179,75,8,41.9,15.00,11,7,1,63.6,8,1.60,108,5,15,25,6.9,93,37.0,35.0,58.6,3.0,21,336,2022/11/20,岡山県,山陽ふれあい公園総合体育館,700,13:30,15:50,2:20,塚本健,高橋宏明,上村英紀,大西英和
PFUブルーキャッツ,3,2,23,21,25,25,15,109,179,75,8,41.9,15.00,11,7,1,63.6,8,1.60,108,5,15,25,6.9,93,37.0,35.0,58.6,3.0,21,岡山シーガルズ,2,1,25,25,19,21,12,102,170,64,7,37.6,12.80,3,0,0,0.0,10,2.00,103,2,9,20,4.6,92,39.0,24.0,55.4,5.0,26,336,2022/11/20,岡山県,山陽ふれあい公園総合体育館,700,13:30,15:50,2:20,塚本健,高橋宏明,上村英紀,大西英和
埼玉上尾メディックス,3,3,25,25,25,,,75,91,44,5,48.4,14.67,8,5,1,62.5,10,3.33,74,3,5,23,10.1,44,17.0,15.0,55.7,1.0,18,ヴィクトリーナ姫路,0,0,18,18,16,,,52,104,38,6,36.5,12.67,4,1,0,25.0,3,1.00,53,0,9,12,1.4,69,22.0,21.0,47.1,3.0,11,338,2022/11/26,東京都,大田区総合体育館,600,14:00,15:20,1:20,大江憲一,吉岡奈々,渡部菜保子,塚本健二
ヴィクトリーナ姫路,0,0,18,18,16,,,52,104,38,6,36.5,12.67,4,1,0,25.0,3,1.00,53,0,9,12,1.4,69,22.0,21.0,47.1,3.0,11,埼玉上尾メディックス,3,3,25,25,25,,,75,91,44,5,48.4,14.67,8,5,1,62.5,10,3.33,74,3,5,23,10.1,44,17.0,15.0,55.7,1.0,18,338,2022/11/26,東京都,大田区総合体育館,600,14:00,15:20,1:20,大江憲一,吉岡奈々,渡部菜保子,塚本健二
埼玉上尾メディックス,3,2,25,18,23,25,15,106,182,76,8,41.8,15.20,9,4,0,44.4,7,1.40,106,3,7,31,8.5,86,41.0,24.0,61.6,2.0,20,ヴィクトリーナ姫路,2,1,16,25,25,20,10,96,183,61,10,33.3,12.20,7,0,1,0.0,15,3.00,96,3,9,19,5.7,98,43.0,22.0,55.1,1.0,17,344,2022/11/27,東京都,大田区総合体育館,600,13:00,15:12,2:12,大江憲一,渡部奈保子,饗庭和恵,長谷川登
ヴィクトリーナ姫路,2,1,16,25,25,20,10,96,183,61,10,33.3,12.20,7,0,1,0.0,15,3.00,96,3,9,19,5.7,98,43.0,22.0,55.1,1.0,17,埼玉上尾メディックス,3,2,25,18,23,25,15,106,182,76,8,41.8,15.20,9,4,0,44.4,7,1.40,106,3,7,31,8.5,86,41.0,24.0,61.6,2.0,20,344,2022/11/27,東京都,大田区総合体育館,600,13:00,15:12,2:12,大江憲一,渡部奈保子,饗庭和恵,長谷川登
PFUブルーキャッツ,3,3,25,25,25,,,75,98,49,5,50.0,16.33,11,3,3,27.3,12,4.00,73,3,11,18,6.5,59,28.0,15.0,60.2,2.0,11,日立Astemoリヴァーレ,0,0,21,23,18,,,62,98,36,3,36.7,12.00,5,0,0,0.0,7,2.33,64,1,5,15,5.5,62,29.0,12.0,56.5,3.0,18,339,2022/11/26,福井県,トリムパークかなづ,677,14:00,15:19,1:19,三見洋子,澤達大,岩井好恵,斎藤悠介
日立Astemoリヴァーレ,0,0,21,23,18,,,62,98,36,3,36.7,12.00,5,0,0,0.0,7,2.33,64,1,5,15,5.5,62,29.0,12.0,56.5,3.0,18,PFUブルーキャッツ,3,3,25,25,25,,,75,98,49,5,50.0,16.33,11,3,3,27.3,12,4.00,73,3,11,18,6.5,59,28.0,15.0,60.2,2.0,11,339,2022/11/26,福井県,トリムパークかなづ,677,14:00,15:19,1:19,三見洋子,澤達大,岩井好恵,斎藤悠介
PFUブルーキャッツ,3,3,25,20,26,25,,96,141,60,9,42.6,15.00,7,2,2,28.6,12,3.00,95,3,12,20,5.3,76,45.0,17.0,70.4,3.0,21,日立Astemoリヴァーレ,1,0,22,25,24,15,,86,141,54,8,38.3,13.50,20,9,2,45.0,5,1.25,87,3,9,13,4.6,83,39.0,21.0,59.6,4.0,24,345,2022/11/27,福井県,トリムパークかなづ,629,14:00,15:54,1:54,三見洋子,森口豊,澤達大,斎藤悠介
日立Astemoリヴァーレ,1,0,22,25,24,15,,86,141,54,8,38.3,13.50,20,9,2,45.0,5,1.25,87,3,9,13,4.6,83,39.0,21.0,59.6,4.0,24,PFUブルーキャッツ,3,3,25,20,26,25,,96,141,60,9,42.6,15.00,7,2,2,28.6,12,3.00,95,3,12,20,5.3,76,45.0,17.0,70.4,3.0,21,345,2022/11/27,福井県,トリムパークかなづ,629,14:00,15:54,1:54,三見洋子,森口豊,澤達大,斎藤悠介
岡山シーガルズ,1,0,25,22,13,19,,79,162,50,8,30.9,12.50,2,0,0,0.0,5,1.25,80,0,8,26,5.6,88,41.0,13.0,54.0,4.0,24,トヨタ車体クインシーズ,3,3,21,25,25,25,,96,162,62,15,38.3,15.50,15,8,4,53.3,10,2.50,95,4,6,31,10.8,72,29.0,17.0,52.1,3.0,20,340,2022/11/26,岡山県,ジップアリーナ岡山,1100,14:00,15:51,1:51,田野昭彦,西中野健,長崎有紗,金谷基代
トヨタ車体クインシーズ,3,3,21,25,25,25,,96,162,62,15,38.3,15.50,15,8,4,53.3,10,2.50,95,4,6,31,10.8,72,29.0,17.0,52.1,3.0,20,岡山シーガルズ,1,0,25,22,13,19,,79,162,50,8,30.9,12.50,2,0,0,0.0,5,1.25,80,0,8,26,5.6,88,41.0,13.0,54.0,4.0,24,340,2022/11/26,岡山県,ジップアリーナ岡山,1100,14:00,15:51,1:51,田野昭彦,西中野健,長崎有紗,金谷基代
岡山シーガルズ,1,0,25,12,22,11,,70,144,45,8,31.2,11.25,6,0,1,0.0,9,2.25,71,0,0,17,6.0,90,32.0,20.0,46.7,5.0,16,トヨタ車体クインシーズ,3,3,23,25,25,25,,98,151,70,9,46.4,17.50,20,11,3,55.0,11,2.75,97,4,7,34,11.1,71,26.0,28.0,56.3,0.0,13,346,2022/11/27,岡山県,ジップアリーナ岡山,1000,14:00,15:46,1:46,田野昭彦,本間明,小松剛,真鍋美也子
トヨタ車体クインシーズ,3,3,23,25,25,25,,98,151,70,9,46.4,17.50,20,11,3,55.0,11,2.75,97,4,7,34,11.1,71,26.0,28.0,56.3,0.0,13,岡山シーガルズ,1,0,25,12,22,11,,70,144,45,8,31.2,11.25,6,0,1,0.0,9,2.25,71,0,0,17,6.0,90,32.0,20.0,46.7,5.0,16,346,2022/11/27,岡山県,ジップアリーナ岡山,1000,14:00,15:46,1:46,田野昭彦,本間明,小松剛,真鍋美也子
久光スプリングス,1,0,25,17,24,23,,89,142,58,11,40.8,14.50,6,2,1,33.3,5,1.25,90,3,9,20,6.4,80,35.0,24.0,58.8,2.0,23,東レアローズ,3,3,18,25,26,25,,94,152,66,6,43.4,16.50,14,9,0,64.3,1,0.25,93,5,12,17,6.7,81,44.0,14.0,63.0,5.0,22,341,2022/11/26,宮崎県,宮崎市総合体育館,1120,14:00,16:06,2:06,勝又正,服部篤史,黒岩健,永野宗敏
東レアローズ,3,3,18,25,26,25,,94,152,66,6,43.4,16.50,14,9,0,64.3,1,0.25,93,5,12,17,6.7,81,44.0,14.0,63.0,5.0,22,久光スプリングス,1,0,25,17,24,23,,89,142,58,11,40.8,14.50,6,2,1,33.3,5,1.25,90,3,9,20,6.4,80,35.0,24.0,58.8,2.0,23,341,2022/11/26,宮崎県,宮崎市総合体育館,1120,14:00,16:06,2:06,勝又正,服部篤史,黒岩健,永野宗敏
久光スプリングス,3,2,25,21,13,25,15,99,178,68,1,38.2,13.60,13,5,0,38.5,9,1.80,98,4,6,28,9.7,91,35.0,24.0,51.6,6.0,18,東レアローズ,2,1,21,25,25,16,12,99,183,76,9,41.5,15.20,22,13,0,59.1,4,0.80,100,6,6,29,11.8,91,39.0,21.0,54.4,3.0,13,347,2022/11/27,宮崎県,宮崎市総合体育館,1080,13:00,15:19,2:19,勝又正,戸川太輔,服部篤史,松田さゆり
東レアローズ,2,1,21,25,25,16,12,99,183,76,9,41.5,15.20,22,13,0,59.1,4,0.80,100,6,6,29,11.8,91,39.0,21.0,54.4,3.0,13,久光スプリングス,3,2,25,21,13,25,15,99,178,68,1,38.2,13.60,13,5,0,38.5,9,1.80,98,4,6,28,9.7,91,35.0,24.0,51.6,6.0,18,347,2022/11/27,宮崎県,宮崎市総合体育館,1080,13:00,15:19,2:19,勝又正,戸川太輔,服部篤史,松田さゆり
JTマーヴェラス,3,3,25,25,25,,,75,83,44,2,53.0,14.67,15,9,0,60.0,5,1.67,74,0,8,12,1.4,41,16.0,14.0,56.1,0.0,26,KUROBEアクアフェアリーズ,0,0,16,16,15,,,47,106,32,14,30.2,10.67,19,4,7,21.1,4,1.33,48,1,7,10,3.6,66,31.0,23.0,64.4,5.0,10,342,2022/11/26,岡山県,ジップアリーナ岡山,650,11:00,12:12,1:12,田野昭彦,本間明,小松剛,大西英和
KUROBEアクアフェアリーズ,0,0,16,16,15,,,47,106,32,14,30.2,10.67,19,4,7,21.1,4,1.33,48,1,7,10,3.6,66,31.0,23.0,64.4,5.0,10,JTマーヴェラス,3,3,25,25,25,,,75,83,44,2,53.0,14.67,15,9,0,60.0,5,1.67,74,0,8,12,1.4,41,16.0,14.0,56.1,0.0,26,342,2022/11/26,岡山県,ジップアリーナ岡山,650,11:00,12:12,1:12,田野昭彦,本間明,小松剛,大西英和
JTマーヴェラス,3,3,25,25,25,,,75,123,45,3,36.6,15.00,13,6,1,46.2,10,3.33,74,3,4,20,9.5,56,18.0,18.0,48.2,2.0,17,KUROBEアクアフェアリーズ,0,0,18,22,21,,,61,131,48,6,36.6,16.00,22,6,1,27.3,2,0.67,62,2,5,19,8.9,69,30.0,18.0,56.5,6.0,9,348,2022/11/27,岡山県,ジップアリーナ岡山,540,11:00,12:28,1:28,田野昭彦,西中野健,長崎有紗,大西英和
KUROBEアクアフェアリーズ,0,0,18,22,21,,,61,131,48,6,36.6,16.00,22,6,1,27.3,2,0.67,62,2,5,19,8.9,69,30.0,18.0,56.5,6.0,9,JTマーヴェラス,3,3,25,25,25,,,75,123,45,3,36.6,15.00,13,6,1,46.2,10,3.33,74,3,4,20,9.5,56,18.0,18.0,48.2,2.0,17,348,2022/11/27,岡山県,ジップアリーナ岡山,540,11:00,12:28,1:28,田野昭彦,西中野健,長崎有紗,大西英和
NECレッドロケッツ,3,3,25,25,30,,,80,139,55,12,39.6,18.33,18,6,5,33.3,11,3.67,78,0,5,19,4.5,64,32.0,20.0,65.6,3.0,14,デンソーエアリービーズ,0,0,22,15,28,,,65,130,36,11,27.7,12.00,24,9,2,37.5,8,2.67,67,1,3,11,4.5,73,42.0,12.0,65.8,0.0,20,337,2022/11/26,千葉県,船橋市総合体育館,2714,15:00,16:36,1:36,酒出修,明井寿枝,品川美帆,長嶋健二
デンソーエアリービーズ,0,0,22,15,28,,,65,130,36,11,27.7,12.00,24,9,2,37.5,8,2.67,67,1,3,11,4.5,73,42.0,12.0,65.8,0.0,20,NECレッドロケッツ,3,3,25,25,30,,,80,139,55,12,39.6,18.33,18,6,5,33.3,11,3.67,78,0,5,19,4.5,64,32.0,20.0,65.6,3.0,14,337,2022/11/26,千葉県,船橋市総合体育館,2714,15:00,16:36,1:36,酒出修,明井寿枝,品川美帆,長嶋健二
NECレッドロケッツ,3,3,25,30,26,,,81,123,57,6,46.3,19.00,7,2,1,28.6,8,2.67,80,2,3,25,9.4,64,27.0,20.0,57.8,3.0,14,デンソーエアリービーズ,0,0,18,28,24,,,70,127,47,6,37.0,15.67,26,7,3,26.9,9,3.00,71,2,7,15,5.6,75,27.0,23.0,51.3,1.0,12,343,2022/11/27,千葉県,船橋市総合体育館,3305,13:00,14:38,1:38,酒出修,津嶋由香,明井寿枝,坂本憲昭
デンソーエアリービーズ,0,0,18,28,24,,,70,127,47,6,37.0,15.67,26,7,3,26.9,9,3.00,71,2,7,15,5.6,75,27.0,23.0,51.3,1.0,12,NECレッドロケッツ,3,3,25,30,26,,,81,123,57,6,46.3,19.00,7,2,1,28.6,8,2.67,80,2,3,25,9.4,64,27.0,20.0,57.8,3.0,14,343,2022/11/27,千葉県,船橋市総合体育館,3305,13:00,14:38,1:38,酒出修,津嶋由香,明井寿枝,坂本憲昭
デンソーエアリービーズ,1,0,25,22,21,16,,84,161,51,13,31.7,12.75,35,10,4,28.6,9,2.25,84,4,6,27,11.0,83,31.0,14.0,45.8,0.0,20,トヨタ車体クインシーズ,3,3,20,25,25,25,,95,159,64,7,40.3,16.00,20,5,5,25.0,9,2.25,95,3,11,35,9.5,78,30.0,18.0,50.0,2.0,19,349,2022/12/03,北海道,北ガスアリーナ札幌46,663,13:05,14:57,1:52,大江憲一,戸川太輔,上總向貴,黒澤研一
トヨタ車体クインシーズ,3,3,20,25,25,25,,95,159,64,7,40.3,16.00,20,5,5,25.0,9,2.25,95,3,11,35,9.5,78,30.0,18.0,50.0,2.0,19,デンソーエアリービーズ,1,0,25,22,21,16,,84,161,51,13,31.7,12.75,35,10,4,28.6,9,2.25,84,4,6,27,11.0,83,31.0,14.0,45.8,0.0,20,349,2022/12/03,北海道,北ガスアリーナ札幌46,663,13:05,14:57,1:52,大江憲一,戸川太輔,上總向貴,黒澤研一
デンソーエアリービーズ,2,1,25,25,27,19,11,107,196,69,16,35.2,13.80,37,11,4,29.7,9,1.80,107,2,8,29,6.8,101,35.0,31.0,50.0,2.0,27,トヨタ車体クインシーズ,3,2,23,17,29,25,15,109,188,62,20,33.0,12.40,25,7,4,28.0,15,3.00,109,6,7,30,10.8,99,42.0,26.0,55.6,0.0,26,355,2022/12/04,北海道,北ガスアリーナ札幌46,713,13:05,15:22,2:17,大江憲一,沢田元,上總向貴,佐々木亮輔
トヨタ車体クインシーズ,3,2,23,17,29,25,15,109,188,62,20,33.0,12.40,25,7,4,28.0,15,3.00,109,6,7,30,10.8,99,42.0,26.0,55.6,0.0,26,デンソーエアリービーズ,2,1,25,25,27,19,11,107,196,69,16,35.2,13.80,37,11,4,29.7,9,1.80,107,2,8,29,6.8,101,35.0,31.0,50.0,2.0,27,355,2022/12/04,北海道,北ガスアリーナ札幌46,713,13:05,15:22,2:17,大江憲一,沢田元,上總向貴,佐々木亮輔
日立Astemoリヴァーレ,0,0,17,17,20,,,54,121,42,12,34.7,14.00,6,1,2,16.7,2,0.67,55,2,8,10,4.5,70,34.0,23.0,65.0,4.0,8,岡山シーガルズ,3,3,25,25,25,,,75,105,44,3,41.9,14.67,0,0,0,-,6,2.00,74,1,4,12,4.1,47,24.0,11.0,62.8,1.0,24,350,2022/12/03,茨城県,日立市池の川さくらアリーナ,517,14:00,15:23,1:23,大塚達也,津嶋由香,菅原潤,吉田浩司
岡山シーガルズ,3,3,25,25,25,,,75,105,44,3,41.9,14.67,0,0,0,-,6,2.00,74,1,4,12,4.1,47,24.0,11.0,62.8,1.0,24,日立Astemoリヴァーレ,0,0,17,17,20,,,54,121,42,12,34.7,14.00,6,1,2,16.7,2,0.67,55,2,8,10,4.5,70,34.0,23.0,65.0,4.0,8,350,2022/12/03,茨城県,日立市池の川さくらアリーナ,517,14:00,15:23,1:23,大塚達也,津嶋由香,菅原潤,吉田浩司
日立Astemoリヴァーレ,3,3,25,25,20,25,,95,166,68,8,41.0,17.00,9,2,2,22.2,11,2.75,94,6,9,28,11.4,81,41.0,23.0,64.8,2.0,10,岡山シーガルズ,1,0,21,18,25,20,,84,153,56,4,36.6,14.00,0,0,0,-,9,2.25,85,0,4,17,3.8,82,32.0,19.0,50.6,2.0,19,356,2022/12/04,茨城県,日立市池の川さくらアリーナ,535,14:00,15:57,1:57,大塚達也,新田浩幸,饗庭和恵,須永智紀
岡山シーガルズ,1,0,21,18,25,20,,84,153,56,4,36.6,14.00,0,0,0,-,9,2.25,85,0,4,17,3.8,82,32.0,19.0,50.6,2.0,19,日立Astemoリヴァーレ,3,3,25,25,20,25,,95,166,68,8,41.0,17.00,9,2,2,22.2,11,2.75,94,6,9,28,11.4,81,41.0,23.0,64.8,2.0,10,356,2022/12/04,茨城県,日立市池の川さくらアリーナ,535,14:00,15:57,1:57,大塚達也,新田浩幸,饗庭和恵,須永智紀
PFUブルーキャッツ,0,0,18,19,14,,,51,105,33,4,31.4,11.00,10,3,1,30.0,4,1.33,52,0,9,9,0.0,64,25.0,17.0,52.3,3.0,14,久光スプリングス,3,3,25,25,25,,,75,112,50,3,44.6,16.67,11,8,0,72.7,7,2.33,74,2,10,20,6.1,43,26.0,8.0,69.8,1.0,16,351,2022/12/03,石川県,小松総合体育館,670,14:00,15:25,1:25,田中昭彦,森口豊,栗崎慎太郎,内藤正康
久光スプリングス,3,3,25,25,25,,,75,112,50,3,44.6,16.67,11,8,0,72.7,7,2.33,74,2,10,20,6.1,43,26.0,8.0,69.8,1.0,16,PFUブルーキャッツ,0,0,18,19,14,,,51,105,33,4,31.4,11.00,10,3,1,30.0,4,1.33,52,0,9,9,0.0,64,25.0,17.0,52.3,3.0,14,351,2022/12/03,石川県,小松総合体育館,670,14:00,15:25,1:25,田中昭彦,森口豊,栗崎慎太郎,内藤正康
PFUブルーキャッツ,3,3,16,25,25,25,,91,161,58,7,36.0,14.50,9,3,1,33.3,12,3.00,90,1,9,24,5.3,79,14.0,28.0,35.4,2.0,20,久光スプリングス,1,0,25,22,20,20,,87,162,55,12,34.0,13.75,15,8,2,53.3,10,2.50,88,4,8,34,11.9,81,28.0,28.0,51.9,0.0,18,357,2022/12/04,石川県,小松総合体育館,785,14:00,15:56,1:56,田中昭彦,佐々木伸子,栗崎慎太郎,桐山比呂子
久光スプリングス,1,0,25,22,20,20,,87,162,55,12,34.0,13.75,15,8,2,53.3,10,2.50,88,4,8,34,11.9,81,28.0,28.0,51.9,0.0,18,PFUブルーキャッツ,3,3,16,25,25,25,,91,161,58,7,36.0,14.50,9,3,1,33.3,12,3.00,90,1,9,24,5.3,79,14.0,28.0,35.4,2.0,20,357,2022/12/04,石川県,小松総合体育館,785,14:00,15:56,1:56,田中昭彦,佐々木伸子,栗崎慎太郎,桐山比呂子
東レアローズ,2,1,23,25,25,25,13,111,184,76,7,41.3,15.20,19,6,2,31.6,14,2.80,111,2,11,26,5.2,98,50.0,28.0,65.3,2.0,19,埼玉上尾メディックス,3,2,25,27,18,20,15,105,195,72,10,36.9,14.40,9,3,1,33.3,7,1.40,105,6,6,15,7.9,100,45.0,27.0,58.5,3.0,20,352,2022/12/03,静岡県,三島市民体育館,690,12:00,14:14,2:14,酒出修,増岡三佳子,渡部菜保子,新妻明子
埼玉上尾メディックス,3,2,25,27,18,20,15,105,195,72,10,36.9,14.40,9,3,1,33.3,7,1.40,105,6,6,15,7.9,100,45.0,27.0,58.5,3.0,20,東レアローズ,2,1,23,25,25,25,13,111,184,76,7,41.3,15.20,19,6,2,31.6,14,2.80,111,2,11,26,5.2,98,50.0,28.0,65.3,2.0,19,352,2022/12/03,静岡県,三島市民体育館,690,12:00,14:14,2:14,酒出修,増岡三佳子,渡部菜保子,新妻明子
東レアローズ,3,3,26,25,25,25,,101,159,72,10,45.3,18.00,14,5,3,35.7,5,1.25,100,2,11,21,4.5,77,29.0,27.0,55.2,2.0,22,埼玉上尾メディックス,1,0,28,23,19,15,,85,142,49,10,34.5,12.25,9,2,2,22.2,11,2.75,86,2,8,20,5.8,88,40.0,26.0,60.2,4.0,23,358,2022/12/04,静岡県,三島市民体育館,910,12:00,13:50,1:50,酒出修,渡部菜保子,増岡三佳子,森田陸斗
埼玉上尾メディックス,1,0,28,23,19,15,,85,142,49,10,34.5,12.25,9,2,2,22.2,11,2.75,86,2,8,20,5.8,88,40.0,26.0,60.2,4.0,23,東レアローズ,3,3,26,25,25,25,,101,159,72,10,45.3,18.00,14,5,3,35.7,5,1.25,100,2,11,21,4.5,77,29.0,27.0,55.2,2.0,22,358,2022/12/04,静岡県,三島市民体育館,910,12:00,13:50,1:50,酒出修,渡部菜保子,増岡三佳子,森田陸斗
ヴィクトリーナ姫路,0,0,16,19,14,,,49,96,36,3,37.5,12.00,3,1,0,33.3,2,0.67,50,3,2,13,11.5,69,26.0,10.0,44.9,1.0,8,JTマーヴェラス,3,3,25,25,25,,,75,104,60,3,57.7,20.00,10,7,0,70.0,7,2.33,74,2,4,32,12.2,46,21.0,11.0,57.6,1.0,6,353,2022/12/03,兵庫県,ヴィクトリーナ・ウインク体育館,1456,12:05,13:35,1:30,加治健男,岡田崇,千代延靖夫,平野萌絵
JTマーヴェラス,3,3,25,25,25,,,75,104,60,3,57.7,20.00,10,7,0,70.0,7,2.33,74,2,4,32,12.2,46,21.0,11.0,57.6,1.0,6,ヴィクトリーナ姫路,0,0,16,19,14,,,49,96,36,3,37.5,12.00,3,1,0,33.3,2,0.67,50,3,2,13,11.5,69,26.0,10.0,44.9,1.0,8,353,2022/12/03,兵庫県,ヴィクトリーナ・ウインク体育館,1456,12:05,13:35,1:30,加治健男,岡田崇,千代延靖夫,平野萌絵
ヴィクトリーナ姫路,0,0,20,25,14,,,59,112,41,10,36.6,13.67,9,2,1,22.2,6,2.00,60,2,8,15,6.2,71,24.0,18.0,46.5,4.0,10,JTマーヴェラス,3,3,25,27,25,,,77,110,45,4,40.9,15.00,6,3,1,50.0,5,1.67,76,5,4,25,13.5,51,28.0,7.0,61.8,2.0,22,359,2022/12/04,兵庫県,ヴィクトリーナ・ウインク体育館,1468,13:05,14:39,1:34,加治健男,吉岡奈々,岡田崇,木村恭子
JTマーヴェラス,3,3,25,27,25,,,77,110,45,4,40.9,15.00,6,3,1,50.0,5,1.67,76,5,4,25,13.5,51,28.0,7.0,61.8,2.0,22,ヴィクトリーナ姫路,0,0,20,25,14,,,59,112,41,10,36.6,13.67,9,2,1,22.2,6,2.00,60,2,8,15,6.2,71,24.0,18.0,46.5,4.0,10,359,2022/12/04,兵庫県,ヴィクトリーナ・ウインク体育館,1468,13:05,14:39,1:34,加治健男,吉岡奈々,岡田崇,木村恭子
NECレッドロケッツ,3,3,23.0,25.0,25.0,25.0,,98,154,55,5,35.7,13.75,15,6,1,40.0,10,2.50,97,1,9,33,7.2,71,25.0,21.0,50.0,2.0,32,KUROBEアクアフェアリーズ,1,0,25.0,21.0,17.0,19.0,,82,175,59,20,33.7,14.75,21,7,2,33.3,3,0.75,83,4,11,22,8.1,88,23.0,31.0,43.8,1.0,16,354,2022/12/03,東京都,駒沢オリンピック公園総合運動場体育館,1566,15:00,17:00,2:00,高橋憲太郎,山本晋五,品川美帆,向野行信
KUROBEアクアフェアリーズ,1,0,25.0,21.0,17.0,19.0,,82,175,59,20,33.7,14.75,21,7,2,33.3,3,0.75,83,4,11,22,8.1,88,23.0,31.0,43.8,1.0,16,NECレッドロケッツ,3,3,23.0,25.0,25.0,25.0,,98,154,55,5,35.7,13.75,15,6,1,40.0,10,2.50,97,1,9,33,7.2,71,25.0,21.0,50.0,2.0,32,354,2022/12/03,東京都,駒沢オリンピック公園総合運動場体育館,1566,15:00,17:00,2:00,高橋憲太郎,山本晋五,品川美帆,向野行信
NECレッドロケッツ,3,3,23,25,25,25,,98,145,63,6,43.4,15.75,14,7,1,50.0,7,1.75,97,8,9,32,14.2,79,29.0,23.0,51.3,4.0,20,KUROBEアクアフェアリーズ,1,0,25,23,20,20,,88,149,57,12,38.3,14.25,29,9,5,31.0,6,1.50,89,6,8,23,11.0,87,24.0,24.0,41.4,0.0,19,360,2022/12/04,東京都,駒沢オリンピック公園総合運動場体育館,1617,13:00,15:02,2:02,高橋憲太郎,冨田博一,山本晋五,金廣美喜夫
KUROBEアクアフェアリーズ,1,0,25,23,20,20,,88,149,57,12,38.3,14.25,29,9,5,31.0,6,1.50,89,6,8,23,11.0,87,24.0,24.0,41.4,0.0,19,NECレッドロケッツ,3,3,23,25,25,25,,98,145,63,6,43.4,15.75,14,7,1,50.0,7,1.75,97,8,9,32,14.2,79,29.0,23.0,51.3,4.0,20,360,2022/12/04,東京都,駒沢オリンピック公園総合運動場体育館,1617,13:00,15:02,2:02,高橋憲太郎,冨田博一,山本晋五,金廣美喜夫
