,Player,Month,No.,Set,AA,AP,AE,ASucc%,AP/S,BAA,BAP,BAE,BASucc%,BP,BP/S,SVA,SVP,SVE,SVx,SVEff%,RA,Rx,Rg,RSucc%,GameId,Spectators,AEff%,BAEff%
0,アラウジョスカルカルロスアルベルト,10,32,13,111,51,9,45.9,3.92,51,21,8,41.2,3,0.07,46,1,13,9,0.0,0,0,0,,444,4990,37.8,25.5
1,アラウジョスカルカルロスアルベルト,11,64,29,267,116,19,43.4,4.0,126,56,12,44.4,12,0.12,82,3,27,10,-1.5,1,1,0,100.0,1107,7913,36.3,34.9
2,アラウジョスカルカルロスアルベルト,12,16,6,36,12,2,33.3,2.0,10,4,1,40.0,1,0.06,14,1,1,3,10.7,0,0,0,,331,2450,27.8,30.0
3,アラウージョラファエル,10,40,4,9,4,2,44.4,1.0,5,1,2,20.0,0,0.0,3,0,0,1,8.3,0,0,0,,227,7720,22.2,-20.0
4,アラウージョラファエル,11,120,22,262,132,17,50.4,6.0,109,53,9,48.6,9,0.11,85,7,19,22,9.1,6,1,1,25.0,833,9134,43.9,40.4
5,アラウージョラファエル,12,40,8,81,40,9,49.4,5.0,39,17,4,43.6,2,0.05,30,1,7,16,10.8,1,0,0,0.0,323,3297,38.3,33.3
6,イノックモゲニ,10,8,12,103,46,9,44.7,3.83,27,14,4,51.9,4,0.1,30,1,9,3,-1.7,0,0,0,,444,2516,35.9,37.0
7,イノックモゲニ,11,10,19,161,88,14,54.7,4.63,73,41,7,56.2,7,0.09,78,8,12,26,14.7,2,1,1,75.0,697,5220,46.0,46.6
8,イノックモゲニ,12,4,6,54,24,5,44.4,4.0,23,13,3,56.5,0,0.0,27,3,9,8,10.2,0,0,0,,329,1588,35.2,43.5
9,ウルナウトティネ,10,40,13,100,35,7,35.0,2.69,18,9,1,50.0,3,0.08,55,5,7,11,10.9,98,39,30,55.1,440,10165,28.0,44.4
10,ウルナウトティネ,11,80,30,239,98,17,41.0,3.27,41,17,3,41.5,4,0.04,123,11,17,37,13.0,218,94,62,57.3,1112,15559,33.9,34.1
11,ウルナウトティネ,12,20,6,36,21,1,58.3,3.5,6,3,0,50.0,1,0.06,29,3,5,7,12.1,44,27,10,72.7,331,2450,55.6,50.0
12,カンタパットクンミー,10,16,12,69,25,7,36.2,2.08,11,6,1,54.5,2,0.06,33,2,3,7,9.1,85,20,19,34.7,444,2516,26.1,45.5
13,カンタパットクンミー,11,16,10,50,21,5,42.0,2.1,16,7,3,43.8,0,0.0,31,1,3,15,12.9,75,23,15,40.7,521,4660,32.0,25.0
14,カンタパットクンミー,12,8,6,36,18,3,50.0,3.0,4,2,1,50.0,4,0.22,17,0,5,3,-2.9,43,7,14,32.6,329,1588,41.7,25.0
15,クビアクミハウ,10,52,15,104,46,6,44.2,3.07,14,8,0,57.1,5,0.07,76,6,10,17,10.2,89,50,21,68.0,442,6906,38.5,57.1
16,クビアクミハウ,11,104,33,245,128,20,52.2,3.88,44,26,2,59.1,9,0.07,114,5,21,27,5.7,196,97,48,61.7,1118,14280,44.1,54.5
17,クビアクミハウ,12,26,10,101,52,9,51.5,5.2,18,9,3,50.0,0,0.0,39,3,7,9,9.0,80,34,25,58.1,327,3348,42.6,33.3
18,クレクバルトシュ,10,12,13,142,84,10,59.2,6.46,53,30,6,56.6,6,0.15,45,1,10,20,7.8,4,0,1,12.5,434,12823,52.1,45.3
19,クレクバルトシュ,11,21,19,177,88,11,49.7,4.63,58,34,3,58.6,15,0.25,59,1,17,19,2.5,5,2,2,60.0,973,8763,43.5,53.4
20,クレクバルトシュ,12,6,10,112,62,3,55.4,6.2,49,29,2,59.2,6,0.12,36,3,9,6,6.2,3,0,2,33.3,327,3348,52.7,55.1
21,シャロンバーノンエバンズ,10,52,14,126,68,3,54.0,4.86,38,20,3,52.6,9,0.17,50,5,15,12,8.5,2,1,0,50.0,442,5898,51.6,44.7
22,シャロンバーノンエバンズ,11,91,24,212,111,9,52.4,4.62,73,35,6,47.9,10,0.13,93,6,31,24,4.6,4,1,1,37.5,975,6281,48.1,39.7
23,シャロンバーノンエバンズ,12,26,9,80,48,4,60.0,5.33,19,11,3,57.9,5,0.13,42,4,9,17,14.3,1,0,1,50.0,325,1950,55.0,42.1
24,デアルマスアライン,10,28,14,88,44,4,50.0,3.14,24,12,1,50.0,5,0.1,50,3,12,15,7.5,41,11,14,43.9,442,3455,45.5,45.8
25,デアルマスアライン,11,56,32,207,114,11,55.1,3.56,77,47,4,61.0,11,0.09,114,4,25,42,7.2,108,40,20,46.3,1123,12425,49.8,55.8
26,ハリョーノドニ,10,80,12,74,33,5,44.6,2.75,6,3,1,50.0,3,0.09,41,1,8,10,3.7,109,52,28,60.6,444,4990,37.8,33.3
27,ハリョーノドニ,11,120,9,52,13,6,25.0,1.44,4,2,2,50.0,2,0.09,21,0,1,7,7.1,64,24,18,51.6,821,6713,13.5,0.0
28,ハリョーノドニ,12,40,2,10,4,1,40.0,2.0,0,0,0,,0,0.0,3,0,2,0,-16.7,10,3,1,35.0,331,2450,30.0,
29,パダルクリスティアン,10,56,17,179,94,16,52.5,5.53,61,34,7,55.7,2,0.03,68,4,29,20,2.6,15,7,6,66.7,444,4605,43.6,44.3
30,パダルクリスティアン,11,112,31,300,155,27,51.7,5.0,98,50,14,51.0,11,0.1,125,17,33,39,14.8,12,6,3,62.5,1123,8601,42.7,36.7
31,パダルクリスティアン,12,28,9,67,32,6,47.8,3.56,24,12,3,50.0,2,0.05,40,3,9,17,12.5,7,3,2,57.1,325,1950,38.8,37.5
32,ムセルスキードミトリー,10,52,15,165,83,13,50.3,5.53,62,33,8,53.2,6,0.11,61,1,17,23,4.1,0,0,0,,442,3455,42.4,40.3
33,ムセルスキードミトリー,11,104,31,262,144,21,55.0,4.65,110,61,13,55.5,10,0.07,85,10,21,25,12.9,0,0,0,,1123,12425,46.9,43.6
34,ラッセルアーロン・ジョセフ,10,24,12,69,32,2,46.4,2.67,19,10,1,52.6,10,0.28,66,10,8,31,23.9,71,40,15,66.9,450,5270,43.5,47.4
35,ラッセルアーロン・ジョセフ,11,24,15,112,53,5,47.3,3.53,22,11,1,50.0,6,0.11,55,4,8,16,10.9,115,48,16,48.7,526,3300,42.9,45.5
36,三輪大将,10,76,13,39,18,3,46.2,1.38,0,0,0,,3,0.07,45,3,6,6,6.7,8,3,3,56.2,444,4990,38.5,
37,三輪大将,11,152,29,103,60,4,58.3,2.07,0,0,0,,6,0.06,100,1,16,17,1.2,16,14,2,93.8,1107,7913,54.4,
38,三輪大将,12,38,6,19,13,3,68.4,2.17,0,0,0,,2,0.11,22,0,3,2,-1.1,8,7,0,87.5,331,2450,52.6,
39,上條レイモンド,10,64,15,53,32,1,60.4,2.13,0,0,0,,8,0.15,37,1,16,3,-6.1,3,2,0,66.7,444,4605,58.5,
40,上條レイモンド,11,128,20,47,29,5,61.7,1.45,1,0,0,0.0,3,0.06,49,4,21,9,2.0,10,4,3,55.0,1123,8601,51.1,0.0
41,上條レイモンド,12,32,0,0,0,0,,,0,0,0,,0,,0,0,0,0,,0,0,0,,325,1950,,
42,下川諒,10,10,6,0,0,0,,0.0,0,0,0,,0,0.0,21,1,1,5,9.5,1,0,1,50.0,229,1400,,
43,下川諒,11,40,28,2,1,0,50.0,0.04,0,0,0,,5,0.04,97,1,3,14,3.9,3,0,0,0.0,1107,7913,50.0,
44,下川諒,12,10,6,0,0,0,,0.0,0,0,0,,0,0.0,15,0,1,1,0.0,0,0,0,,331,2450,,
45,中島健太,10,16,0,0,0,0,,,0,0,0,,0,,0,0,0,0,,0,0,0,,450,5270,,
46,中島健太,11,12,1,0,0,0,,0.0,0,0,0,,0,0.0,1,0,1,0,-25.0,0,0,0,,387,2200,,
47,中島健太,12,8,0,0,0,0,,,0,0,0,,0,,0,0,0,0,,0,0,0,,323,3297,,
48,中村啓人,10,68,7,5,2,1,40.0,0.29,1,0,1,0.0,1,0.07,2,0,1,0,-12.5,0,0,0,,444,4990,20.0,-100.0
49,中村啓人,11,136,21,7,2,1,28.6,0.1,3,1,1,33.3,0,0.0,1,0,1,0,-25.0,0,0,0,,1107,7913,14.3,0.0
50,中村啓人,12,34,4,2,0,0,0.0,0.0,0,0,0,,0,0.0,0,0,0,0,,0,0,0,,331,2450,0.0,
51,中村竜輔,10,24,8,15,4,0,26.7,0.5,0,0,0,,2,0.08,26,0,0,2,1.9,5,0,2,20.0,444,2516,26.7,
52,中村竜輔,11,36,21,32,15,2,46.9,0.71,0,0,0,,12,0.13,52,1,2,4,2.9,5,3,0,60.0,832,6020,40.6,
53,中村竜輔,12,12,6,5,0,1,0.0,0.0,0,0,0,,4,0.22,22,0,1,3,2.3,1,0,0,0.0,329,1588,-20.0,
54,中村駿介,12,3,1,0,0,0,,0.0,0,0,0,,0,0.0,0,0,0,0,,0,0,0,,166,1724,,
55,中野倭,10,64,2,0,0,0,,0.0,0,0,0,,0,0.0,3,0,0,0,0.0,0,0,0,,434,12823,,
56,中野倭,11,112,1,0,0,0,,0.0,0,0,0,,0,0.0,2,0,1,0,-12.5,0,0,0,,977,9003,,
57,中野倭,12,16,1,0,0,0,,0.0,0,0,0,,0,0.0,0,0,0,0,,0,0,0,,161,1624,,
58,中野竜,10,16,7,15,8,1,53.3,1.14,2,0,1,0.0,0,0.0,12,0,4,1,-6.2,18,5,7,47.2,444,4990,46.7,-50.0
59,中野竜,11,32,24,110,46,4,41.8,1.92,16,8,2,50.0,7,0.07,80,5,19,21,6.9,142,58,25,49.6,1107,7913,38.2,37.5
60,中野竜,12,8,6,32,13,4,40.6,2.17,0,0,0,,1,0.06,12,0,4,2,-4.2,29,10,5,43.1,331,2450,28.1,
61,久保田雅人,10,52,9,0,0,0,,0.0,0,0,0,,0,0.0,0,0,0,0,,47,17,12,48.9,444,2516,,
62,久保田雅人,11,78,23,0,0,0,,0.0,0,0,0,,0,0.0,0,0,0,0,,106,36,21,43.9,832,6020,,
63,久保田雅人,12,26,6,0,0,0,,0.0,0,0,0,,0,0.0,0,0,0,0,,30,12,10,56.7,329,1588,,
64,井上慎一朗,10,15,3,0,0,0,,0.0,0,0,0,,0,0.0,6,1,2,1,12.5,0,0,0,,335,4370,,
65,井上慎一朗,11,30,13,15,10,1,66.7,0.77,2,2,0,100.0,2,0.12,14,1,3,4,8.9,6,1,2,33.3,847,6360,60.0,100.0
66,井上慎一朗,12,10,8,51,24,5,47.1,3.0,11,8,0,72.7,4,0.13,26,0,3,4,1.0,36,9,12,41.7,323,3297,37.3,72.7
67,井口直紀,10,84,8,0,0,0,,0.0,0,0,0,,0,0.0,7,0,0,3,10.7,0,0,0,,444,2516,,
68,井口直紀,11,126,14,2,2,0,100.0,0.14,0,0,0,,1,0.02,39,0,1,3,1.3,0,0,0,,832,6020,100.0,
69,井口直紀,12,42,4,0,0,0,,0.0,0,0,0,,0,0.0,6,0,0,0,0.0,0,0,0,,329,1588,,
70,今村貴彦,10,36,1,0,0,0,,0.0,0,0,0,,0,0.0,0,0,0,0,,0,0,0,,442,6906,,
71,今村貴彦,11,72,10,1,1,0,100.0,0.1,0,0,0,,1,0.05,0,0,0,0,,0,0,0,,1118,14280,100.0,
72,今村貴彦,12,18,0,0,0,0,,,0,0,0,,0,,0,0,0,0,,0,0,0,,327,3348,,
73,仲本賢優,10,32,15,64,29,2,45.3,1.93,6,2,0,33.3,4,0.07,45,0,11,10,-0.6,74,38,14,60.8,442,6906,42.2,33.3
74,仲本賢優,11,64,31,179,86,10,48.0,2.77,6,4,1,66.7,3,0.03,116,4,26,34,5.2,194,100,47,63.7,1118,14280,42.5,50.0
75,仲本賢優,12,16,6,27,12,2,44.4,2.0,0,0,0,,0,0.0,14,1,1,4,12.5,33,16,9,62.1,327,3348,37.0,
76,伊藤友健,11,12,0,0,0,0,,,0,0,0,,0,,0,0,0,0,,0,0,0,,130,1782,,
77,伊藤樹,10,24,0,0,0,0,,,0,0,0,,0,,0,0,0,0,,0,0,0,,444,4990,,
78,伊藤樹,11,48,6,9,4,0,44.4,0.67,0,0,0,,0,0.0,4,0,3,0,-18.8,24,6,4,33.3,1107,7913,44.4,
79,伊藤樹,12,12,0,0,0,0,,,0,0,0,,0,,0,0,0,0,,0,0,0,,331,2450,,
80,伊藤洸貴,10,44,12,0,0,0,,0.0,0,0,0,,2,0.04,30,0,6,3,-2.5,2,0,0,0.0,444,2516,,
81,伊藤洸貴,11,44,14,4,4,0,100.0,0.29,0,0,0,,7,0.1,31,1,6,8,4.8,1,0,0,0.0,566,4660,100.0,
82,伊藤洸貴,12,22,4,1,0,0,0.0,0.0,0,0,0,,0,0.0,12,0,4,4,0.0,0,0,0,,329,1588,0.0,
83,伊賀亮平,10,64,15,0,0,0,,0.0,0,0,0,,0,0.0,0,0,0,0,,0,0,0,,442,6906,,
84,伊賀亮平,11,112,27,0,0,0,,0.0,0,0,0,,0,0.0,0,0,0,0,,101,57,29,70.8,988,12498,,
85,伊賀亮平,12,32,10,0,0,0,,0.0,0,0,0,,0,0.0,0,0,0,0,,37,13,14,54.1,327,3348,,
86,伏見大和,10,4,0,0,0,0,,,0,0,0,,0,,0,0,0,0,,0,0,0,,116,3708,,
87,伏見大和,11,12,5,6,3,1,50.0,0.6,0,0,0,,3,0.23,7,0,0,2,7.1,1,1,0,100.0,428,4103,33.3,
88,佐藤謙次,10,24,5,13,6,1,46.2,1.2,0,0,0,,3,0.3,27,1,2,4,5.6,1,1,0,100.0,213,2055,38.5,
89,佐藤謙次,11,48,7,0,0,0,,0.0,0,0,0,,0,0.0,1,0,0,0,0.0,0,0,0,,599,6869,,
90,佐藤謙次,12,24,5,0,0,0,,0.0,0,0,0,,0,0.0,0,0,0,0,,0,0,0,,329,1588,,
91,備一真,10,48,13,0,0,0,,0.0,0,0,0,,0,0.0,0,0,0,0,,47,36,6,83.0,444,4990,,
92,備一真,11,96,29,0,0,0,,0.0,0,0,0,,0,0.0,0,0,0,0,,108,72,19,75.5,1107,7913,,
93,備一真,12,24,6,0,0,0,,0.0,0,0,0,,0,0.0,0,0,0,0,,25,20,1,82.0,331,2450,,
94,傳田亮太,10,44,13,34,19,0,55.9,1.46,0,0,0,,11,0.27,33,0,2,5,2.3,2,1,1,75.0,434,12823,55.9,
95,傳田亮太,11,88,23,46,28,0,60.9,1.22,0,0,0,,17,0.28,54,0,6,12,2.8,3,2,1,83.3,1108,9563,60.9,
96,傳田亮太,12,22,10,23,10,3,43.5,1.0,0,0,0,,6,0.12,21,0,4,4,0.0,1,0,1,50.0,327,3348,30.4,
97,兒玉康成,10,84,1,1,0,0,0.0,0.0,0,0,0,,0,0.0,0,0,0,0,,0,0,0,,442,6906,0.0,
98,兒玉康成,11,168,5,6,5,0,83.3,1.0,0,0,0,,0,0.0,14,0,1,1,0.0,0,0,0,,1118,14280,83.3,
99,兒玉康成,12,42,0,0,0,0,,,0,0,0,,0,,0,0,0,0,,0,0,0,,327,3348,,
100,出耒田敬,10,28,14,28,14,2,50.0,1.0,0,0,0,,4,0.1,32,1,2,6,6.2,3,2,1,83.3,442,5898,42.9,
101,出耒田敬,11,56,25,68,43,1,63.2,1.72,1,0,0,0.0,10,0.12,62,0,8,11,1.2,16,6,4,50.0,1121,7781,61.8,0.0
102,出耒田敬,12,14,9,25,13,0,52.0,1.44,0,0,0,,9,0.24,23,0,3,2,-1.1,2,1,0,50.0,325,1950,52.0,
103,前田一誠,10,20,2,0,0,0,,0.0,0,0,0,,0,0.0,2,0,0,0,0.0,0,0,0,,434,12823,,
104,前田一誠,11,40,7,0,0,0,,0.0,0,0,0,,0,0.0,13,0,0,5,9.6,0,0,0,,1108,9563,,
105,前田一誠,12,10,5,0,0,0,,0.0,0,0,0,,0,0.0,8,0,0,2,6.2,0,0,0,,327,3348,,
106,勝岡将斗,10,92,5,4,0,0,0.0,0.0,0,0,0,,0,0.0,7,0,0,3,10.7,10,5,1,55.0,434,12823,0.0,
107,勝岡将斗,11,184,8,8,4,0,50.0,0.5,0,0,0,,1,0.06,6,0,1,1,0.0,0,0,0,,1108,9563,50.0,
108,勝岡将斗,12,23,3,12,3,0,25.0,1.0,0,0,0,,0,0.0,3,0,1,1,0.0,11,3,5,50.0,166,1724,25.0,
109,古賀健太,10,72,9,29,11,3,37.9,1.22,12,5,1,41.7,0,0.0,11,1,3,4,11.4,1,1,0,100.0,444,2516,27.6,33.3
110,古賀健太,11,108,10,70,35,5,50.0,3.5,31,12,3,38.7,4,0.15,25,2,6,3,5.0,0,0,0,,832,6020,42.9,29.0
111,古賀健太,12,36,5,9,3,1,33.3,0.6,1,0,0,0.0,1,0.1,3,0,3,0,-25.0,0,0,0,,329,1588,22.2,0.0
112,古賀太一郎,10,40,13,0,0,0,,0.0,0,0,0,,0,0.0,0,0,0,0,,45,22,14,64.4,438,12076,,
113,古賀太一郎,11,60,22,0,0,0,,0.0,0,0,0,,0,0.0,0,0,0,0,,114,55,32,62.3,833,9134,,
114,古賀太一郎,12,20,8,0,0,0,,0.0,0,0,0,,0,0.0,0,0,0,0,,51,33,9,73.5,323,3297,,
115,合田心平,10,48,12,1,0,1,0.0,0.0,0,0,0,,1,0.03,23,2,0,6,15.2,1,0,0,0.0,450,5270,-100.0,
116,合田心平,11,96,28,0,0,0,,0.0,0,0,0,,1,0.01,28,0,3,5,1.8,0,0,0,,1125,8766,,
117,合田心平,12,24,8,1,1,0,100.0,0.12,0,0,0,,2,0.07,30,0,0,2,1.7,0,0,0,,323,3297,100.0,
118,唐川大志,10,60,12,0,0,0,,0.0,0,0,0,,0,0.0,0,0,0,0,,42,29,10,81.0,450,5270,,
119,唐川大志,11,120,29,0,0,0,,0.0,0,0,0,,0,0.0,0,0,0,0,,121,55,21,54.1,1125,8766,,
120,唐川大志,12,30,8,0,0,0,,0.0,0,0,0,,0,0.0,0,0,0,0,,43,22,12,65.1,323,3297,,
121,喜入祥充,10,60,0,0,0,0,,,0,0,0,,0,,0,0,0,0,,0,0,0,,442,3455,,
122,喜入祥充,11,120,0,0,0,0,,,0,0,0,,0,,0,0,0,0,,0,0,0,,1123,12425,,
123,喜入祥充,12,30,0,0,0,0,,,0,0,0,,0,,0,0,0,0,,0,0,0,,329,1588,,
124,坂下純也,10,44,12,60,23,2,38.3,1.92,10,6,2,60.0,2,0.06,31,0,9,4,-4.0,56,28,10,58.9,450,5270,35.0,40.0
125,坂下純也,11,88,28,143,58,6,40.6,2.07,20,6,2,30.0,5,0.05,81,0,23,18,-1.5,141,59,37,55.0,1125,8766,36.4,20.0
126,坂下純也,12,22,6,0,0,0,,0.0,0,0,0,,0,0.0,0,0,0,0,,4,2,1,62.5,323,3297,,
127,堀江友裕,10,20,2,0,0,0,,0.0,0,0,0,,0,0.0,0,0,0,0,,0,0,0,,442,5898,,
128,堀江友裕,11,40,2,0,0,0,,0.0,0,0,0,,0,0.0,0,0,0,0,,1,1,0,100.0,1121,7781,,
129,堀江友裕,12,10,1,0,0,0,,0.0,0,0,0,,0,0.0,0,0,0,0,,2,1,0,50.0,325,1950,,
130,大宅真樹,10,36,15,3,0,0,0.0,0.0,1,0,0,0.0,2,0.03,71,2,8,14,4.9,1,0,0,0.0,442,3455,0.0,0.0
131,大宅真樹,11,72,32,2,1,0,50.0,0.03,0,0,0,,7,0.05,121,3,21,22,2.7,6,1,0,16.7,1123,12425,50.0,
132,大宅真樹,12,18,6,2,2,0,100.0,0.33,0,0,0,,1,0.06,22,1,8,5,1.1,1,0,0,0.0,329,1588,100.0,
133,大竹壱青,10,16,4,22,12,0,54.5,3.0,9,5,0,55.6,1,0.08,13,1,3,5,11.5,1,1,0,100.0,442,6906,54.5,55.6
134,大竹壱青,11,32,18,90,46,6,51.1,2.56,30,16,4,53.3,3,0.08,48,6,5,12,16.1,1,1,0,100.0,1118,14280,44.4,40.0
135,大竹壱青,12,8,9,66,28,4,42.4,3.11,25,11,3,44.0,3,0.07,28,0,7,8,0.9,3,2,1,83.3,327,3348,36.4,32.0
136,大西基之,10,10,0,0,0,0,,,0,0,0,,0,,0,0,0,0,,0,0,0,,209,836,,
137,大西基之,11,15,0,0,0,0,,,0,0,0,,0,,0,0,0,0,,0,0,0,,446,2160,,
138,大西基之,12,10,0,0,0,0,,,0,0,0,,0,,0,0,0,0,,0,0,0,,329,1588,,
139,安永拓弥,10,4,12,31,21,0,67.7,1.75,0,0,0,,10,0.28,27,1,10,1,-4.6,5,3,1,70.0,450,5270,67.7,
140,安永拓弥,11,8,28,52,26,1,50.0,0.93,0,0,0,,14,0.13,50,1,18,5,-4.5,15,3,4,33.3,1125,8766,48.1,
141,安部翔大,10,60,13,36,23,2,63.9,1.77,0,0,0,,4,0.08,40,1,11,13,3.8,6,5,0,83.3,444,2516,58.3,
142,安部翔大,11,90,23,51,26,2,51.0,1.13,0,0,0,,10,0.1,65,1,10,11,1.9,11,8,2,81.8,832,6020,47.1,
143,安部翔大,12,30,3,8,3,0,37.5,1.0,0,0,0,,1,0.11,8,0,1,2,3.1,0,0,0,,329,1588,37.5,
144,富田将馬,10,36,16,96,49,2,51.0,3.06,25,17,0,68.0,7,0.1,48,1,16,9,-1.6,95,51,24,66.3,444,4605,49.0,68.0
145,富田将馬,11,72,31,164,81,13,49.4,2.61,33,15,5,45.5,6,0.05,102,7,19,26,8.6,193,99,49,64.0,1123,8601,41.5,30.3
146,富田将馬,12,18,9,65,29,3,44.6,3.22,7,4,1,57.1,3,0.07,31,4,7,13,17.7,50,20,16,56.0,325,1950,40.0,42.9
147,小宮雄一郎,10,88,15,27,16,1,59.3,1.07,0,0,0,,14,0.28,41,0,2,3,0.6,1,0,0,0.0,442,6906,55.6,
148,小宮雄一郎,11,154,28,48,28,1,58.3,1.0,0,0,0,,12,0.11,79,2,4,15,6.0,5,2,0,40.0,982,11900,56.2,
149,小宮雄一郎,12,44,7,19,8,0,42.1,1.14,0,0,0,,1,0.07,23,0,2,3,1.1,1,0,0,0.0,327,3348,42.1,
150,小山貴稀,12,13,0,0,0,0,,,0,0,0,,0,,0,0,0,0,,0,0,0,,166,1724,,
151,小川峻宗,10,28,5,0,0,0,,0.0,0,0,0,,0,0.0,0,0,0,0,,34,12,7,45.6,444,2516,,
152,小川峻宗,11,42,23,0,0,0,,0.0,0,0,0,,0,0.0,0,0,0,0,,1,1,0,100.0,832,6020,,
153,小川峻宗,12,14,6,0,0,0,,0.0,0,0,0,,0,0.0,0,0,0,0,,0,0,0,,329,1588,,
154,小川智大,10,96,13,0,0,0,,0.0,0,0,0,,0,0.0,0,0,0,0,,54,32,14,72.2,434,12823,,
155,小川智大,11,192,25,0,0,0,,0.0,0,0,0,,0,0.0,0,0,0,0,,120,73,26,71.7,1108,9563,,
156,小川智大,12,48,10,0,0,0,,0.0,0,0,0,,0,0.0,0,0,0,0,,50,28,18,74.0,327,3348,,
157,小川猛,10,36,6,0,0,0,,0.0,0,0,0,,0,0.0,0,0,0,0,,0,0,0,,213,2055,,
158,小澤宙輝,10,68,17,88,42,6,47.7,2.47,19,11,2,57.9,2,0.02,78,3,15,23,6.4,94,33,26,48.9,444,4605,40.9,47.4
159,小澤宙輝,11,136,31,199,95,15,47.7,3.06,41,22,2,53.7,2,0.02,136,10,39,38,7.2,136,63,31,57.7,1123,8601,40.2,48.8
160,小澤宙輝,12,34,9,69,35,6,50.7,3.89,23,12,3,52.2,1,0.03,38,3,10,9,7.2,35,9,13,44.3,325,1950,42.0,39.1
161,小田嶋大貴,10,48,13,24,16,0,66.7,1.23,0,0,0,,7,0.17,48,1,6,13,5.7,12,7,4,75.0,438,12076,66.7,
162,小田嶋大貴,11,24,7,4,3,0,75.0,0.43,0,0,0,,1,0.04,29,0,0,5,4.3,3,0,1,16.7,305,2692,75.0,
163,小田嶋大貴,12,24,8,6,3,0,50.0,0.38,0,0,0,,2,0.05,25,1,2,5,7.0,0,0,0,,323,3297,50.0,
164,小野寺太志,10,8,12,32,19,0,59.4,1.58,0,0,0,,4,0.11,53,1,7,9,2.8,12,12,0,100.0,450,5270,59.4,
165,小野寺太志,11,16,31,72,31,2,43.1,1.0,0,0,0,,7,0.06,119,7,10,31,10.3,19,4,5,34.2,1125,8766,40.3,
166,小野寺太志,12,4,8,24,15,2,62.5,1.88,0,0,0,,4,0.15,23,0,6,7,1.1,3,2,0,66.7,323,3297,54.2,
167,小野翔平,10,24,4,0,0,0,,0.0,0,0,0,,0,0.0,5,0,2,0,-10.0,0,0,0,,235,1680,,
168,小野翔平,11,72,13,24,7,2,29.2,0.54,2,2,0,100.0,1,0.02,28,1,6,5,2.7,17,4,2,29.4,832,6020,20.8,100.0
169,小野翔平,12,24,4,7,2,1,28.6,0.5,1,0,0,0.0,0,0.0,4,0,2,1,-6.2,6,2,2,50.0,329,1588,14.3,0.0
170,小野遥輝,10,12,15,42,23,2,54.8,1.53,0,0,0,,7,0.12,41,2,8,10,6.1,1,1,0,100.0,442,3455,50.0,
171,小野遥輝,11,24,32,73,43,3,58.9,1.34,0,0,0,,11,0.09,112,3,15,21,4.0,3,3,0,100.0,1123,12425,54.8,
172,小野遥輝,12,6,6,14,7,0,50.0,1.17,0,0,0,,2,0.11,30,0,4,10,5.0,0,0,0,,329,1588,50.0,
173,山内晶大,10,40,15,40,20,1,50.0,1.33,0,0,0,,8,0.16,48,2,6,6,4.2,1,0,0,0.0,442,6906,47.5,
174,山内晶大,11,80,33,89,56,4,62.9,1.7,0,0,0,,17,0.13,122,1,10,28,4.5,2,1,0,50.0,1118,14280,58.4,
175,山内晶大,12,20,10,27,16,1,59.3,1.6,0,0,0,,2,0.04,30,0,2,9,5.8,0,0,0,,327,3348,55.6,
176,山口拓海,10,12,17,0,0,0,,0.0,0,0,0,,0,0.0,0,0,0,0,,95,44,27,60.5,444,4605,,
177,山口拓海,11,24,31,0,0,0,,0.0,0,0,0,,0,0.0,0,0,0,0,,184,96,41,63.3,1123,8601,,
178,山口拓海,12,6,9,0,0,0,,0.0,0,0,0,,0,0.0,0,0,0,0,,64,25,19,53.9,325,1950,,
179,山口頌平,10,56,6,0,0,0,,0.0,0,0,0,,0,0.0,7,0,0,1,3.6,0,0,0,,442,5898,,
180,山口頌平,11,112,13,0,0,0,,0.0,0,0,0,,0,0.0,15,1,2,2,6.7,0,0,0,,1121,7781,,
181,山口頌平,12,28,2,0,0,0,,0.0,0,0,0,,0,0.0,9,0,1,2,2.8,0,0,0,,325,1950,,
182,山崎彰都,10,104,13,83,35,7,42.2,2.69,17,8,2,47.1,5,0.13,46,3,7,10,8.2,79,43,21,67.7,434,12823,33.7,35.3
183,山崎彰都,11,208,25,119,64,5,53.8,2.56,29,21,2,72.4,9,0.11,109,6,14,39,11.2,106,60,20,66.0,1108,9563,49.6,65.5
184,山崎彰都,12,52,10,50,22,5,44.0,2.2,11,6,3,54.5,6,0.12,41,1,4,8,4.9,72,31,18,55.6,327,3348,34.0,27.3
185,山本将平,11,90,4,7,3,0,42.9,0.75,3,2,0,66.7,0,0.0,3,0,1,0,-8.3,13,7,2,61.5,723,6110,42.9,66.7
186,山本将平,12,36,0,0,0,0,,,0,0,0,,0,,0,0,0,0,,0,0,0,,323,3297,,
187,山本智大,10,80,14,0,0,0,,0.0,0,0,0,,0,0.0,0,0,0,0,,48,21,14,58.3,442,5898,,
188,山本智大,11,160,27,0,0,0,,0.0,0,0,0,,0,0.0,0,0,0,0,,86,46,15,62.2,1121,7781,,
189,山本智大,12,40,9,0,0,0,,0.0,0,0,0,,0,0.0,0,0,0,0,,24,11,7,60.4,325,1950,,
190,山田大悟,10,33,6,16,7,2,43.8,1.17,0,0,0,,0,0.0,17,0,6,3,-4.4,5,2,0,40.0,322,8368,31.2,
191,山田大悟,11,44,3,1,1,0,100.0,0.33,0,0,0,,1,0.11,5,0,2,1,-5.0,0,0,0,,528,6442,100.0,
192,山田大悟,12,11,0,0,0,0,,,0,0,0,,0,,0,0,0,0,,0,0,0,,164,1636,,
193,山田滉太,10,40,13,71,34,5,47.9,2.62,17,10,0,58.8,7,0.15,48,4,25,7,-1.0,43,22,8,60.5,444,2516,40.8,58.8
194,山田滉太,11,50,17,71,26,9,36.6,1.53,17,7,3,41.2,4,0.07,51,3,23,12,0.5,88,41,22,59.1,674,5280,23.9,23.5
195,山田脩造,10,4,2,0,0,0,,0.0,0,0,0,,0,0.0,3,1,1,1,33.3,0,0,0,,434,12823,,
196,山田脩造,11,5,1,0,0,0,,0.0,0,0,0,,0,0.0,1,0,1,0,-25.0,0,0,0,,705,5510,,
197,山田脩造,12,2,5,8,1,0,12.5,0.2,0,0,0,,0,0.0,13,0,3,0,-5.8,10,0,5,25.0,327,3348,12.5,
198,山田航旗,10,2,0,0,0,0,,,0,0,0,,0,,0,0,0,0,,0,0,0,,215,3590,,
199,山田航旗,11,7,9,17,8,0,47.1,0.89,0,0,0,,1,0.04,23,2,5,2,5.4,8,3,3,56.2,953,6553,47.1,
200,峯村雄大,10,28,2,0,0,0,,0.0,0,0,0,,0,0.0,3,0,2,0,-16.7,0,0,0,,444,4605,,
201,峯村雄大,11,56,5,0,0,0,,0.0,0,0,0,,0,0.0,4,0,3,0,-18.8,0,0,0,,1123,8601,,
202,峯村雄大,12,14,2,0,0,0,,0.0,0,0,0,,0,0.0,2,0,0,0,0.0,0,0,0,,325,1950,,
203,川口喬,10,32,6,13,7,1,53.8,1.17,0,0,0,,1,0.08,14,0,2,1,-1.8,5,3,1,70.0,444,2516,46.2,
204,川口喬,11,48,8,6,3,0,50.0,0.38,0,0,0,,1,0.04,6,0,3,0,-12.5,4,3,1,87.5,832,6020,50.0,
205,川口喬,12,16,4,10,8,0,80.0,2.0,0,0,0,,5,0.58,13,1,2,3,9.6,0,0,0,,329,1588,80.0,
206,市川健太,10,68,0,0,0,0,,,0,0,0,,0,,0,0,0,0,,0,0,0,,434,12823,,
207,市川健太,11,136,1,0,0,0,,0.0,0,0,0,,0,0.0,0,0,0,0,,2,2,0,100.0,1108,9563,,
208,市川健太,12,34,0,0,0,0,,,0,0,0,,0,,0,0,0,0,,0,0,0,,327,3348,,
209,平井海成,12,18,0,0,0,0,,,0,0,0,,0,,0,0,0,0,,0,0,0,,323,3297,,
210,平田亮介,10,42,1,0,0,0,,0.0,0,0,0,,0,0.0,1,0,1,0,-25.0,0,0,0,,211,4356,,
211,平田亮介,11,126,15,28,13,2,46.4,0.87,1,0,1,0.0,3,0.06,38,2,10,9,4.6,2,2,0,100.0,833,9134,39.3,-100.0
212,平田亮介,12,21,0,0,0,0,,,0,0,0,,0,,0,0,0,0,,0,0,0,,159,1661,,
213,張秉龍,10,24,12,76,29,7,38.2,2.42,15,4,3,26.7,4,0.09,35,2,9,5,2.9,93,39,15,50.0,438,12076,28.9,6.7
214,張秉龍,11,36,15,70,30,5,42.9,2.0,15,10,2,66.7,2,0.03,37,2,12,11,4.7,76,27,22,50.0,833,9134,35.7,53.3
215,張秉龍,12,12,2,0,0,0,,0.0,0,0,0,,0,0.0,0,0,0,0,,0,0,0,,323,3297,,
216,彭世坤,10,12,7,1,1,0,100.0,0.14,0,0,0,,0,0.0,2,0,0,1,12.5,0,0,0,,229,1400,100.0,
217,彭世坤,11,48,32,89,64,3,71.9,2.0,0,0,0,,19,0.15,102,4,18,23,5.1,8,3,1,43.8,1123,12425,68.5,
218,彭世坤,12,12,6,23,17,0,73.9,2.83,0,0,0,,5,0.28,24,1,2,8,10.4,4,2,1,62.5,329,1588,73.9,
219,戸嵜嵩大,10,36,5,15,7,1,46.7,1.4,2,0,0,0.0,0,0.0,4,0,2,0,-12.5,9,2,2,33.3,438,12076,40.0,0.0
220,戸嵜嵩大,11,54,13,69,26,9,37.7,2.0,21,9,5,42.9,2,0.05,31,0,8,10,1.6,64,30,15,58.6,833,9134,24.6,19.0
221,戸嵜嵩大,12,18,8,72,38,5,52.8,4.75,18,11,2,61.1,1,0.02,27,2,4,2,5.6,50,19,16,54.0,323,3297,45.8,50.0
222,手原紳,10,56,9,0,0,0,,0.0,0,0,0,,1,0.04,15,0,2,1,-1.7,0,0,0,,438,12076,,
223,手原紳,11,84,6,0,0,0,,0.0,0,0,0,,0,0.0,10,0,1,2,2.5,0,0,0,,833,9134,,
224,手原紳,12,28,1,0,0,0,,0.0,0,0,0,,0,0.0,2,0,0,1,12.5,0,0,0,,323,3297,,
225,手塚大,10,24,6,0,0,0,,0.0,0,0,0,,0,0.0,3,0,1,0,-8.3,0,0,0,,444,4605,,
226,手塚大,11,48,18,9,6,0,66.7,0.33,0,0,0,,1,0.01,11,1,4,3,6.8,0,0,0,,1123,8601,66.7,
227,手塚大,12,12,6,4,1,0,25.0,0.17,0,0,0,,0,0.0,7,0,2,2,0.0,0,0,0,,325,1950,25.0,
228,新井雄大,10,28,8,16,7,0,43.8,0.88,2,1,0,50.0,0,0.0,3,0,2,0,-16.7,0,0,0,,450,5270,43.8,50.0
229,新井雄大,11,56,22,115,52,10,45.2,2.36,12,8,2,66.7,1,0.01,53,3,9,6,4.2,110,45,32,55.5,1125,8766,36.5,50.0
230,新井雄大,12,14,6,9,4,0,44.4,0.67,0,0,0,,1,0.17,0,0,0,0,,8,3,1,43.8,323,3297,44.4,
231,新貴裕,10,80,4,2,1,0,50.0,0.25,0,0,0,,1,0.08,11,1,2,1,6.8,0,0,0,,442,6906,50.0,
232,新貴裕,11,160,9,1,1,0,100.0,0.11,0,0,0,,1,0.06,6,0,1,2,4.2,0,0,0,,1118,14280,100.0,
233,新貴裕,12,40,9,3,1,0,33.3,0.11,0,0,0,,3,0.07,31,2,3,7,9.7,0,0,0,,327,3348,33.3,
234,星野秀知,10,4,9,58,21,3,36.2,2.33,0,0,0,,3,0.1,25,0,4,1,-3.0,54,31,9,65.7,438,12076,31.0,
235,星野秀知,11,6,19,66,25,1,37.9,1.32,0,0,0,,3,0.05,43,2,3,5,5.8,103,48,26,59.2,833,9134,36.4,
236,星野秀知,12,2,0,0,0,0,,,0,0,0,,0,,0,0,0,0,,0,0,0,,323,3297,,
237,本間隆太,10,68,13,0,0,0,,0.0,0,0,0,,0,0.0,0,0,0,0,,58,28,18,63.8,440,10165,,
238,本間隆太,11,136,33,0,0,0,,0.0,0,0,0,,0,0.0,0,0,0,0,,131,54,34,54.2,1112,15559,,
239,本間隆太,12,34,6,0,0,0,,0.0,0,0,0,,0,0.0,0,0,0,0,,17,12,1,73.5,331,2450,,
240,村山豪,10,36,13,44,20,1,45.5,1.54,0,0,0,,8,0.19,45,0,7,9,1.1,8,1,3,31.2,440,10165,43.2,
241,村山豪,11,72,33,96,46,3,47.9,1.39,0,0,0,,21,0.15,109,4,18,15,3.0,9,4,1,50.0,1112,15559,44.8,
242,村山豪,12,18,6,16,11,1,68.8,1.83,0,0,0,,3,0.17,23,3,3,0,9.8,0,0,0,,331,2450,62.5,
243,松本慶彦,10,4,14,25,12,1,48.0,0.86,0,0,0,,7,0.16,50,0,3,14,5.5,4,0,2,25.0,442,5898,44.0,
244,松本慶彦,11,8,27,57,37,5,64.9,1.37,0,0,0,,9,0.1,76,3,4,15,7.6,12,5,1,45.8,1121,7781,56.1,
245,松本慶彦,12,2,9,11,6,0,54.5,0.67,0,0,0,,1,0.02,20,0,1,3,2.5,2,0,1,25.0,325,1950,54.5,
246,柏田樹,10,92,10,27,10,2,37.0,1.0,1,0,0,0.0,6,0.18,41,2,3,11,9.8,0,0,0,,442,3455,29.6,0.0
247,柏田樹,11,184,9,0,0,0,,0.0,0,0,0,,0,0.0,0,0,0,0,,0,0,0,,1123,12425,,
248,柏田樹,12,46,1,0,0,0,,0.0,0,0,0,,0,0.0,0,0,0,0,,0,0,0,,329,1588,,
249,柳澤広平,10,7,0,0,0,0,,,0,0,0,,0,,0,0,0,0,,0,0,0,,119,2500,,
250,柳澤広平,11,42,1,0,0,0,,0.0,0,0,0,,0,0.0,0,0,0,0,,3,0,1,16.7,844,10345,,
251,柳澤広平,12,14,0,0,0,0,,,0,0,0,,0,,0,0,0,0,,0,0,0,,331,2450,,
252,柳田将洋,10,32,13,109,48,7,44.0,3.69,17,10,3,58.8,3,0.06,51,1,18,13,-0.5,82,31,18,48.8,440,10165,37.6,41.2
253,柳田将洋,11,64,33,246,116,21,47.2,3.52,78,41,9,52.6,3,0.02,123,12,29,31,10.2,118,50,31,55.5,1112,15559,38.6,41.0
254,柳田将洋,12,16,4,13,7,1,53.8,1.75,1,0,0,0.0,1,0.08,12,2,3,3,16.7,14,8,3,67.9,331,2450,46.2,0.0
255,柳町逸太,10,52,10,88,37,8,42.0,3.7,39,14,6,35.9,2,0.12,26,2,10,4,1.9,2,2,0,100.0,438,12076,33.0,20.5
256,柳町逸太,11,52,0,0,0,0,,,0,0,0,,0,,0,0,0,0,,0,0,0,,528,6442,,
257,栗山英之,10,8,0,0,0,0,,,0,0,0,,0,,0,0,0,0,,0,0,0,,116,3708,,
258,栗山英之,11,48,11,11,4,2,36.4,0.36,0,0,0,,8,0.21,31,0,1,7,4.8,2,0,1,25.0,833,9134,18.2,
259,栗山英之,12,16,5,6,3,0,50.0,0.6,0,0,0,,1,0.07,12,0,0,4,8.3,1,0,0,0.0,323,3297,50.0,
260,栗山雅史,10,76,0,0,0,0,,,0,0,0,,0,,0,0,0,0,,0,0,0,,442,3455,,
261,栗山雅史,11,152,4,18,6,3,33.3,1.5,6,1,1,16.7,0,0.0,12,0,1,3,4.2,0,0,0,,1123,12425,16.7,0.0
262,栗山雅史,12,38,6,37,17,1,45.9,2.83,11,4,1,36.4,4,0.22,19,0,2,5,3.9,0,0,0,,329,1588,43.2,27.3
263,梅本鈴太郎,10,54,0,0,0,0,,,0,0,0,,0,,0,0,0,0,,0,0,0,,335,5499,,
264,梅本鈴太郎,11,144,8,22,9,4,40.9,1.12,5,2,2,40.0,3,0.21,21,3,8,7,13.1,4,3,0,75.0,1121,7781,22.7,0.0
265,梅本鈴太郎,12,36,0,0,0,0,,,0,0,0,,0,,0,0,0,0,,0,0,0,,325,1950,,
266,森崎健史,10,32,4,5,3,0,60.0,0.75,0,0,0,,0,0.0,9,2,3,2,19.4,1,0,0,0.0,229,1400,60.0,
267,森崎健史,11,128,10,30,16,2,53.3,1.6,0,0,0,,3,0.1,33,2,3,6,8.3,2,0,1,25.0,1107,7913,46.7,
268,森崎健史,12,32,3,5,2,0,40.0,0.67,0,0,0,,0,0.0,12,0,1,3,4.2,3,1,1,50.0,331,2450,40.0,
269,椿山竜介,10,56,4,0,0,0,,0.0,0,0,0,,0,0.0,6,0,1,2,4.2,0,0,0,,434,12823,,
270,椿山竜介,11,112,8,31,18,0,58.1,2.25,10,5,0,50.0,1,0.04,21,2,5,6,10.7,1,0,1,50.0,1108,9563,58.1,50.0
271,椿山竜介,12,28,0,0,0,0,,,0,0,0,,0,,0,0,0,0,,0,0,0,,327,3348,,
272,椿芽久,10,52,9,3,2,1,66.7,0.22,0,0,0,,0,0.0,20,0,3,3,0.0,1,0,0,0.0,444,4990,33.3,
273,椿芽久,11,104,5,0,0,0,,0.0,0,0,0,,1,0.1,9,0,2,0,-5.6,0,0,0,,1107,7913,,
274,椿芽久,12,26,3,0,0,0,,0.0,0,0,0,,0,0.0,2,0,0,1,12.5,0,0,0,,331,2450,,
275,樋口裕希,10,6,7,46,24,4,52.2,3.43,10,6,1,60.0,3,0.11,25,2,5,9,12.0,36,15,10,55.6,323,3398,43.5,50.0
276,樋口裕希,11,16,24,152,63,10,41.4,2.62,20,11,1,55.0,10,0.15,88,4,21,22,4.8,177,77,35,53.4,1121,7781,34.9,50.0
277,樋口裕希,12,4,9,50,19,3,38.0,2.11,4,1,2,25.0,1,0.03,30,1,9,7,1.7,67,25,14,47.8,325,1950,32.0,-25.0
278,武智洸史,10,32,0,0,0,0,,,0,0,0,,0,,0,0,0,0,,0,0,0,,450,5270,,
279,武智洸史,11,64,21,27,16,2,59.3,0.76,1,0,0,0.0,0,0.0,20,2,5,4,8.8,44,23,9,62.5,1125,8766,51.9,0.0
280,武智洸史,12,16,8,35,17,5,48.6,2.12,1,1,0,100.0,0,0.0,30,2,6,9,9.2,58,26,12,55.2,323,3297,34.3,100.0
281,武藤鉄也,10,72,7,13,6,1,46.2,0.86,0,0,0,,1,0.14,25,0,1,3,2.0,7,0,5,35.7,438,12076,38.5,
282,武藤鉄也,11,108,18,34,13,0,38.2,0.72,0,0,0,,6,0.15,47,0,5,7,1.1,1,1,0,100.0,833,9134,38.2,
283,武藤鉄也,12,36,8,6,1,0,16.7,0.12,0,0,0,,5,0.18,17,0,2,2,0.0,0,0,0,,323,3297,16.7,
284,永尾敏明,10,80,7,0,0,0,,0.0,0,0,0,,0,0.0,9,0,2,3,2.8,2,1,1,75.0,444,2516,,
285,永尾敏明,11,120,10,0,0,0,,0.0,0,0,0,,0,0.0,13,0,4,2,-3.8,0,0,0,,832,6020,,
286,永尾敏明,12,40,3,0,0,0,,0.0,0,0,0,,0,0.0,1,0,0,0,0.0,3,0,1,16.7,329,1588,,
287,永野健,10,68,15,0,0,0,,0.0,0,0,0,,0,0.0,0,0,0,0,,62,28,18,59.7,442,6906,,
288,永野健,11,136,10,0,0,0,,0.0,0,0,0,,0,0.0,0,0,0,0,,45,20,13,58.9,1118,14280,,
289,永野健,12,34,0,0,0,0,,,0,0,0,,0,,0,0,0,0,,0,0,0,,327,3348,,
290,永露元稀,10,84,13,9,4,0,44.4,0.31,0,0,0,,2,0.04,46,0,6,8,1.1,2,0,0,0.0,434,12823,44.4,
291,永露元稀,11,168,25,18,15,0,83.3,0.6,0,0,0,,6,0.08,113,0,2,20,4.0,5,1,0,20.0,1108,9563,83.3,
292,永露元稀,12,42,10,5,2,1,40.0,0.2,0,0,0,,5,0.1,28,0,2,5,2.7,1,0,0,0.0,327,3348,20.0,
293,江川,10,76,12,87,50,11,57.5,4.17,33,20,4,60.6,11,0.3,45,4,10,11,9.4,0,0,0,,450,5270,44.8,48.5
294,江川,11,152,31,294,134,29,45.6,4.32,111,55,13,49.5,8,0.07,110,8,37,32,6.1,1,0,0,0.0,1125,8766,35.7,37.8
295,江川,12,38,8,87,47,7,54.0,5.88,43,23,5,53.5,2,0.05,31,2,7,16,13.7,0,0,0,,323,3297,46.0,41.9
296,池田幸太,10,36,12,70,29,3,41.4,2.42,13,4,1,30.8,1,0.02,43,4,9,5,7.0,57,15,16,40.4,444,4990,37.1,23.1
297,池田幸太,11,72,29,176,73,20,41.5,2.52,34,17,4,50.0,6,0.05,97,3,15,18,3.9,228,89,55,51.1,1107,7913,30.1,38.2
298,池田幸太,12,18,6,35,16,1,45.7,2.67,3,0,1,0.0,1,0.06,17,0,3,4,1.5,39,20,6,59.0,331,2450,42.9,-33.3
299,池田颯太,10,12,3,0,0,0,,0.0,0,0,0,,0,0.0,3,0,0,0,0.0,0,0,0,,444,4990,,
300,池田颯太,11,24,12,0,0,0,,0.0,0,0,0,,0,0.0,18,0,1,4,4.2,0,0,0,,1107,7913,,
301,池田颯太,12,6,1,0,0,0,,0.0,0,0,0,,0,0.0,1,0,1,0,-25.0,0,0,0,,331,2450,,
302,河東祐大,10,24,2,0,0,0,,0.0,0,0,0,,0,0.0,5,0,0,1,5.0,0,0,0,,440,10165,,
303,河東祐大,11,48,15,0,0,0,,0.0,0,0,0,,0,0.0,49,0,1,7,3.1,2,0,1,25.0,1112,15559,,
304,河東祐大,12,12,2,0,0,0,,0.0,0,0,0,,0,0.0,0,0,0,0,,0,0,0,,331,2450,,
305,波佐間泰平,10,60,10,22,13,0,59.1,1.3,0,0,0,,4,0.14,22,1,4,2,2.3,4,4,0,100.0,444,4990,59.1,
306,波佐間泰平,11,90,10,23,10,0,43.5,1.0,0,0,0,,3,0.12,24,0,6,3,-3.1,4,2,0,50.0,836,6703,43.5,
307,波佐間泰平,12,30,4,5,4,0,80.0,1.0,0,0,0,,1,0.08,12,0,1,1,0.0,2,1,1,75.0,331,2450,80.0,
308,深津旭弘,10,68,14,1,1,0,100.0,0.07,0,0,0,,2,0.04,55,0,4,17,5.9,5,0,0,0.0,442,5898,100.0,
309,深津旭弘,11,136,27,7,4,0,57.1,0.15,1,0,0,0.0,5,0.06,111,8,7,26,11.5,3,0,0,0.0,1121,7781,57.1,0.0
310,深津旭弘,12,34,7,2,2,0,100.0,0.29,0,0,0,,1,0.04,27,1,2,6,7.4,0,0,0,,325,1950,100.0,
311,深津英臣,10,8,15,5,1,1,20.0,0.07,0,0,0,,4,0.09,54,3,2,13,10.6,0,0,0,,442,6906,0.0,
312,深津英臣,11,16,33,9,5,0,55.6,0.15,0,0,0,,6,0.05,122,3,6,36,8.6,0,0,0,,1118,14280,55.6,
313,深津英臣,12,2,2,0,0,0,,0.0,0,0,0,,0,0.0,3,0,1,0,-8.3,0,0,0,,161,1624,,
314,清水邦広,10,4,15,101,41,8,40.6,2.73,29,10,3,34.5,4,0.07,44,2,11,9,3.4,0,0,0,,442,6906,32.7,24.1
315,清水邦広,11,8,24,198,106,10,53.5,4.42,71,39,4,54.9,11,0.12,92,8,17,21,9.8,2,1,0,50.0,1118,14280,48.5,49.3
316,清水邦広,12,2,3,15,7,0,46.7,2.33,3,1,0,33.3,0,0.0,8,1,2,1,9.4,0,0,0,,327,3348,46.7,33.3
317,渡辺奏吾,10,20,13,0,0,0,,0.0,0,0,0,,0,0.0,17,1,2,2,5.9,0,0,0,,442,6906,,
318,渡辺奏吾,11,40,29,7,2,0,28.6,0.07,0,0,0,,2,0.02,47,2,5,11,7.4,20,11,4,65.0,1118,14280,28.6,
319,渡辺奏吾,12,10,8,22,11,0,50.0,1.38,2,0,0,0.0,2,0.05,16,0,4,2,-3.1,27,10,7,50.0,327,3348,50.0,0.0
320,熊倉允,11,28,1,1,0,0,0.0,0.0,0,0,0,,0,0.0,0,0,0,0,,0,0,0,,278,2406,0.0,
321,玉宅健太郎,10,8,11,0,0,0,,0.0,0,0,0,,1,0.02,22,0,1,8,8.0,0,0,0,,438,12076,,
322,玉宅健太郎,11,12,20,3,1,1,33.3,0.05,0,0,0,,4,0.06,58,1,6,11,3.9,1,0,0,0.0,833,9134,0.0,
323,玉宅健太郎,12,4,8,1,0,0,0.0,0.0,0,0,0,,0,0.0,26,0,3,9,5.8,0,0,0,,323,3297,0.0,
324,王東宸,10,24,9,17,9,0,52.9,1.0,0,0,0,,8,0.3,41,3,6,14,12.2,1,1,0,100.0,318,9115,52.9,
325,王東宸,11,64,24,75,50,5,66.7,2.08,1,0,0,0.0,18,0.25,94,2,14,35,7.7,4,3,1,87.5,1108,9563,60.0,0.0
326,王東宸,12,16,10,31,19,5,61.3,1.9,0,0,0,,4,0.08,34,1,1,8,8.1,2,1,1,75.0,327,3348,45.2,
327,真子康佑,10,32,13,1,0,0,0.0,0.0,0,0,0,,2,0.04,48,0,3,4,0.5,0,0,0,,444,4605,0.0,
328,真子康佑,11,64,15,3,3,0,100.0,0.2,0,0,0,,3,0.06,22,0,1,8,8.0,2,0,0,0.0,1123,8601,100.0,
329,真子康佑,12,16,6,0,0,0,,0.0,0,0,0,,0,0.0,4,1,0,0,25.0,0,0,0,,325,1950,,
330,矢貫龍馬,10,56,4,5,0,0,0.0,0.0,0,0,0,,2,0.33,11,0,3,0,-6.8,2,1,1,75.0,444,4990,0.0,
331,矢貫龍馬,11,70,3,8,4,0,50.0,1.33,0,0,0,,1,0.11,5,0,0,0,0.0,1,1,0,100.0,711,3770,50.0,
332,矢貫龍馬,12,28,0,0,0,0,,,0,0,0,,0,,0,0,0,0,,0,0,0,,331,2450,,
333,福山汰一,10,16,8,10,4,2,40.0,0.5,0,0,0,,1,0.04,10,0,1,0,-2.5,1,1,0,100.0,440,10165,20.0,
334,福山汰一,11,32,20,22,14,0,63.6,0.7,0,0,0,,5,0.06,31,0,6,6,0.0,3,1,1,50.0,1112,15559,63.6,
335,福山汰一,12,8,2,0,0,0,,0.0,0,0,0,,0,0.0,0,0,0,0,,0,0,0,,331,2450,,
336,秦耕介,10,44,0,0,0,0,,,0,0,0,,0,,0,0,0,0,,0,0,0,,442,3455,,
337,秦耕介,11,88,0,0,0,0,,,0,0,0,,0,,0,0,0,0,,0,0,0,,1123,12425,,
338,秦耕介,12,22,0,0,0,0,,,0,0,0,,0,,0,0,0,0,,0,0,0,,329,1588,,
339,竹元裕太郎,10,42,0,0,0,0,,,0,0,0,,0,,0,0,0,0,,0,0,0,,226,2899,,
340,竹元裕太郎,11,126,1,0,0,0,,0.0,0,0,0,,0,0.0,0,0,0,0,,0,0,0,,812,5460,,
341,笠利真吾,10,68,11,29,15,3,51.7,1.36,6,3,1,50.0,1,0.03,20,0,6,5,-1.2,31,9,10,45.2,438,12076,41.4,33.3
342,笠利真吾,11,102,19,35,19,0,54.3,1.0,3,3,0,100.0,2,0.03,36,2,7,6,4.9,35,13,10,51.4,833,9134,54.3,100.0
343,笠利真吾,12,34,8,46,23,4,50.0,2.88,8,7,0,87.5,5,0.21,29,0,5,5,0.0,39,17,8,53.8,323,3297,41.3,87.5
344,米山裕太,10,20,6,8,1,0,12.5,0.17,0,0,0,,0,0.0,12,1,2,3,10.4,16,8,4,62.5,444,4605,12.5,
345,米山裕太,11,25,0,0,0,0,,,0,0,0,,0,,0,0,0,0,,0,0,0,,734,4122,,
346,米山裕太,12,10,0,0,0,0,,,0,0,0,,0,,0,0,0,0,,0,0,0,,325,1950,,
347,耿鑫,12,52,7,5,0,0,0.0,0.0,0,0,0,,4,0.11,19,0,1,1,0.0,0,0,0,,327,3348,0.0,
348,藤中優斗,10,4,2,1,0,0,0.0,0.0,0,0,0,,0,0.0,1,0,0,1,25.0,5,2,3,70.0,440,10165,0.0,
349,藤中優斗,11,8,21,88,43,4,48.9,2.05,7,5,0,71.4,5,0.06,69,1,9,13,2.9,79,44,20,68.4,1112,15559,44.3,71.4
350,藤中優斗,12,2,4,18,11,1,61.1,2.75,3,2,1,66.7,2,0.17,15,1,1,4,11.7,17,9,4,64.7,331,2450,55.6,33.3
351,藤中謙也,10,40,15,63,34,5,54.0,2.27,18,12,1,66.7,3,0.06,39,0,8,6,-1.3,126,51,40,56.3,442,3455,46.0,61.1
352,藤中謙也,11,80,31,108,45,14,41.7,1.45,27,15,4,55.6,6,0.05,106,4,21,19,3.3,186,83,43,56.2,1123,12425,28.7,40.7
353,藤中謙也,12,20,6,38,22,1,57.9,3.67,9,7,0,77.8,3,0.17,28,1,12,6,-1.8,56,24,15,56.2,329,1588,55.3,77.8
354,藤中颯志,10,32,15,0,0,0,,0.0,0,0,0,,0,0.0,0,0,0,0,,88,37,24,55.7,442,3455,,
355,藤中颯志,11,64,32,0,0,0,,0.0,0,0,0,,0,0.0,0,0,0,0,,175,88,39,61.4,1123,12425,,
356,藤中颯志,12,16,6,0,0,0,,0.0,0,0,0,,0,0.0,0,0,0,0,,23,14,6,73.9,329,1588,,
357,藤原奨太,10,56,8,6,1,0,16.7,0.12,2,1,0,50.0,0,0.0,9,0,1,1,0.0,27,10,3,42.6,444,2516,16.7,50.0
358,藤原奨太,11,84,19,96,39,9,40.6,2.05,14,5,2,35.7,1,0.02,57,1,8,6,0.9,116,41,27,47.0,832,6020,31.2,21.4
359,藤原奨太,12,28,6,26,10,3,38.5,1.67,3,1,1,33.3,1,0.06,18,0,5,1,-5.6,37,11,10,43.2,329,1588,26.9,0.0
360,藤岡諒馬,11,66,0,0,0,0,,,0,0,0,,0,,0,0,0,0,,0,0,0,,424,2100,,
361,袴谷亮介,10,44,2,2,0,0,0.0,0.0,0,0,0,,0,0.0,1,0,1,0,-25.0,0,0,0,,440,10165,0.0,
362,袴谷亮介,11,88,17,6,2,2,33.3,0.12,4,0,2,0.0,0,0.0,24,0,4,6,2.1,0,0,0,,1112,15559,0.0,-50.0
363,袴谷亮介,12,22,5,6,3,0,50.0,0.6,4,2,0,50.0,0,0.0,6,1,4,1,4.2,0,0,0,,331,2450,50.0,50.0
364,西山大翔,10,72,3,3,1,0,33.3,0.33,0,0,0,,0,0.0,0,0,0,0,,0,0,0,,442,6906,33.3,
365,西山大翔,11,144,3,5,2,1,40.0,0.67,0,0,0,,0,0.0,3,2,1,0,58.3,3,0,1,16.7,1118,14280,20.0,
366,西本圭吾,10,72,10,16,10,1,62.5,1.0,0,0,0,,4,0.08,31,0,9,3,-4.8,1,0,1,50.0,444,4605,56.2,
367,西本圭吾,11,144,25,40,26,0,65.0,1.04,0,0,0,,15,0.13,78,5,14,16,7.1,1,1,0,100.0,1123,8601,65.0,
368,西本圭吾,12,36,9,15,10,1,66.7,1.11,0,0,0,,8,0.22,22,0,6,6,0.0,3,2,1,83.3,325,1950,60.0,
369,西村信,10,12,9,0,0,0,,0.0,0,0,0,,0,0.0,0,0,0,0,,0,0,0,,450,5270,,
370,西村信,11,24,31,0,0,0,,0.0,0,0,0,,0,0.0,0,0,0,0,,17,13,2,82.4,1125,8766,,
371,西村信,12,6,8,0,0,0,,0.0,0,0,0,,0,0.0,0,0,0,0,,0,0,0,,323,3297,,
372,西田寛基,10,80,7,0,0,0,,0.0,0,0,0,,0,0.0,12,0,0,3,6.2,0,0,0,,442,3455,,
373,西田寛基,11,160,18,0,0,0,,0.0,0,0,0,,0,0.0,28,0,2,7,4.5,0,0,0,,1123,12425,,
374,西田寛基,12,40,3,0,0,0,,0.0,0,0,0,,0,0.0,3,0,0,0,0.0,0,0,0,,329,1588,,
375,西田有志,10,42,9,64,24,4,37.5,2.67,24,11,0,45.8,4,0.15,24,1,7,7,4.2,2,0,1,25.0,321,7665,31.2,45.8
376,西田有志,11,28,6,5,3,0,60.0,0.5,5,3,0,60.0,0,0.0,3,0,2,1,-8.3,0,0,0,,305,2692,60.0,60.0
377,西田有志,12,28,6,42,25,2,59.5,4.17,21,13,1,61.9,1,0.06,19,0,8,7,-1.3,0,0,0,,331,2450,54.8,57.1
378,西知恕,10,16,0,0,0,0,,,0,0,0,,0,,0,0,0,0,,0,0,0,,115,900,,
379,西知恕,11,80,14,7,4,0,57.1,0.29,0,0,0,,1,0.02,40,1,1,9,7.5,3,0,2,33.3,738,6566,57.1,
380,西知恕,12,32,8,16,5,1,31.2,0.62,1,0,0,0.0,3,0.11,34,0,3,2,-0.7,3,2,0,66.7,323,3297,25.0,0.0
381,谷口渉,10,10,2,0,0,0,,0.0,0,0,0,,0,0.0,0,0,0,0,,9,2,5,50.0,211,4356,,
382,谷口渉,11,20,9,0,0,0,,0.0,0,0,0,,0,0.0,0,0,0,0,,9,2,2,33.3,556,6198,,
383,谷口渉,12,10,7,0,0,0,,0.0,0,0,0,,0,0.0,0,0,0,0,,6,2,2,50.0,323,3297,,
384,赤星伸城,10,88,12,0,0,0,,0.0,0,0,0,,0,0.0,17,1,2,4,8.8,0,0,0,,442,5898,,
385,赤星伸城,11,176,25,0,0,0,,0.0,0,0,0,,0,0.0,35,0,4,13,6.4,0,0,0,,1121,7781,,
386,赤星伸城,12,44,9,0,0,0,,0.0,0,0,0,,0,0.0,10,0,0,2,5.0,0,0,0,,325,1950,,
387,近裕崇,10,24,6,5,2,0,40.0,0.33,0,0,0,,2,0.08,18,0,0,4,5.6,3,3,0,100.0,434,12823,40.0,
388,近裕崇,11,36,12,0,0,0,,0.0,0,0,0,,0,0.0,21,0,2,5,3.6,0,0,0,,836,6560,,
389,近裕崇,12,12,6,1,0,0,0.0,0.0,0,0,0,,0,0.0,9,0,1,4,8.3,1,0,0,0.0,327,3348,0.0,
390,迫田郭志,10,36,14,96,47,4,49.0,3.36,10,4,2,40.0,4,0.08,66,4,12,28,12.1,88,36,31,58.5,442,5898,44.8,20.0
391,迫田郭志,11,72,22,123,59,7,48.0,2.68,9,6,1,66.7,6,0.09,83,3,22,28,5.4,111,49,29,57.2,1121,7781,42.3,55.6
392,迫田郭志,12,18,9,20,8,3,40.0,0.89,1,1,0,100.0,0,0.0,20,1,5,3,2.5,24,7,5,39.6,325,1950,25.0,100.0
393,道井淳平,11,72,3,0,0,0,,0.0,0,0,0,,0,0.0,4,0,1,1,0.0,0,0,0,,573,7906,,
394,道井淳平,12,36,0,0,0,0,,,0,0,0,,0,,0,0,0,0,,0,0,0,,331,2450,,
395,都築仁,10,80,8,59,28,5,47.5,3.5,16,8,1,50.0,0,0.0,19,0,6,3,-3.9,2,0,1,25.0,440,10165,39.0,43.8
396,都築仁,11,120,18,128,60,8,46.9,3.33,40,17,4,42.5,1,0.01,58,3,17,11,2.6,2,2,0,100.0,807,12867,40.6,32.5
397,酒井啓輔,10,16,14,1,0,0,0.0,0.0,0,0,0,,0,0.0,24,1,4,2,2.1,1,0,0,0.0,444,4605,0.0,
398,酒井啓輔,11,32,28,5,3,0,60.0,0.11,0,0,0,,5,0.05,105,4,3,12,6.0,1,0,0,0.0,1123,8601,60.0,
399,酒井啓輔,12,8,9,3,2,0,66.7,0.22,0,0,0,,2,0.05,23,0,0,3,3.3,1,0,0,0.0,325,1950,66.7,
400,重留日向,10,44,8,7,3,2,42.9,0.38,3,3,0,100.0,1,0.06,2,0,0,1,12.5,1,1,0,100.0,442,5898,14.3,100.0
401,重留日向,11,88,20,22,11,2,50.0,0.55,5,4,0,80.0,3,0.06,9,0,3,1,-5.6,1,0,0,0.0,1121,7781,40.9,80.0
402,重留日向,12,22,3,0,0,0,,0.0,0,0,0,,0,0.0,0,0,0,0,,0,0,0,,325,1950,,
403,野瀬将平,10,6,1,0,0,0,,0.0,0,0,0,,0,0.0,0,0,0,0,,2,0,0,0.0,227,7720,,
404,野瀬将平,11,6,2,0,0,0,,0.0,0,0,0,,0,0.0,0,0,0,0,,0,0,0,,277,2936,,
405,金丸晃大,10,8,0,0,0,0,,,0,0,0,,0,,0,0,0,0,,0,0,0,,440,10165,,
406,金丸晃大,11,12,0,0,0,0,,,0,0,0,,0,,0,0,0,0,,0,0,0,,807,12867,,
407,金子聖輝,10,68,11,2,0,0,0.0,0.0,1,0,0,0.0,1,0.03,20,2,3,4,11.2,0,0,0,,450,5270,0.0,0.0
408,金子聖輝,11,136,15,4,2,1,50.0,0.13,0,0,0,,2,0.04,31,1,6,6,3.2,2,0,1,25.0,1125,8766,25.0,
409,金子聖輝,12,34,7,1,0,0,0.0,0.0,0,0,0,,1,0.05,1,0,0,0,0.0,0,0,0,,323,3297,0.0,
410,鈴木祐貴,11,11,0,0,0,0,,,0,0,0,,0,,0,0,0,0,,0,0,0,,136,2380,,
411,鍬田憲伸,10,88,6,4,1,1,25.0,0.17,1,0,1,0.0,0,0.0,10,1,4,2,5.0,4,0,1,12.5,442,3455,0.0,-100.0
412,鍬田憲伸,11,176,13,35,19,1,54.3,1.46,10,6,1,60.0,1,0.03,30,1,6,15,10.8,39,16,14,59.0,1123,12425,51.4,50.0
413,鍬田憲伸,12,44,6,33,19,3,57.6,3.17,7,3,1,42.9,1,0.06,24,1,2,13,15.6,13,5,3,50.0,329,1588,48.5,28.6
414,長友優磨,10,16,5,38,15,2,39.5,3.0,11,5,0,45.5,0,0.0,9,0,2,0,-5.6,1,1,0,100.0,438,12076,34.2,45.5
415,長友優磨,11,8,4,0,0,0,,0.0,0,0,0,,0,0.0,7,1,3,0,3.6,0,0,0,,305,2692,,
416,長友優磨,12,8,5,0,0,0,,0.0,0,0,0,,0,0.0,11,1,1,2,11.4,0,0,0,,323,3297,,
417,長田翼,10,48,1,0,0,0,,0.0,0,0,0,,0,0.0,1,0,0,0,0.0,0,0,0,,215,3590,,
418,関田誠大,10,48,13,2,2,0,100.0,0.15,0,0,0,,1,0.03,45,1,8,10,3.3,1,0,0,0.0,440,10165,100.0,
419,関田誠大,11,96,22,2,1,0,50.0,0.05,0,0,0,,4,0.04,71,3,7,15,7.0,0,0,0,,1112,15559,50.0,
420,関田誠大,12,24,6,3,1,0,33.3,0.17,0,0,0,,1,0.06,23,1,0,5,9.8,0,0,0,,331,2450,33.3,
421,阿部大樹,10,80,9,0,0,0,,0.0,0,0,0,,1,0.04,23,0,3,2,-1.1,1,0,0,0.0,450,5270,,
422,阿部大樹,11,140,17,2,1,1,50.0,0.06,0,0,0,,2,0.03,46,0,2,6,2.2,0,0,0,,1001,8122,0.0,
423,陳龍海,10,12,12,27,17,0,63.0,1.42,0,0,0,,4,0.1,33,0,0,5,3.8,7,5,1,78.6,440,10165,63.0,
424,陳龍海,11,24,28,54,34,2,63.0,1.21,0,0,0,,8,0.08,62,1,7,10,2.8,4,2,2,75.0,1112,15559,59.3,
425,陳龍海,12,6,6,15,10,1,66.7,1.67,0,0,0,,2,0.11,20,1,2,5,8.8,1,1,0,100.0,331,2450,60.0,
426,難波尭弘,10,4,9,16,10,1,62.5,1.11,0,0,0,,2,0.06,20,0,3,4,1.2,2,0,1,25.0,444,4605,56.2,
427,難波尭弘,11,8,18,12,5,1,41.7,0.28,0,0,0,,1,0.03,30,0,2,6,3.3,0,0,0,,1123,8601,33.3,
428,難波尭弘,12,2,5,10,5,0,50.0,1.0,0,0,0,,0,0.0,14,1,2,0,3.6,3,2,0,66.7,325,1950,50.0,
429,高梨健太,10,36,13,67,33,5,49.3,2.54,14,6,3,42.9,2,0.05,62,0,9,15,2.4,65,35,10,61.5,434,12823,41.8,21.4
430,高梨健太,11,72,25,159,78,11,49.1,3.12,30,16,5,53.3,7,0.09,112,7,17,32,9.6,143,77,23,61.9,1108,9563,42.1,36.7
431,高梨健太,12,9,1,3,0,0,0.0,0.0,1,0,0,0.0,0,0.0,2,0,0,1,12.5,3,2,1,83.3,161,1624,0.0,0.0
432,高橋健太郎,10,8,10,16,8,3,50.0,0.8,0,0,0,,6,0.22,17,1,2,1,4.4,2,0,1,25.0,444,4605,31.2,
433,高橋健太郎,11,16,17,38,22,2,57.9,1.29,0,0,0,,17,0.3,44,0,5,4,-0.6,3,1,1,50.0,1123,8601,52.6,
434,高橋健太郎,12,4,6,5,2,0,40.0,0.33,0,0,0,,0,0.0,15,0,1,4,5.0,0,0,0,,325,1950,40.0,
435,高橋和幸,10,84,10,0,0,0,,0.0,0,0,0,,0,0.0,0,0,0,0,,0,0,0,,440,10165,,
436,高橋和幸,11,168,33,0,0,0,,0.0,0,0,0,,0,0.0,0,0,0,0,,0,0,0,,1112,15559,,
437,高橋和幸,12,42,6,0,0,0,,0.0,0,0,0,,0,0.0,0,0,0,0,,0,0,0,,331,2450,,
438,高橋塁,10,42,0,0,0,0,,,0,0,0,,0,,0,0,0,0,,0,0,0,,229,1400,,
439,高橋塁,11,84,0,0,0,0,,,0,0,0,,0,,0,0,0,0,,0,0,0,,524,5556,,
440,高橋塁,12,42,0,0,0,0,,,0,0,0,,0,,0,0,0,0,,0,0,0,,329,1588,,
441,高橋良,11,76,1,0,0,0,,0.0,0,0,0,,0,0.0,1,0,1,0,-25.0,0,0,0,,513,4313,,
442,高橋良,12,38,6,21,5,1,23.8,0.83,2,1,0,50.0,2,0.08,18,1,4,8,11.1,24,9,5,47.9,327,3348,19.0,50.0
443,高野直哉,10,16,7,36,20,2,55.6,2.86,0,0,0,,4,0.18,25,0,4,4,0.0,43,16,11,50.0,442,5898,50.0,
444,高野直哉,11,32,12,64,36,3,56.2,3.0,3,2,0,66.7,2,0.1,36,2,11,4,0.7,72,37,10,58.3,1121,7781,51.6,66.7
445,高野直哉,12,8,6,32,17,3,53.1,2.83,0,0,0,,0,0.0,11,0,4,2,-4.5,33,11,9,47.0,325,1950,43.8,
446,鳥飼亜斗夢,12,8,0,0,0,0,,,0,0,0,,0,,0,0,0,0,,0,0,0,,329,1588,,
447,鵜野幸也,10,92,8,0,0,0,,0.0,0,0,0,,0,0.0,10,0,1,2,2.5,0,0,0,,442,5898,,
448,鵜野幸也,11,69,4,0,0,0,,0.0,0,0,0,,0,0.0,4,0,1,0,-6.2,0,0,0,,455,3821,,
449,鵜野幸也,12,46,5,0,0,0,,0.0,0,0,0,,0,0.0,6,0,0,1,4.2,0,0,0,,325,1950,,
