Team,GetSet,GetPoint,1SetPoint,2SetPoint,3SetPoint,4SetPoint,5SetPoint,TotalPoint,AA,AP,AE,ASucc%,AP/S,BAA,BAP,BAE,BASucc%,BP,BP/S,SVA,SVP,SVE,SVx,SVEff%,RA,Rx,Rg,RSucc%,TF,OpE,OpTeam,LostSet,LostPoint,Op1SetPoint,Op2SetPoint,Op3SetPoint,Op4SetPoint,Op5SetPoint,OpTotalPoint,OpAA,OpAP,OpAE,OpASucc%,OpAP/S,OpBAA,OpBAP,OpBAE,OpBASucc%,OpBP,OpBP/S,OpSVA,OpSVP,OpSVE,OpSVx,OpSVEff%,OpRA,OpRx,OpRg,OpRSucc%,OpTF,OpOpE,GameId,Date,Place,Venue,Spectators,StartTime,EndTime,GameTime,JURY,ChiefUmpire,SubUmpire,Judge,TotalSet
ウルフドッグス名古屋,3,3,27,25,25,,,77.0,73.0,39.0,6.0,53.4,13.0,17.0,8.0,4.0,47.1,14.0,4.67,75.0,1.0,7.0,16.0,4.3,48.0,23.0,15.0,63.5,3.0,23,ジェイテクトSTINGS,0,0,25,18,19,,,62.0,99,41,7,41.4,13.67,22,11,1,50.0,5,1.67,64,0,16,10,-2.3,68,31.0,20.0,60.3,0.0,16,101,2022-10-22,愛知県,豊田合成記念体育館,2500.0,13:05,14:49,1:44,利根川忠史,村中伸,沢田元,姫野真行,3
ジェイテクトSTINGS,0,0,25,18,19,,,62.0,99.0,41.0,7.0,41.4,13.67,22.0,11.0,1.0,50.0,5.0,1.67,64.0,0.0,16.0,10.0,-2.3,68.0,31.0,20.0,60.3,0.0,16,ウルフドッグス名古屋,3,3,27,25,25,,,77.0,73,39,6,53.4,13.00,17,8,4,47.1,14,4.67,75,1,7,16,4.3,48,23.0,15.0,63.5,3.0,23,101,2022-10-22,愛知県,豊田合成記念体育館,2500.0,13:05,14:49,1:44,利根川忠史,村中伸,沢田元,姫野真行,3
ウルフドッグス名古屋,0,0,23,21,22,,,66.0,90.0,38.0,6.0,42.2,12.67,23.0,9.0,3.0,39.1,9.0,3.0,68.0,2.0,13.0,19.0,5.1,61.0,33.0,11.0,63.1,3.0,17,ジェイテクトSTINGS,3,3,25,25,25,,,75.0,97,41,4,42.3,13.67,17,9,1,52.9,7,2.33,73,5,11,13,7.5,54,26.0,8.0,55.6,2.0,22,106,2022-10-23,愛知県,豊田合成記念体育館,2603.0,13:05,14:54,1:49,利根川忠史,中山健,村中伸,戸田幸喜,3
ジェイテクトSTINGS,3,3,25,25,25,,,75.0,97.0,41.0,4.0,42.3,13.67,17.0,9.0,1.0,52.9,7.0,2.33,73.0,5.0,11.0,13.0,7.5,54.0,26.0,8.0,55.6,2.0,22,ウルフドッグス名古屋,0,0,23,21,22,,,66.0,90,38,6,42.2,12.67,23,9,3,39.1,9,3.00,68,2,13,19,5.1,61,33.0,11.0,63.1,3.0,17,106,2022-10-23,愛知県,豊田合成記念体育館,2603.0,13:05,14:54,1:49,利根川忠史,中山健,村中伸,戸田幸喜,3
堺ブレイザーズ,3,3,22,25,25,25,,97.0,111.0,55.0,4.0,49.5,13.75,24.0,15.0,2.0,62.5,7.0,1.75,96.0,9.0,14.0,31.0,13.8,67.0,31.0,20.0,61.2,3.0,26,大分三好ヴァイセアドラー,1,0,25,16,16,23,,80.0,107,44,7,41.1,11.00,21,14,1,66.7,11,2.75,81,4,14,12,4.3,78,24.0,18.0,42.3,5.0,21,102,2022-10-22,大阪府,日本製鉄堺体育館,437.0,13:00,14:58,1:58,塚本健,服部篤史,江口祐一郎,和佐田信行,4
大分三好ヴァイセアドラー,1,0,25,16,16,23,,80.0,107.0,44.0,7.0,41.1,11.0,21.0,14.0,1.0,66.7,11.0,2.75,81.0,4.0,14.0,12.0,4.3,78.0,24.0,18.0,42.3,5.0,21,堺ブレイザーズ,3,3,22,25,25,25,,97.0,111,55,4,49.5,13.75,24,15,2,62.5,7,1.75,96,9,14,31,13.8,67,31.0,20.0,61.2,3.0,26,102,2022-10-22,大阪府,日本製鉄堺体育館,437.0,13:00,14:58,1:58,塚本健,服部篤史,江口祐一郎,和佐田信行,4
堺ブレイザーズ,3,3,25,25,25,,,75.0,60.0,35.0,5.0,58.3,11.67,16.0,10.0,2.0,62.5,8.0,2.67,74.0,1.0,9.0,23.0,6.1,40.0,14.0,12.0,50.0,2.0,31,大分三好ヴァイセアドラー,0,0,16,19,22,,,57.0,82,35,10,42.7,11.67,20,8,3,40.0,1,0.33,58,5,16,11,6.5,63,21.0,18.0,47.6,5.0,16,107,2022-10-23,大阪府,日本製鉄堺体育館,399.0,13:00,14:20,1:20,塚本健,正岡卓,服部篤史,和佐田信行,3
大分三好ヴァイセアドラー,0,0,16,19,22,,,57.0,82.0,35.0,10.0,42.7,11.67,20.0,8.0,3.0,40.0,1.0,0.33,58.0,5.0,16.0,11.0,6.5,63.0,21.0,18.0,47.6,5.0,16,堺ブレイザーズ,3,3,25,25,25,,,75.0,60,35,5,58.3,11.67,16,10,2,62.5,8,2.67,74,1,9,23,6.1,40,14.0,12.0,50.0,2.0,31,107,2022-10-23,大阪府,日本製鉄堺体育館,399.0,13:00,14:20,1:20,塚本健,正岡卓,服部篤史,和佐田信行,3
パナソニックパンサーズ,3,3,25,25,25,,,75.0,81.0,37.0,6.0,45.7,12.33,11.0,5.0,2.0,45.5,14.0,4.67,73.0,5.0,6.0,14.0,9.6,49.0,28.0,8.0,65.3,1.0,19,東京グレートベアーズ,0,0,22,19,17,,,58.0,84,39,6,46.4,13.00,15,5,2,33.3,4,1.33,60,2,10,12,4.2,63,37.0,11.0,67.5,3.0,13,103,2022-10-22,大阪府,パナソニックアリーナ,2255.0,14:00,15:27,1:27,中馬義郎,戸川太輔,中口岳,藤澤涼加,3
東京グレートベアーズ,0,0,22,19,17,,,58.0,84.0,39.0,6.0,46.4,13.0,15.0,5.0,2.0,33.3,4.0,1.33,60.0,2.0,10.0,12.0,4.2,63.0,37.0,11.0,67.5,3.0,13,パナソニックパンサーズ,3,3,25,25,25,,,75.0,81,37,6,45.7,12.33,11,5,2,45.5,14,4.67,73,5,6,14,9.6,49,28.0,8.0,65.3,1.0,19,103,2022-10-22,大阪府,パナソニックアリーナ,2255.0,14:00,15:27,1:27,中馬義郎,戸川太輔,中口岳,藤澤涼加,3
パナソニックパンサーズ,3,3,25,25,25,,,75.0,67.0,35.0,1.0,52.2,11.67,12.0,4.0,1.0,33.3,8.0,2.67,72.0,4.0,9.0,21.0,9.7,38.0,18.0,11.0,61.8,6.0,28,東京グレートベアーズ,0,0,18,15,20,,,53.0,88,30,7,34.1,10.00,19,6,3,31.6,5,1.67,54,2,16,7,-0.5,63,22.0,16.0,47.6,5.0,16,108,2022-10-23,大阪府,パナソニックアリーナ,2101.0,14:00,15:27,1:27,中馬義郎,西中野健,戸川太輔,田中清,3
東京グレートベアーズ,0,0,18,15,20,,,53.0,88.0,30.0,7.0,34.1,10.0,19.0,6.0,3.0,31.6,5.0,1.67,54.0,2.0,16.0,7.0,-0.5,63.0,22.0,16.0,47.6,5.0,16,パナソニックパンサーズ,3,3,25,25,25,,,75.0,67,35,1,52.2,11.67,12,4,1,33.3,8,2.67,72,4,9,21,9.7,38,18.0,11.0,61.8,6.0,28,108,2022-10-23,大阪府,パナソニックアリーナ,2101.0,14:00,15:27,1:27,中馬義郎,西中野健,戸川太輔,田中清,3
サントリーサンバーズ,3,3,25,25,25,25,,100.0,112.0,65.0,5.0,58.0,16.25,32.0,18.0,0.0,56.2,9.0,2.25,99.0,1.0,14.0,22.0,3.0,70.0,26.0,25.0,55.0,2.0,25,東レアローズ,1,0,21,27,18,21,,87.0,110,57,5,51.8,14.25,27,14,2,51.9,7,1.75,88,2,18,17,2.0,84,45.0,17.0,63.7,2.0,21,104,2022-10-22,大阪府,第一総合運動場,1147.0,15:05,17:09,2:04,酒出修,原啓之,岡田崇,安田悠司,4
東レアローズ,1,0,21,27,18,21,,87.0,110.0,57.0,5.0,51.8,14.25,27.0,14.0,2.0,51.9,7.0,1.75,88.0,2.0,18.0,17.0,2.0,84.0,45.0,17.0,63.7,2.0,21,サントリーサンバーズ,3,3,25,25,25,25,,100.0,112,65,5,58.0,16.25,32,18,0,56.2,9,2.25,99,1,14,22,3.0,70,26.0,25.0,55.0,2.0,25,104,2022-10-22,大阪府,第一総合運動場,1147.0,15:05,17:09,2:04,酒出修,原啓之,岡田崇,安田悠司,4
サントリーサンバーズ,1,0,21,25,23,19,,88.0,110.0,37.0,12.0,33.6,9.25,27.0,8.0,4.0,29.6,9.0,2.25,89.0,4.0,15.0,29.0,8.4,74.0,30.0,17.0,52.0,5.0,38,東レアローズ,3,3,25,22,25,25,,97.0,122,53,10,43.4,13.25,25,14,2,56.0,9,2.25,96,3,22,24,3.6,72,21.0,20.0,43.1,6.0,32,109,2022-10-23,大阪府,第一総合運動場,908.0,15:05,17:18,2:13,酒出修,林淳一,原啓之 ,安田悠司,4
東レアローズ,3,3,25,22,25,25,,97.0,122.0,53.0,10.0,43.4,13.25,25.0,14.0,2.0,56.0,9.0,2.25,96.0,3.0,22.0,24.0,3.6,72.0,21.0,20.0,43.1,6.0,32,サントリーサンバーズ,1,0,21,25,23,19,,88.0,110,37,12,33.6,9.25,27,8,4,29.6,9,2.25,89,4,15,29,8.4,74,30.0,17.0,52.0,5.0,38,109,2022-10-23,大阪府,第一総合運動場,908.0,15:05,17:18,2:13,酒出修,林淳一,原啓之 ,安田悠司,4
JTサンダーズ広島,3,3,25,25,25,,,75.0,74.0,40.0,6.0,54.1,13.33,16.0,11.0,2.0,68.8,8.0,2.67,74.0,7.0,14.0,9.0,7.8,47.0,31.0,10.0,76.6,1.0,20,VC長野トライデンツ,0,0,19,22,20,,,61.0,76,38,4,50.0,12.67,16,7,2,43.8,1,0.33,62,1,15,5,-2.4,55,33.0,11.0,70.0,1.0,21,105,2022-10-22,広島県,広島県立総合体育館,1590.0,13:00,14:28,1:28,石井洋壮,千代延靖夫,弘中秀治,奥先裕美,3
VC長野トライデンツ,0,0,19,22,20,,,61.0,76.0,38.0,4.0,50.0,12.67,16.0,7.0,2.0,43.8,1.0,0.33,62.0,1.0,15.0,5.0,-2.4,55.0,33.0,11.0,70.0,1.0,21,JTサンダーズ広島,3,3,25,25,25,,,75.0,74,40,6,54.1,13.33,16,11,2,68.8,8,2.67,74,7,14,9,7.8,47,31.0,10.0,76.6,1.0,20,105,2022-10-22,広島県,広島県立総合体育館,1590.0,13:00,14:28,1:28,石井洋壮,千代延靖夫,弘中秀治,奥先裕美,3
JTサンダーズ広島,3,3,26,25,25,,,76.0,82.0,39.0,5.0,47.6,13.0,22.0,10.0,4.0,45.5,14.0,4.67,75.0,4.0,10.0,15.0,7.0,52.0,25.0,17.0,64.4,4.0,19,VC長野トライデンツ,0,0,24,22,15,,,61.0,93,35,9,37.6,11.67,18,7,5,38.9,6,2.00,62,1,10,9,1.2,62,34.0,12.0,64.5,0.0,19,110,2022-10-23,広島県,広島県立総合体育館,2000.0,13:05,14:39,1:34,石井洋壮,本間明,千代延靖夫,奥先裕美,3
VC長野トライデンツ,0,0,24,22,15,,,61.0,93.0,35.0,9.0,37.6,11.67,18.0,7.0,5.0,38.9,6.0,2.0,62.0,1.0,10.0,9.0,1.2,62.0,34.0,12.0,64.5,0.0,19,JTサンダーズ広島,3,3,26,25,25,,,76.0,82,39,5,47.6,13.00,22,10,4,45.5,14,4.67,75,4,10,15,7.0,52,25.0,17.0,64.4,4.0,19,110,2022-10-23,広島県,広島県立総合体育館,2000.0,13:05,14:39,1:34,石井洋壮,本間明,千代延靖夫,奥先裕美,3
東京グレートベアーズ,0,0,14,16,19,,,49.0,84.0,38.0,8.0,45.2,12.67,25.0,11.0,4.0,44.0,3.0,1.0,50.0,0.0,14.0,8.0,-3.0,66.0,23.0,19.0,49.2,1.0,8,ウルフドッグス名古屋,3,3,25,25,25,,,75.0,71,44,0,62.0,14.67,14,12,0,85.7,7,2.33,74,1,8,23,6.4,36,24.0,4.0,72.2,0.0,23,111,2022-10-29,東京都,東京体育館,4012.0,14:08,15:35,1:27,印藤智一,村中伸,新田浩幸,塚本健二,3
ウルフドッグス名古屋,3,3,25,25,25,,,75.0,71.0,44.0,0.0,62.0,14.67,14.0,12.0,0.0,85.7,7.0,2.33,74.0,1.0,8.0,23.0,6.4,36.0,24.0,4.0,72.2,0.0,23,東京グレートベアーズ,0,0,14,16,19,,,49.0,84,38,8,45.2,12.67,25,11,4,44.0,3,1.00,50,0,14,8,-3.0,66,23.0,19.0,49.2,1.0,8,111,2022-10-29,東京都,東京体育館,4012.0,14:08,15:35,1:27,印藤智一,村中伸,新田浩幸,塚本健二,3
東京グレートベアーズ,1,0,22,25,16,22,,85.0,110.0,50.0,8.0,45.5,12.5,19.0,5.0,3.0,26.3,8.0,2.0,86.0,1.0,10.0,17.0,3.2,78.0,35.0,18.0,56.4,3.0,26,ウルフドッグス名古屋,3,3,25,21,25,25,,96.0,127,65,10,51.2,16.25,30,15,4,50.0,6,1.50,95,4,14,24,6.8,75,40.0,18.0,65.3,2.0,21,116,2022-10-30,東京都,東京体育館,3708.0,14:06,16:23,2:17,印藤智一,桑原健輔,村中伸,橋本正太郎,4
ウルフドッグス名古屋,3,3,25,21,25,25,,96.0,127.0,65.0,10.0,51.2,16.25,30.0,15.0,4.0,50.0,6.0,1.5,95.0,4.0,14.0,24.0,6.8,75.0,40.0,18.0,65.3,2.0,21,東京グレートベアーズ,1,0,22,25,16,22,,85.0,110,50,8,45.5,12.50,19,5,3,26.3,8,2.00,86,1,10,17,3.2,78,35.0,18.0,56.4,3.0,26,116,2022-10-30,東京都,東京体育館,3708.0,14:06,16:23,2:17,印藤智一,桑原健輔,村中伸,橋本正太郎,4
VC長野トライデンツ,3,3,16,26,28,25,,95.0,111.0,54.0,3.0,48.6,13.5,26.0,8.0,1.0,30.8,5.0,1.25,94.0,8.0,18.0,18.0,8.5,72.0,31.0,23.0,59.0,1.0,28,サントリーサンバーズ,1,0,25,24,26,16,,91.0,114,60,8,52.6,15.00,31,19,6,61.3,7,1.75,92,2,19,17,1.6,73,24.0,26.0,50.7,1.0,22,112,2022-10-29,山梨県,小瀬スポーツ公園体育館,650.0,14:00,15:56,1:56,富田満,浅井唯由,小松剛,保坂成年,4
サントリーサンバーズ,1,0,25,24,26,16,,91.0,114.0,60.0,8.0,52.6,15.0,31.0,19.0,6.0,61.3,7.0,1.75,92.0,2.0,19.0,17.0,1.6,73.0,24.0,26.0,50.7,1.0,22,VC長野トライデンツ,3,3,16,26,28,25,,95.0,111,54,3,48.6,13.50,26,8,1,30.8,5,1.25,94,8,18,18,8.5,72,31.0,23.0,59.0,1.0,28,112,2022-10-29,山梨県,小瀬スポーツ公園体育館,650.0,14:00,15:56,1:56,富田満,浅井唯由,小松剛,保坂成年,4
VC長野トライデンツ,0,0,16,19,22,,,57.0,69.0,32.0,7.0,46.4,10.67,13.0,6.0,4.0,46.2,5.0,1.67,58.0,3.0,12.0,11.0,4.7,59.0,18.0,16.0,44.1,4.0,17,サントリーサンバーズ,3,3,25,25,25,,,75.0,70,40,3,57.1,13.33,17,12,1,70.6,7,2.33,74,5,14,21,9.1,45,21.0,11.0,58.9,0.0,23,117,2022-10-30,山梨県,小瀬スポーツ公園体育館,750.0,13:00,14:23,1:23,富田満,慈眼雅啓,小松剛,酒井信,3
サントリーサンバーズ,3,3,25,25,25,,,75.0,70.0,40.0,3.0,57.1,13.33,17.0,12.0,1.0,70.6,7.0,2.33,74.0,5.0,14.0,21.0,9.1,45.0,21.0,11.0,58.9,0.0,23,VC長野トライデンツ,0,0,16,19,22,,,57.0,69,32,7,46.4,10.67,13,6,4,46.2,5,1.67,58,3,12,11,4.7,59,18.0,16.0,44.1,4.0,17,117,2022-10-30,山梨県,小瀬スポーツ公園体育館,750.0,13:00,14:23,1:23,富田満,慈眼雅啓,小松剛,酒井信,3
東レアローズ,3,2,19,25,21,25,15,105.0,130.0,66.0,12.0,50.8,13.2,26.0,16.0,5.0,61.5,9.0,1.8,104.0,2.0,33.0,16.0,-2.2,83.0,39.0,28.0,63.9,3.0,28,パナソニックパンサーズ,2,1,25,22,25,20,11,103.0,117,44,8,37.6,8.80,18,5,0,27.8,8,1.60,104,3,20,14,1.4,71,37.0,16.0,63.4,0.0,48,113,2022-10-29,静岡県,三島市民体育館,1250.0,14:00,16:18,2:18,村上成司,原啓之,沢田元,新妻明子,5
パナソニックパンサーズ,2,1,25,22,25,20,11,103.0,117.0,44.0,8.0,37.6,8.8,18.0,5.0,0.0,27.8,8.0,1.6,104.0,3.0,20.0,14.0,1.4,71.0,37.0,16.0,63.4,0.0,48,東レアローズ,3,2,19,25,21,25,15,105.0,130,66,12,50.8,13.20,26,16,5,61.5,9,1.80,104,2,33,16,-2.2,83,39.0,28.0,63.9,3.0,28,113,2022-10-29,静岡県,三島市民体育館,1250.0,14:00,16:18,2:18,村上成司,原啓之,沢田元,新妻明子,5
東レアローズ,3,3,25,20,32,25,,102.0,112.0,70.0,3.0,62.5,17.5,27.0,18.0,0.0,66.7,8.0,2.0,101.0,5.0,29.0,15.0,1.5,85.0,40.0,25.0,61.8,1.0,19,パナソニックパンサーズ,1,0,23,25,30,21,,99.0,104,51,4,49.0,12.75,17,11,0,64.7,11,2.75,100,4,14,17,4.8,70,34.0,18.0,61.4,1.0,33,118,2022-10-30,静岡県,三島市民体育館,1300.0,14:00,16:15,2:15,村上成司,西中野健,原啓之,久保池洋介,4
パナソニックパンサーズ,1,0,23,25,30,21,,99.0,104.0,51.0,4.0,49.0,12.75,17.0,11.0,0.0,64.7,11.0,2.75,100.0,4.0,14.0,17.0,4.8,70.0,34.0,18.0,61.4,1.0,33,東レアローズ,3,3,25,20,32,25,,102.0,112,70,3,62.5,17.50,27,18,0,66.7,8,2.00,101,5,29,15,1.5,85,40.0,25.0,61.8,1.0,19,118,2022-10-30,静岡県,三島市民体育館,1300.0,14:00,16:15,2:15,村上成司,西中野健,原啓之,久保池洋介,4
ジェイテクトSTINGS,0,0,24,17,22,,,63.0,94.0,35.0,8.0,37.2,11.67,14.0,8.0,2.0,57.1,7.0,2.33,64.0,1.0,12.0,16.0,3.1,60.0,20.0,26.0,55.0,3.0,20,堺ブレイザーズ,3,3,26,25,25,,,76.0,82,41,5,50.0,13.67,12,5,1,41.7,10,3.33,75,2,13,14,3.0,52,20.0,15.0,52.9,2.0,23,114,2022-10-29,愛知県,ウィングアリーナ刈谷,2562.0,13:03,14:42,1:39,高橋憲太郎,戸川太輔,岡田崇,松本冴香,3
堺ブレイザーズ,3,3,26,25,25,,,76.0,82.0,41.0,5.0,50.0,13.67,12.0,5.0,1.0,41.7,10.0,3.33,75.0,2.0,13.0,14.0,3.0,52.0,20.0,15.0,52.9,2.0,23,ジェイテクトSTINGS,0,0,24,17,22,,,63.0,94,35,8,37.2,11.67,14,8,2,57.1,7,2.33,64,1,12,16,3.1,60,20.0,26.0,55.0,3.0,20,114,2022-10-29,愛知県,ウィングアリーナ刈谷,2562.0,13:03,14:42,1:39,高橋憲太郎,戸川太輔,岡田崇,松本冴香,3
ジェイテクトSTINGS,1,0,25,19,22,21,,87.0,128.0,61.0,7.0,47.7,15.25,22.0,10.0,1.0,45.5,5.0,1.25,88.0,2.0,16.0,21.0,3.7,82.0,30.0,21.0,49.4,4.0,19,堺ブレイザーズ,3,3,20,25,25,25,,95.0,112,58,4,51.8,14.50,9,3,1,33.3,9,2.25,94,1,12,30,5.9,71,27.0,22.0,53.5,3.0,27,119,2022-10-30,愛知県,ウィングアリーナ刈谷,2500.0,13:00,15:00,2:00,高橋憲太郎,城智人,戸川太輔,波多野充,4
堺ブレイザーズ,3,3,20,25,25,25,,95.0,112.0,58.0,4.0,51.8,14.5,9.0,3.0,1.0,33.3,9.0,2.25,94.0,1.0,12.0,30.0,5.9,71.0,27.0,22.0,53.5,3.0,27,ジェイテクトSTINGS,1,0,25,19,22,21,,87.0,128,61,7,47.7,15.25,22,10,1,45.5,5,1.25,88,2,16,21,3.7,82,30.0,21.0,49.4,4.0,19,119,2022-10-30,愛知県,ウィングアリーナ刈谷,2500.0,13:00,15:00,2:00,高橋憲太郎,城智人,戸川太輔,波多野充,4
大分三好ヴァイセアドラー,0,0,23,23,22,,,68.0,73.0,37.0,6.0,50.7,12.33,14.0,7.0,2.0,50.0,6.0,2.0,69.0,0.0,16.0,13.0,-1.1,54.0,23.0,8.0,50.0,2.0,25,JTサンダーズ広島,3,3,25,25,25,,,75.0,82,40,3,48.8,13.33,15,9,0,60.0,8,2.67,74,3,19,21,4.7,53,34.0,6.0,69.8,3.0,24,115,2022-10-29,大分県,サイクルショップコダマ大洲アリーナ,900.0,14:00,15:34,1:34,田野昭彦,林淳一,平田敬基,平川祐介,3
JTサンダーズ広島,3,3,25,25,25,,,75.0,82.0,40.0,3.0,48.8,13.33,15.0,9.0,0.0,60.0,8.0,2.67,74.0,3.0,19.0,21.0,4.7,53.0,34.0,6.0,69.8,3.0,24,大分三好ヴァイセアドラー,0,0,23,23,22,,,68.0,73,37,6,50.7,12.33,14,7,2,50.0,6,2.00,69,0,16,13,-1.1,54,23.0,8.0,50.0,2.0,25,115,2022-10-29,大分県,サイクルショップコダマ大洲アリーナ,900.0,14:00,15:34,1:34,田野昭彦,林淳一,平田敬基,平川祐介,3
大分三好ヴァイセアドラー,0,0,21,16,16,,,53.0,80.0,35.0,4.0,43.8,11.67,14.0,7.0,0.0,50.0,4.0,1.33,54.0,0.0,18.0,11.0,-3.2,62.0,23.0,9.0,44.4,3.0,14,JTサンダーズ広島,3,3,25,25,25,,,75.0,60,33,2,55.0,11.00,12,7,1,58.3,10,3.33,74,7,11,24,13.9,36,22.0,3.0,65.3,1.0,25,120,2022-10-30,大分県,サイクルショップコダマ大洲アリーナ,780.0,13:00,14:21,1:21,田野昭彦,平田敬基,中山健,平川祐介,3
JTサンダーズ広島,3,3,25,25,25,,,75.0,60.0,33.0,2.0,55.0,11.0,12.0,7.0,1.0,58.3,10.0,3.33,74.0,7.0,11.0,24.0,13.9,36.0,22.0,3.0,65.3,1.0,25,大分三好ヴァイセアドラー,0,0,21,16,16,,,53.0,80,35,4,43.8,11.67,14,7,0,50.0,4,1.33,54,0,18,11,-3.2,62,23.0,9.0,44.4,3.0,14,120,2022-10-30,大分県,サイクルショップコダマ大洲アリーナ,780.0,13:00,14:21,1:21,田野昭彦,平田敬基,中山健,平川祐介,3
ウルフドッグス名古屋,3,3,25,25,25,,,75.0,84.0,46.0,7.0,54.8,15.33,21.0,12.0,3.0,57.1,9.0,3.0,74.0,3.0,7.0,25.0,10.1,46.0,21.0,10.0,56.5,2.0,17,VC長野トライデンツ,0,0,15,20,19,,,54.0,91,32,8,35.2,10.67,28,12,4,42.9,4,1.33,55,2,8,14,6.4,67,22.0,17.0,45.5,1.0,16,121,2022-11-05,愛知県,豊田合成記念体育館,1450.0,13:00,14:37,1:37,酒出修,西中野健,中口岳,芳川夕希奈,3
VC長野トライデンツ,0,0,15,20,19,,,54.0,91.0,32.0,8.0,35.2,10.67,28.0,12.0,4.0,42.9,4.0,1.33,55.0,2.0,8.0,14.0,6.4,67.0,22.0,17.0,45.5,1.0,16,ウルフドッグス名古屋,3,3,25,25,25,,,75.0,84,46,7,54.8,15.33,21,12,3,57.1,9,3.00,74,3,7,25,10.1,46,21.0,10.0,56.5,2.0,17,121,2022-11-05,愛知県,豊田合成記念体育館,1450.0,13:00,14:37,1:37,酒出修,西中野健,中口岳,芳川夕希奈,3
ウルフドッグス名古屋,3,3,25,25,25,,,75.0,67.0,41.0,3.0,61.2,13.67,13.0,10.0,0.0,76.9,12.0,4.0,73.0,1.0,11.0,27.0,6.8,37.0,23.0,11.0,77.0,0.0,21,VC長野トライデンツ,0,0,14,19,14,,,47.0,80,30,10,37.5,10.00,16,7,4,43.8,2,0.67,49,1,11,3,-2.0,61,22.0,12.0,45.9,0.0,14,126,2022-11-06,愛知県,豊田合成記念体育館,1503.0,13:00,14:26,1:26,酒出修,澤達大,中口岳,武井結香,3
VC長野トライデンツ,0,0,14,19,14,,,47.0,80.0,30.0,10.0,37.5,10.0,16.0,7.0,4.0,43.8,2.0,0.67,49.0,1.0,11.0,3.0,-2.0,61.0,22.0,12.0,45.9,0.0,14,ウルフドッグス名古屋,3,3,25,25,25,,,75.0,67,41,3,61.2,13.67,13,10,0,76.9,12,4.00,73,1,11,27,6.8,37,23.0,11.0,77.0,0.0,21,126,2022-11-06,愛知県,豊田合成記念体育館,1503.0,13:00,14:26,1:26,酒出修,澤達大,中口岳,武井結香,3
東レアローズ,3,3,25,25,25,,,75.0,88.0,50.0,5.0,56.8,16.67,26.0,13.0,1.0,50.0,8.0,2.67,74.0,6.0,12.0,9.0,7.1,56.0,22.0,18.0,55.4,1.0,11,ジェイテクトSTINGS,0,0,22,22,18,,,62.0,81,41,1,50.6,13.67,13,7,0,53.8,1,0.33,63,2,7,14,6.0,58,34.0,12.0,69.0,3.0,18,122,2022-11-05,滋賀県,YMITアリーナ,1533.0,12:00,13:24,1:24,高橋憲太郎,原啓之,小松剛,小口広之進,3
ジェイテクトSTINGS,0,0,22,22,18,,,62.0,81.0,41.0,1.0,50.6,13.67,13.0,7.0,0.0,53.8,1.0,0.33,63.0,2.0,7.0,14.0,6.0,58.0,34.0,12.0,69.0,3.0,18,東レアローズ,3,3,25,25,25,,,75.0,88,50,5,56.8,16.67,26,13,1,50.0,8,2.67,74,6,12,9,7.1,56,22.0,18.0,55.4,1.0,11,122,2022-11-05,滋賀県,YMITアリーナ,1533.0,12:00,13:24,1:24,高橋憲太郎,原啓之,小松剛,小口広之進,3
東レアローズ,1,0,15,25,21,23,,84.0,107.0,50.0,11.0,46.7,12.5,24.0,15.0,3.0,62.5,7.0,1.75,85.0,4.0,25.0,12.0,0.9,73.0,41.0,18.0,68.5,2.0,23,ジェイテクトSTINGS,3,3,25,18,25,25,,93.0,104,46,4,44.2,11.50,23,12,1,52.2,5,1.25,92,4,18,11,2.4,58,25.0,19.0,59.5,1.0,38,127,2022-11-06,滋賀県,YMITアリーナ,1572.0,12:00,13:55,1:55,高橋憲太郎,森口豊,小松剛,山本英司,4
ジェイテクトSTINGS,3,3,25,18,25,25,,93.0,104.0,46.0,4.0,44.2,11.5,23.0,12.0,1.0,52.2,5.0,1.25,92.0,4.0,18.0,11.0,2.4,58.0,25.0,19.0,59.5,1.0,38,東レアローズ,1,0,15,25,21,23,,84.0,107,50,11,46.7,12.50,24,15,3,62.5,7,1.75,85,4,25,12,0.9,73,41.0,18.0,68.5,2.0,23,127,2022-11-06,滋賀県,YMITアリーナ,1572.0,12:00,13:55,1:55,高橋憲太郎,森口豊,小松剛,山本英司,4
サントリーサンバーズ,3,2,21,25,23,25,15,109.0,120.0,72.0,5.0,60.0,14.4,35.0,25.0,1.0,71.4,7.0,1.4,109.0,4.0,21.0,18.0,3.0,73.0,50.0,12.0,76.7,1.0,26,東京グレートベアーズ,2,1,25,19,25,15,13,97.0,120,61,4,50.8,12.20,26,17,2,65.4,3,0.60,97,6,20,9,3.4,84,49.0,17.0,68.5,2.0,27,123,2022-11-05,大阪府,丸善インテックアリーナ大阪,1883.0,15:05,17:31,2:26,田野昭彦,木内誠二,本間明,藤澤涼加,5
東京グレートベアーズ,2,1,25,19,25,15,13,97.0,120.0,61.0,4.0,50.8,12.2,26.0,17.0,2.0,65.4,3.0,0.6,97.0,6.0,20.0,9.0,3.4,84.0,49.0,17.0,68.5,2.0,27,サントリーサンバーズ,3,2,21,25,23,25,15,109.0,120,72,5,60.0,14.40,35,25,1,71.4,7,1.40,109,4,21,18,3.0,73,50.0,12.0,76.7,1.0,26,123,2022-11-05,大阪府,丸善インテックアリーナ大阪,1883.0,15:05,17:31,2:26,田野昭彦,木内誠二,本間明,藤澤涼加,5
サントリーサンバーズ,3,3,20,25,25,25,,95.0,104.0,63.0,4.0,60.6,15.75,28.0,17.0,2.0,60.7,7.0,1.75,94.0,4.0,19.0,25.0,5.9,68.0,24.0,16.0,47.1,1.0,21,東京グレートベアーズ,1,0,25,22,19,17,,83.0,100,47,3,47.0,11.75,25,15,1,60.0,7,1.75,84,5,15,24,8.6,71,28.0,18.0,52.1,3.0,24,128,2022-11-06,大阪府,丸善インテックアリーナ大阪,1623.0,15:05,17:12,2:07,田野昭彦,本間明,木内誠二,中野絵里子,4
東京グレートベアーズ,1,0,25,22,19,17,,83.0,100.0,47.0,3.0,47.0,11.75,25.0,15.0,1.0,60.0,7.0,1.75,84.0,5.0,15.0,24.0,8.6,71.0,28.0,18.0,52.1,3.0,24,サントリーサンバーズ,3,3,20,25,25,25,,95.0,104,63,4,60.6,15.75,28,17,2,60.7,7,1.75,94,4,19,25,5.9,68,24.0,16.0,47.1,1.0,21,128,2022-11-06,大阪府,丸善インテックアリーナ大阪,1623.0,15:05,17:12,2:07,田野昭彦,本間明,木内誠二,中野絵里子,4
堺ブレイザーズ,3,3,25,22,25,25,,97.0,106.0,59.0,4.0,55.7,14.75,20.0,11.0,1.0,55.0,7.0,1.75,96.0,9.0,17.0,31.0,13.0,66.0,29.0,9.0,50.8,0.0,22,JTサンダーズ広島,1,0,17,25,23,19,,84.0,103,49,4,47.6,12.25,19,11,2,57.9,9,2.25,85,5,17,25,8.2,77,25.0,14.0,41.6,1.0,21,124,2022-11-05,大阪府,大浜だいしんアリーナ,644.0,13:00,15:04,2:04,印藤智一,戸川太輔,上總向貴,中井博文,4
JTサンダーズ広島,1,0,17,25,23,19,,84.0,103.0,49.0,4.0,47.6,12.25,19.0,11.0,2.0,57.9,9.0,2.25,85.0,5.0,17.0,25.0,8.2,77.0,25.0,14.0,41.6,1.0,21,堺ブレイザーズ,3,3,25,22,25,25,,97.0,106,59,4,55.7,14.75,20,11,1,55.0,7,1.75,96,9,17,31,13.0,66,29.0,9.0,50.8,0.0,22,124,2022-11-05,大阪府,大浜だいしんアリーナ,644.0,13:00,15:04,2:04,印藤智一,戸川太輔,上總向貴,中井博文,4
堺ブレイザーズ,1,0,20,26,23,21,,90.0,101.0,44.0,7.0,43.6,11.0,18.0,8.0,3.0,44.4,7.0,1.75,91.0,6.0,23.0,32.0,9.1,74.0,30.0,18.0,52.7,1.0,33,JTサンダーズ広島,3,3,25,24,25,25,,99.0,97,51,6,52.6,12.75,13,5,2,38.5,12,3.00,98,5,22,23,5.4,65,15.0,15.0,34.6,5.0,31,129,2022-11-06,大阪府,大浜だいしんアリーナ,606.0,13:00,15:13,2:13,印藤智一,千代延靖男,上總向貴,和佐田信行,4
JTサンダーズ広島,3,3,25,24,25,25,,99.0,97.0,51.0,6.0,52.6,12.75,13.0,5.0,2.0,38.5,12.0,3.0,98.0,5.0,22.0,23.0,5.4,65.0,15.0,15.0,34.6,5.0,31,堺ブレイザーズ,1,0,20,26,23,21,,90.0,101,44,7,43.6,11.00,18,8,3,44.4,7,1.75,91,6,23,32,9.1,74,30.0,18.0,52.7,1.0,33,129,2022-11-06,大阪府,大浜だいしんアリーナ,606.0,13:00,15:13,2:13,印藤智一,千代延靖男,上總向貴,和佐田信行,4
パナソニックパンサーズ,3,3,25,25,23,25,,98.0,90.0,58.0,3.0,64.4,14.5,15.0,12.0,1.0,80.0,8.0,2.0,97.0,4.0,16.0,31.0,8.0,60.0,30.0,13.0,60.8,4.0,28,大分三好ヴァイセアドラー,1,0,16,21,25,17,,79.0,95,47,8,49.5,11.75,28,11,3,39.3,8,2.00,80,1,20,16,0.0,80,24.0,22.0,43.8,0.0,23,125,2022-11-05,大阪府,パナソニックアリーナ,1518.0,14:00,15:50,1:50,勝又正,服部篤史,黒岩健,加藤純司,4
大分三好ヴァイセアドラー,1,0,16,21,25,17,,79.0,95.0,47.0,8.0,49.5,11.75,28.0,11.0,3.0,39.3,8.0,2.0,80.0,1.0,20.0,16.0,0.0,80.0,24.0,22.0,43.8,0.0,23,パナソニックパンサーズ,3,3,25,25,23,25,,98.0,90,58,3,64.4,14.50,15,12,1,80.0,8,2.00,97,4,16,31,8.0,60,30.0,13.0,60.8,4.0,28,125,2022-11-05,大阪府,パナソニックアリーナ,1518.0,14:00,15:50,1:50,勝又正,服部篤史,黒岩健,加藤純司,4
パナソニックパンサーズ,3,3,25,25,25,,,75.0,79.0,46.0,5.0,58.2,15.33,17.0,9.0,1.0,52.9,5.0,1.67,74.0,5.0,9.0,20.0,10.5,56.0,28.0,16.0,64.3,1.0,19,大分三好ヴァイセアドラー,0,0,21,22,22,,,65.0,82,43,6,52.4,14.33,20,11,0,55.0,6,2.00,66,1,10,11,1.9,64,20.0,20.0,46.9,3.0,15,130,2022-11-06,大阪府,パナソニックアリーナ,1782.0,14:00,15:27,1:27,勝又正,國頭亮太,服部篤史,安田悠司,3
大分三好ヴァイセアドラー,0,0,21,22,22,,,65.0,82.0,43.0,6.0,52.4,14.33,20.0,11.0,0.0,55.0,6.0,2.0,66.0,1.0,10.0,11.0,1.9,64.0,20.0,20.0,46.9,3.0,15,パナソニックパンサーズ,3,3,25,25,25,,,75.0,79,46,5,58.2,15.33,17,9,1,52.9,5,1.67,74,5,9,20,10.5,56,28.0,16.0,64.3,1.0,19,130,2022-11-06,大阪府,パナソニックアリーナ,1782.0,14:00,15:27,1:27,勝又正,國頭亮太,服部篤史,安田悠司,3
大分三好ヴァイセアドラー,0,0,24,14,23,,,61.0,82.0,38.0,7.0,46.3,12.67,28.0,11.0,4.0,39.3,6.0,2.0,63.0,1.0,15.0,12.0,0.4,65.0,30.0,14.0,56.9,3.0,16,ウルフドッグス名古屋,3,3,26,25,25,,,76.0,69,39,2,56.5,13.00,13,6,1,46.2,9,3.00,74,3,8,19,7.8,47,31.0,4.0,70.2,6.0,25,131,2022-11-11,大分県,サイクルショップコダマ大洲アリーナ,560.0,19:00,20:37,1:37,加治健男,平田敬基,山本晋五,釜元健児,3
ウルフドッグス名古屋,3,3,26,25,25,,,76.0,69.0,39.0,2.0,56.5,13.0,13.0,6.0,1.0,46.2,9.0,3.0,74.0,3.0,8.0,19.0,7.8,47.0,31.0,4.0,70.2,6.0,25,大分三好ヴァイセアドラー,0,0,24,14,23,,,61.0,82,38,7,46.3,12.67,28,11,4,39.3,6,2.00,63,1,15,12,0.4,65,30.0,14.0,56.9,3.0,16,131,2022-11-11,大分県,サイクルショップコダマ大洲アリーナ,560.0,19:00,20:37,1:37,加治健男,平田敬基,山本晋五,釜元健児,3
大分三好ヴァイセアドラー,0,0,20,22,17,,,59.0,100.0,39.0,7.0,39.0,13.0,25.0,9.0,3.0,36.0,4.0,1.33,61.0,4.0,8.0,10.0,7.4,64.0,30.0,12.0,56.2,1.0,12,ウルフドッグス名古屋,3,3,25,25,25,,,75.0,79,46,2,58.2,15.33,14,8,2,57.1,8,2.67,73,5,7,19,11.0,50,27.0,12.0,66.0,3.0,16,135,2022-11-12,大分県,サイクルショップコダマ大洲アリーナ,800.0,15:00,16:30,1:30,加治健男,林淳一,平田敬基,佐藤圭一郎,3
ウルフドッグス名古屋,3,3,25,25,25,,,75.0,79.0,46.0,2.0,58.2,15.33,14.0,8.0,2.0,57.1,8.0,2.67,73.0,5.0,7.0,19.0,11.0,50.0,27.0,12.0,66.0,3.0,16,大分三好ヴァイセアドラー,0,0,20,22,17,,,59.0,100,39,7,39.0,13.00,25,9,3,36.0,4,1.33,61,4,8,10,7.4,64,30.0,12.0,56.2,1.0,12,135,2022-11-12,大分県,サイクルショップコダマ大洲アリーナ,800.0,15:00,16:30,1:30,加治健男,林淳一,平田敬基,佐藤圭一郎,3
ジェイテクトSTINGS,2,1,22,20,25,25,13,105.0,131.0,62.0,14.0,47.3,12.4,30.0,15.0,5.0,50.0,6.0,1.2,106.0,2.0,20.0,22.0,2.4,77.0,42.0,18.0,66.2,1.0,35,パナソニックパンサーズ,3,2,25,25,18,20,15,103.0,130,55,10,42.3,11.00,12,4,1,33.3,8,1.60,102,5,24,13,2.2,86,37.0,25.0,57.6,1.0,35,132,2022-11-12,秋田県,CNAアリーナ★あきた,2834.0,16:00,18:30,2:30,斎藤篤,浅井唯由,新田浩幸,糸井淳孝,5
パナソニックパンサーズ,3,2,25,25,18,20,15,103.0,130.0,55.0,10.0,42.3,11.0,12.0,4.0,1.0,33.3,8.0,1.6,102.0,5.0,24.0,13.0,2.2,86.0,37.0,25.0,57.6,1.0,35,ジェイテクトSTINGS,2,1,22,20,25,25,13,105.0,131,62,14,47.3,12.40,30,15,5,50.0,6,1.20,106,2,20,22,2.4,77,42.0,18.0,66.2,1.0,35,132,2022-11-12,秋田県,CNAアリーナ★あきた,2834.0,16:00,18:30,2:30,斎藤篤,浅井唯由,新田浩幸,糸井淳孝,5
ジェイテクトSTINGS,3,3,23,25,25,25,,98.0,124.0,65.0,7.0,52.4,16.25,29.0,17.0,2.0,58.6,12.0,3.0,97.0,5.0,17.0,14.0,4.4,80.0,40.0,18.0,61.3,2.0,16,パナソニックパンサーズ,1,0,25,18,23,22,,88.0,112,51,5,45.5,12.75,21,11,0,52.4,9,2.25,89,2,8,21,5.9,79,44.0,17.0,66.5,3.0,26,136,2022-11-13,秋田県,CNAアリーナ★あきた,2380.0,15:30,17:36,2:06,斎藤篤,高橋宏明,浅井唯由,糸井淳孝,4
パナソニックパンサーズ,1,0,25,18,23,22,,88.0,112.0,51.0,5.0,45.5,12.75,21.0,11.0,0.0,52.4,9.0,2.25,89.0,2.0,8.0,21.0,5.9,79.0,44.0,17.0,66.5,3.0,26,ジェイテクトSTINGS,3,3,23,25,25,25,,98.0,124,65,7,52.4,16.25,29,17,2,58.6,12,3.00,97,5,17,14,4.4,80,40.0,18.0,61.3,2.0,16,136,2022-11-13,秋田県,CNAアリーナ★あきた,2380.0,15:30,17:36,2:06,斎藤篤,高橋宏明,浅井唯由,糸井淳孝,4
東京グレートベアーズ,0,0,18,19,23,,,60.0,80.0,34.0,6.0,42.5,11.33,19.0,8.0,3.0,42.1,5.0,1.67,61.0,3.0,11.0,16.0,7.0,60.0,26.0,13.0,54.2,0.0,18,東レアローズ,3,3,25,25,25,,,75.0,74,45,4,60.8,15.00,21,15,1,71.4,9,3.00,74,4,13,18,7.1,49,20.0,11.0,52.0,1.0,17,137,2022-11-13,東京都,アリーナ立川立飛,1562.0,16:00,17:36,1:36,酒出修,冨田博一,桑原健輔,金廣美喜夫,3
東レアローズ,3,3,25,25,25,,,75.0,74.0,45.0,4.0,60.8,15.0,21.0,15.0,1.0,71.4,9.0,3.0,74.0,4.0,13.0,18.0,7.1,49.0,20.0,11.0,52.0,1.0,17,東京グレートベアーズ,0,0,18,19,23,,,60.0,80,34,6,42.5,11.33,19,8,3,42.1,5,1.67,61,3,11,16,7.0,60,26.0,13.0,54.2,0.0,18,137,2022-11-13,東京都,アリーナ立川立飛,1562.0,16:00,17:36,1:36,酒出修,冨田博一,桑原健輔,金廣美喜夫,3
東京グレートベアーズ,0,0,22,21,20,,,63.0,79.0,35.0,6.0,44.3,11.67,24.0,14.0,2.0,58.3,6.0,2.0,64.0,0.0,10.0,19.0,3.5,58.0,18.0,22.0,50.0,4.0,22,東レアローズ,3,3,25,25,25,,,75.0,87,46,5,52.9,15.33,23,7,2,30.4,6,2.00,74,3,16,15,3.7,54,21.0,14.0,51.9,1.0,20,140,2022-11-14,東京都,アリーナ立川立飛,1374.0,19:30,21:09,1:39,酒出修,桑原健輔,戸川太輔,向野行信,3
東レアローズ,3,3,25,25,25,,,75.0,87.0,46.0,5.0,52.9,15.33,23.0,7.0,2.0,30.4,6.0,2.0,74.0,3.0,16.0,15.0,3.7,54.0,21.0,14.0,51.9,1.0,20,東京グレートベアーズ,0,0,22,21,20,,,63.0,79,35,6,44.3,11.67,24,14,2,58.3,6,2.00,64,0,10,19,3.5,58,18.0,22.0,50.0,4.0,22,140,2022-11-14,東京都,アリーナ立川立飛,1374.0,19:30,21:09,1:39,酒出修,桑原健輔,戸川太輔,向野行信,3
VC長野トライデンツ,0,0,27,12,16,,,55.0,78.0,32.0,6.0,41.0,10.67,19.0,9.0,4.0,47.4,7.0,2.33,56.0,2.0,8.0,12.0,5.4,66.0,27.0,19.0,55.3,2.0,14,堺ブレイザーズ,3,3,29,25,25,,,79.0,76,48,2,63.2,16.00,12,4,0,33.3,9,3.00,78,6,9,17,10.3,46,30.0,3.0,68.5,3.0,16,133,2022-11-12,長野県,岡谷市民総合体育館,600.0,14:00,15:31,1:31,勝又正,慈眼雅啓,服部篤史,片平知之,3
堺ブレイザーズ,3,3,29,25,25,,,79.0,76.0,48.0,2.0,63.2,16.0,12.0,4.0,0.0,33.3,9.0,3.0,78.0,6.0,9.0,17.0,10.3,46.0,30.0,3.0,68.5,3.0,16,VC長野トライデンツ,0,0,27,12,16,,,55.0,78,32,6,41.0,10.67,19,9,4,47.4,7,2.33,56,2,8,12,5.4,66,27.0,19.0,55.3,2.0,14,133,2022-11-12,長野県,岡谷市民総合体育館,600.0,14:00,15:31,1:31,勝又正,慈眼雅啓,服部篤史,片平知之,3
VC長野トライデンツ,1,0,25,26,19,23,,93.0,112.0,58.0,7.0,51.8,14.5,27.0,10.0,2.0,37.0,8.0,2.0,94.0,1.0,17.0,21.0,2.1,78.0,44.0,13.0,64.7,2.0,26,堺ブレイザーズ,3,3,22,28,25,25,,100.0,109,65,4,59.6,16.25,19,10,1,52.6,5,1.25,99,4,21,17,3.0,76,51.0,4.0,69.7,1.0,26,138,2022-11-13,長野県,岡谷市民総合体育館,610.0,13:00,15:07,2:07,勝又正,澤達大,慈眼雅啓,片平知之,4
堺ブレイザーズ,3,3,22,28,25,25,,100.0,109.0,65.0,4.0,59.6,16.25,19.0,10.0,1.0,52.6,5.0,1.25,99.0,4.0,21.0,17.0,3.0,76.0,51.0,4.0,69.7,1.0,26,VC長野トライデンツ,1,0,25,26,19,23,,93.0,112,58,7,51.8,14.50,27,10,2,37.0,8,2.00,94,1,17,21,2.1,78,44.0,13.0,64.7,2.0,26,138,2022-11-13,長野県,岡谷市民総合体育館,610.0,13:00,15:07,2:07,勝又正,澤達大,慈眼雅啓,片平知之,4
JTサンダーズ広島,0,0,19,14,19,,,52.0,79.0,23.0,12.0,29.1,7.67,16.0,4.0,3.0,25.0,2.0,0.67,53.0,1.0,11.0,13.0,2.8,57.0,34.0,3.0,62.3,2.0,26,サントリーサンバーズ,3,3,25,25,25,,,75.0,74,39,9,52.7,13.00,26,11,8,42.3,8,2.67,74,3,15,19,5.4,42,25.0,3.0,63.1,2.0,25,134,2022-11-12,鳥取県,鳥取県民体育館,950.0,14:00,15:24,1:24,高橋憲太郎,國頭亮太,本間明,山内健靖,3
サントリーサンバーズ,3,3,25,25,25,,,75.0,74.0,39.0,9.0,52.7,13.0,26.0,11.0,8.0,42.3,8.0,2.67,74.0,3.0,15.0,19.0,5.4,42.0,25.0,3.0,63.1,2.0,25,JTサンダーズ広島,0,0,19,14,19,,,52.0,79,23,12,29.1,7.67,16,4,3,25.0,2,0.67,53,1,11,13,2.8,57,34.0,3.0,62.3,2.0,26,134,2022-11-12,鳥取県,鳥取県民体育館,950.0,14:00,15:24,1:24,高橋憲太郎,國頭亮太,本間明,山内健靖,3
JTサンダーズ広島,1,0,18,16,25,18,,77.0,107.0,49.0,5.0,45.8,12.25,19.0,11.0,3.0,57.9,5.0,1.25,78.0,6.0,11.0,25.0,12.2,83.0,47.0,16.0,66.3,5.0,17,サントリーサンバーズ,3,3,25,25,21,25,,96.0,102,63,4,61.8,15.75,28,18,1,64.3,10,2.50,95,2,10,20,4.7,64,32.0,4.0,53.1,3.0,21,139,2022-11-13,鳥取県,鳥取県民体育館,1100.0,13:00,14:55,1:55,高橋憲太郎,原啓之,國頭亮太,山口翔太,4
サントリーサンバーズ,3,3,25,25,21,25,,96.0,102.0,63.0,4.0,61.8,15.75,28.0,18.0,1.0,64.3,10.0,2.5,95.0,2.0,10.0,20.0,4.7,64.0,32.0,4.0,53.1,3.0,21,JTサンダーズ広島,1,0,18,16,25,18,,77.0,107,49,5,45.8,12.25,19,11,3,57.9,5,1.25,78,6,11,25,12.2,83,47.0,16.0,66.3,5.0,17,139,2022-11-13,鳥取県,鳥取県民体育館,1100.0,13:00,14:55,1:55,高橋憲太郎,原啓之,國頭亮太,山口翔太,4
東京グレートベアーズ,3,3,21,25,25,25,,96.0,95.0,56.0,6.0,58.9,14.0,19.0,12.0,4.0,63.2,10.0,2.5,95.0,5.0,12.0,21.0,7.6,59.0,17.0,12.0,39.0,1.0,25,大分三好ヴァイセアドラー,1,0,25,20,18,12,,75.0,117,47,9,40.2,11.75,33,17,4,51.5,5,1.25,76,4,15,28,9.5,80,34.0,23.0,56.9,1.0,19,219,2023-02-11,東京都,有明コロシアム,1401.0,14:00,15:55,1:55,酒出修,浅井唯由,中山健,中嶋幹朗,4
大分三好ヴァイセアドラー,1,0,25,20,18,12,,75.0,117.0,47.0,9.0,40.2,11.75,33.0,17.0,4.0,51.5,5.0,1.25,76.0,4.0,15.0,28.0,9.5,80.0,34.0,23.0,56.9,1.0,19,東京グレートベアーズ,3,3,21,25,25,25,,96.0,95,56,6,58.9,14.00,19,12,4,63.2,10,2.50,95,5,12,21,7.6,59,17.0,12.0,39.0,1.0,25,219,2023-02-11,東京都,有明コロシアム,1401.0,14:00,15:55,1:55,酒出修,浅井唯由,中山健,中嶋幹朗,4
東京グレートベアーズ,3,3,32,25,25,,,82.0,83.0,49.0,7.0,59.0,16.33,22.0,14.0,2.0,63.6,6.0,2.0,81.0,4.0,11.0,21.0,8.0,52.0,16.0,17.0,47.1,2.0,24,大分三好ヴァイセアドラー,0,0,30,20,16,,,66.0,82,30,10,36.6,10.00,22,9,5,40.9,11,3.67,67,5,12,16,9.0,70,22.0,23.0,47.9,2.0,20,220,2023-02-12,東京都,有明コロシアム,1359.0,14:00,15:49,1:49,酒出修,中山健,小松剛,長谷川登,3
大分三好ヴァイセアドラー,0,0,30,20,16,,,66.0,82.0,30.0,10.0,36.6,10.0,22.0,9.0,5.0,40.9,11.0,3.67,67.0,5.0,12.0,16.0,9.0,70.0,22.0,23.0,47.9,2.0,20,東京グレートベアーズ,3,3,32,25,25,,,82.0,83,49,7,59.0,16.33,22,14,2,63.6,6,2.00,81,4,11,21,8.0,52,16.0,17.0,47.1,2.0,24,220,2023-02-12,東京都,有明コロシアム,1359.0,14:00,15:49,1:49,酒出修,中山健,小松剛,長谷川登,3
東レアローズ,3,3,23,25,25,25,,98.0,107.0,62.0,8.0,57.9,15.5,20.0,11.0,3.0,55.0,8.0,2.0,97.0,6.0,14.0,19.0,7.5,69.0,40.0,16.0,69.6,4.0,22,VC長野トライデンツ,1,0,25,21,20,21,,87.0,95,48,4,50.5,12.00,23,14,1,60.9,8,2.00,88,5,18,9,3.1,82,40.0,18.0,59.8,0.0,26,141,2022-11-19,静岡県,このはなアリーナ,600.0,14:00,15:51,1:51,田中昭彦,新田浩幸,浅井唯由,久保池洋介,4
VC長野トライデンツ,1,0,25,21,20,21,,87.0,95.0,48.0,4.0,50.5,12.0,23.0,14.0,1.0,60.9,8.0,2.0,88.0,5.0,18.0,9.0,3.1,82.0,40.0,18.0,59.8,0.0,26,東レアローズ,3,3,23,25,25,25,,98.0,107,62,8,57.9,15.50,20,11,3,55.0,8,2.00,97,6,14,19,7.5,69,40.0,16.0,69.6,4.0,22,141,2022-11-19,静岡県,このはなアリーナ,600.0,14:00,15:51,1:51,田中昭彦,新田浩幸,浅井唯由,久保池洋介,4
東レアローズ,3,3,25,21,25,25,,96.0,112.0,60.0,10.0,53.6,15.0,19.0,7.0,4.0,36.8,9.0,2.25,95.0,5.0,18.0,27.0,7.6,71.0,43.0,17.0,72.5,5.0,22,VC長野トライデンツ,1,0,23,25,19,17,,84.0,107,44,9,41.1,11.00,25,11,3,44.0,5,1.25,85,2,12,11,2.1,74,32.0,13.0,52.0,1.0,33,145,2022-11-20,静岡県,このはなアリーナ,600.0,14:00,15:48,1:48,田中昭彦,城智人,新田浩幸,朝比奈祐弥,4
VC長野トライデンツ,1,0,23,25,19,17,,84.0,107.0,44.0,9.0,41.1,11.0,25.0,11.0,3.0,44.0,5.0,1.25,85.0,2.0,12.0,11.0,2.1,74.0,32.0,13.0,52.0,1.0,33,東レアローズ,3,3,25,21,25,25,,96.0,112,60,10,53.6,15.00,19,7,4,36.8,9,2.25,95,5,18,27,7.6,71,43.0,17.0,72.5,5.0,22,145,2022-11-20,静岡県,このはなアリーナ,600.0,14:00,15:48,1:48,田中昭彦,城智人,新田浩幸,朝比奈祐弥,4
ウルフドッグス名古屋,3,3,25,25,25,,,75.0,87.0,46.0,7.0,52.9,15.33,21.0,13.0,2.0,61.9,7.0,2.33,74.0,1.0,15.0,16.0,1.7,53.0,30.0,10.0,66.0,4.0,21,堺ブレイザーズ,0,0,23,16,23,,,62.0,78,30,8,38.5,10.00,9,4,0,44.4,5,1.67,63,1,10,12,2.4,59,19.0,23.0,51.7,3.0,26,142,2022-11-19,愛知県,豊田合成記念体育館,1500.0,13:00,14:39,1:39,小柴滋,岡田崇,服部篤史,戸田幸喜,3
堺ブレイザーズ,0,0,23,16,23,,,62.0,78.0,30.0,8.0,38.5,10.0,9.0,4.0,0.0,44.4,5.0,1.67,63.0,1.0,10.0,12.0,2.4,59.0,19.0,23.0,51.7,3.0,26,ウルフドッグス名古屋,3,3,25,25,25,,,75.0,87,46,7,52.9,15.33,21,13,2,61.9,7,2.33,74,1,15,16,1.7,53,30.0,10.0,66.0,4.0,21,142,2022-11-19,愛知県,豊田合成記念体育館,1500.0,13:00,14:39,1:39,小柴滋,岡田崇,服部篤史,戸田幸喜,3
ウルフドッグス名古屋,3,3,25,25,25,,,75.0,75.0,35.0,2.0,46.7,11.67,14.0,8.0,0.0,57.1,11.0,3.67,73.0,2.0,5.0,28.0,10.6,44.0,20.0,11.0,58.0,0.0,27,堺ブレイザーズ,0,0,18,23,17,,,58.0,97,40,9,41.2,13.33,15,9,2,60.0,11,3.67,60,0,16,13,-1.2,67,25.0,13.0,47.0,2.0,7,146,2022-11-20,愛知県,豊田合成記念体育館,1500.0,13:00,14:34,1:34,小柴滋,服部篤史,千代延靖夫,福谷羽倭,3
堺ブレイザーズ,0,0,18,23,17,,,58.0,97.0,40.0,9.0,41.2,13.33,15.0,9.0,2.0,60.0,11.0,3.67,60.0,0.0,16.0,13.0,-1.2,67.0,25.0,13.0,47.0,2.0,7,ウルフドッグス名古屋,3,3,25,25,25,,,75.0,75,35,2,46.7,11.67,14,8,0,57.1,11,3.67,73,2,5,28,10.6,44,20.0,11.0,58.0,0.0,27,146,2022-11-20,愛知県,豊田合成記念体育館,1500.0,13:00,14:34,1:34,小柴滋,服部篤史,千代延靖夫,福谷羽倭,3
サントリーサンバーズ,3,2,17,24,25,25,15,106.0,115.0,62.0,11.0,53.9,12.4,34.0,19.0,3.0,55.9,12.0,2.4,106.0,6.0,13.0,35.0,10.8,80.0,27.0,21.0,46.9,6.0,26,ジェイテクトSTINGS,2,1,25,26,22,14,13,100.0,130,55,11,42.3,11.00,22,7,2,31.8,6,1.20,100,9,15,28,12.2,90,33.0,19.0,47.2,0.0,30,143,2022-11-19,大阪府,おおきにアリーナ舞洲,2012.0,12:05,14:25,2:20,石井洋壮,本間明,原啓之,和佐田信行,5
ジェイテクトSTINGS,2,1,25,26,22,14,13,100.0,130.0,55.0,11.0,42.3,11.0,22.0,7.0,2.0,31.8,6.0,1.2,100.0,9.0,15.0,28.0,12.2,90.0,33.0,19.0,47.2,0.0,30,サントリーサンバーズ,3,2,17,24,25,25,15,106.0,115,62,11,53.9,12.40,34,19,3,55.9,12,2.40,106,6,13,35,10.8,80,27.0,21.0,46.9,6.0,26,143,2022-11-19,大阪府,おおきにアリーナ舞洲,2012.0,12:05,14:25,2:20,石井洋壮,本間明,原啓之,和佐田信行,5
サントリーサンバーズ,3,2,25,25,18,20,15,103.0,106.0,61.0,11.0,57.5,12.2,37.0,19.0,5.0,51.4,12.0,2.4,103.0,6.0,23.0,29.0,7.3,80.0,29.0,23.0,50.6,7.0,24,ジェイテクトSTINGS,2,1,20,21,25,25,11,102.0,100,52,3,52.0,10.40,22,11,1,50.0,6,1.20,102,3,20,27,4.7,76,21.0,24.0,43.4,1.0,41,147,2022-11-20,大阪府,おおきにアリーナ舞洲,2536.0,17:05,19:28,2:23,石井洋壮,山本晋五,本間明,安田悠司,5
ジェイテクトSTINGS,2,1,20,21,25,25,11,102.0,100.0,52.0,3.0,52.0,10.4,22.0,11.0,1.0,50.0,6.0,1.2,102.0,3.0,20.0,27.0,4.7,76.0,21.0,24.0,43.4,1.0,41,サントリーサンバーズ,3,2,25,25,18,20,15,103.0,106,61,11,57.5,12.20,37,19,5,51.4,12,2.40,103,6,23,29,7.3,80,29.0,23.0,50.6,7.0,24,147,2022-11-20,大阪府,おおきにアリーナ舞洲,2536.0,17:05,19:28,2:23,石井洋壮,山本晋五,本間明,安田悠司,5
パナソニックパンサーズ,3,2,25,23,23,25,15,111.0,144.0,77.0,8.0,53.5,15.4,33.0,16.0,4.0,48.5,4.0,0.8,110.0,4.0,12.0,31.0,8.0,80.0,39.0,26.0,65.0,2.0,26,JTサンダーズ広島,2,1,21,25,25,20,7,98.0,154,70,7,45.5,14.00,29,14,1,48.3,3,0.60,99,3,16,15,2.8,96,37.0,25.0,51.6,3.0,22,144,2022-11-19,大阪府,パナソニックアリーナ,1456.0,14:00,16:19,2:19,髙橋憲太郎,林淳一,木内誠二,中野絵里子,5
JTサンダーズ広島,2,1,21,25,25,20,7,98.0,154.0,70.0,7.0,45.5,14.0,29.0,14.0,1.0,48.3,3.0,0.6,99.0,3.0,16.0,15.0,2.8,96.0,37.0,25.0,51.6,3.0,22,パナソニックパンサーズ,3,2,25,23,23,25,15,111.0,144,77,8,53.5,15.40,33,16,4,48.5,4,0.80,110,4,12,31,8.0,80,39.0,26.0,65.0,2.0,26,144,2022-11-19,大阪府,パナソニックアリーナ,1456.0,14:00,16:19,2:19,髙橋憲太郎,林淳一,木内誠二,中野絵里子,5
パナソニックパンサーズ,3,3,25,21,25,25,,96.0,103.0,56.0,6.0,54.4,14.0,16.0,9.0,2.0,56.2,12.0,3.0,95.0,2.0,9.0,23.0,5.8,71.0,34.0,20.0,62.0,0.0,26,JTサンダーズ広島,1,0,18,25,23,21,,87.0,117,62,7,53.0,15.50,33,17,4,51.5,6,1.50,88,4,15,15,4.5,85,30.0,31.0,53.5,4.0,15,148,2022-11-20,大阪府,パナソニックアリーナ,1760.0,14:00,16:02,2:02,高橋憲太郎,木内誠二,西中野健,田中清,4
JTサンダーズ広島,1,0,18,25,23,21,,87.0,117.0,62.0,7.0,53.0,15.5,33.0,17.0,4.0,51.5,6.0,1.5,88.0,4.0,15.0,15.0,4.5,85.0,30.0,31.0,53.5,4.0,15,パナソニックパンサーズ,3,3,25,21,25,25,,96.0,103,56,6,54.4,14.00,16,9,2,56.2,12,3.00,95,2,9,23,5.8,71,34.0,20.0,62.0,0.0,26,148,2022-11-20,大阪府,パナソニックアリーナ,1760.0,14:00,16:02,2:02,高橋憲太郎,木内誠二,西中野健,田中清,4
VC長野トライデンツ,1,0,17,25,18,19,,79.0,130.0,52.0,7.0,40.0,13.0,22.0,8.0,1.0,36.4,5.0,1.25,80.0,3.0,13.0,15.0,4.4,84.0,37.0,17.0,54.2,2.0,19,パナソニックパンサーズ,3,3,25,23,25,25,,98.0,104,58,5,55.8,14.50,21,15,1,71.4,12,3.00,97,6,10,27,10.6,66,39.0,10.0,66.7,4.0,22,149,2022-11-26,長野県,松本市総合体育館,1190.0,14:00,15:57,1:57,富田満,沢田元,浅井唯由,橋詰清美,4
パナソニックパンサーズ,3,3,25,23,25,25,,98.0,104.0,58.0,5.0,55.8,14.5,21.0,15.0,1.0,71.4,12.0,3.0,97.0,6.0,10.0,27.0,10.6,66.0,39.0,10.0,66.7,4.0,22,VC長野トライデンツ,1,0,17,25,18,19,,79.0,130,52,7,40.0,13.00,22,8,1,36.4,5,1.25,80,3,13,15,4.4,84,37.0,17.0,54.2,2.0,19,149,2022-11-26,長野県,松本市総合体育館,1190.0,14:00,15:57,1:57,富田満,沢田元,浅井唯由,橋詰清美,4
VC長野トライデンツ,1,0,21,21,27,17,,86.0,111.0,57.0,5.0,51.4,14.25,23.0,13.0,2.0,56.5,8.0,2.0,87.0,1.0,15.0,17.0,1.7,89.0,46.0,18.0,61.8,3.0,20,パナソニックパンサーズ,3,3,25,25,25,25,,100.0,116,65,10,56.0,16.25,16,9,1,56.2,7,1.75,99,5,9,21,8.1,71,39.0,15.0,65.5,1.0,23,154,2022-11-27,長野県,松本市総合体育館,1360.0,13:00,15:08,2:08,富田満,高橋宏明,沢田元,橋詰清美,4
パナソニックパンサーズ,3,3,25,25,25,25,,100.0,116.0,65.0,10.0,56.0,16.25,16.0,9.0,1.0,56.2,7.0,1.75,99.0,5.0,9.0,21.0,8.1,71.0,39.0,15.0,65.5,1.0,23,VC長野トライデンツ,1,0,21,21,27,17,,86.0,111,57,5,51.4,14.25,23,13,2,56.5,8,2.00,87,1,15,17,1.7,89,46.0,18.0,61.8,3.0,20,154,2022-11-27,長野県,松本市総合体育館,1360.0,13:00,15:08,2:08,富田満,高橋宏明,沢田元,橋詰清美,4
ジェイテクトSTINGS,3,3,25,25,22,25,,97.0,111.0,53.0,5.0,47.7,13.25,19.0,9.0,3.0,47.4,7.0,1.75,96.0,9.0,12.0,28.0,13.5,66.0,19.0,31.0,52.3,1.0,28,東京グレートベアーズ,1,0,21,15,25,15,,76.0,108,45,12,41.7,11.25,32,10,7,31.2,13,3.25,77,0,11,16,1.6,82,23.0,24.0,42.7,5.0,18,150,2022-11-26,奈良県,ジェイテクトアリーナ奈良,1236.0,13:05,15:09,2:04,髙橋憲太郎,岡田崇,中口岳,田中清,4
東京グレートベアーズ,1,0,21,15,25,15,,76.0,108.0,45.0,12.0,41.7,11.25,32.0,10.0,7.0,31.2,13.0,3.25,77.0,0.0,11.0,16.0,1.6,82.0,23.0,24.0,42.7,5.0,18,ジェイテクトSTINGS,3,3,25,25,22,25,,97.0,111,53,5,47.7,13.25,19,9,3,47.4,7,1.75,96,9,12,28,13.5,66,19.0,31.0,52.3,1.0,28,150,2022-11-26,奈良県,ジェイテクトアリーナ奈良,1236.0,13:05,15:09,2:04,髙橋憲太郎,岡田崇,中口岳,田中清,4
ジェイテクトSTINGS,0,0,21,23,24,,,68.0,105.0,43.0,12.0,41.0,14.33,17.0,5.0,4.0,29.4,8.0,2.67,70.0,1.0,9.0,9.0,1.4,64.0,37.0,12.0,67.2,0.0,16,東京グレートベアーズ,3,3,25,25,26,,,76.0,96,45,6,46.9,15.00,23,11,2,47.8,7,2.33,74,3,10,12,4.7,61,35.0,16.0,70.5,0.0,21,155,2022-11-27,奈良県,ジェイテクトアリーナ奈良,1456.0,13:05,14:45,1:40,高橋憲太郎,中口岳,中山健,鈴木花奈,3
東京グレートベアーズ,3,3,25,25,26,,,76.0,96.0,45.0,6.0,46.9,15.0,23.0,11.0,2.0,47.8,7.0,2.33,74.0,3.0,10.0,12.0,4.7,61.0,35.0,16.0,70.5,0.0,21,ジェイテクトSTINGS,0,0,21,23,24,,,68.0,105,43,12,41.0,14.33,17,5,4,29.4,8,2.67,70,1,9,9,1.4,64,37.0,12.0,67.2,0.0,16,155,2022-11-27,奈良県,ジェイテクトアリーナ奈良,1456.0,13:05,14:45,1:40,高橋憲太郎,中口岳,中山健,鈴木花奈,3
JTサンダーズ広島,1,0,16,25,21,25,,87.0,105.0,48.0,10.0,45.7,12.0,24.0,16.0,1.0,66.7,6.0,1.5,88.0,3.0,23.0,16.0,1.4,82.0,36.0,18.0,54.9,0.0,30,ウルフドッグス名古屋,3,3,25,23,25,27,,100.0,95,53,7,55.8,13.25,19,12,2,63.2,12,3.00,99,2,17,26,4.3,63,35.0,11.0,64.3,6.0,33,151,2022-11-26,島根県,松江市総合体育館,1150.0,14:00,16:03,2:03,塚本健,千代延靖夫,弘中秀治,山崎真伍,4
ウルフドッグス名古屋,3,3,25,23,25,27,,100.0,95.0,53.0,7.0,55.8,13.25,19.0,12.0,2.0,63.2,12.0,3.0,99.0,2.0,17.0,26.0,4.3,63.0,35.0,11.0,64.3,6.0,33,JTサンダーズ広島,1,0,16,25,21,25,,87.0,105,48,10,45.7,12.00,24,16,1,66.7,6,1.50,88,3,23,16,1.4,82,36.0,18.0,54.9,0.0,30,151,2022-11-26,島根県,松江市総合体育館,1150.0,14:00,16:03,2:03,塚本健,千代延靖夫,弘中秀治,山崎真伍,4
JTサンダーズ広島,0,0,22,21,17,,,60.0,89.0,38.0,7.0,42.7,12.67,18.0,6.0,2.0,33.3,6.0,2.0,62.0,1.0,12.0,10.0,0.8,62.0,34.0,11.0,63.7,4.0,15,ウルフドッグス名古屋,3,3,25,25,25,,,75.0,83,42,3,50.6,14.00,13,7,0,53.8,9,3.00,73,1,11,16,3.1,50,34.0,5.0,73.0,1.0,23,156,2022-11-27,島根県,松江市総合体育館,1100.0,13:00,14:34,1:34,塚本健,國頭亮太,千代延靖夫,波田野政幸,3
ウルフドッグス名古屋,3,3,25,25,25,,,75.0,83.0,42.0,3.0,50.6,14.0,13.0,7.0,0.0,53.8,9.0,3.0,73.0,1.0,11.0,16.0,3.1,50.0,34.0,5.0,73.0,1.0,23,JTサンダーズ広島,0,0,22,21,17,,,60.0,89,38,7,42.7,12.67,18,6,2,33.3,6,2.00,62,1,12,10,0.8,62,34.0,11.0,63.7,4.0,15,156,2022-11-27,島根県,松江市総合体育館,1100.0,13:00,14:34,1:34,塚本健,國頭亮太,千代延靖夫,波田野政幸,3
堺ブレイザーズ,3,3,25,25,25,,,75.0,70.0,43.0,4.0,61.4,14.33,10.0,6.0,1.0,60.0,7.0,2.33,73.0,3.0,14.0,17.0,5.1,50.0,21.0,13.0,55.0,1.0,22,サントリーサンバーズ,0,0,23,20,17,,,60.0,78,34,11,43.6,11.33,22,9,3,40.9,5,1.67,62,2,11,15,4.8,58,23.0,16.0,53.4,0.0,19,152,2022-11-26,福岡県,北九州市立総合体育館,1148.0,13:00,14:26,1:26,石井洋壮,江口祐一郎,冨田博一,森重純,3
サントリーサンバーズ,0,0,23,20,17,,,60.0,78.0,34.0,11.0,43.6,11.33,22.0,9.0,3.0,40.9,5.0,1.67,62.0,2.0,11.0,15.0,4.8,58.0,23.0,16.0,53.4,0.0,19,堺ブレイザーズ,3,3,25,25,25,,,75.0,70,43,4,61.4,14.33,10,6,1,60.0,7,2.33,73,3,14,17,5.1,50,21.0,13.0,55.0,1.0,22,152,2022-11-26,福岡県,北九州市立総合体育館,1148.0,13:00,14:26,1:26,石井洋壮,江口祐一郎,冨田博一,森重純,3
堺ブレイザーズ,3,3,25,25,25,,,75.0,90.0,44.0,3.0,48.9,14.67,14.0,8.0,2.0,57.1,7.0,2.33,73.0,1.0,12.0,14.0,2.1,49.0,20.0,12.0,53.1,3.0,23,サントリーサンバーズ,0,0,21,23,22,,,66.0,95,42,1,44.2,14.00,20,12,0,60.0,4,1.33,68,2,18,16,2.2,60,24.0,22.0,58.3,4.0,18,157,2022-11-27,福岡県,北九州市立総合体育館,1173.0,13:00,14:30,1:30,石井洋壮,冨田博一,木内誠二,賀来愛実,3
サントリーサンバーズ,0,0,21,23,22,,,66.0,95.0,42.0,1.0,44.2,14.0,20.0,12.0,0.0,60.0,4.0,1.33,68.0,2.0,18.0,16.0,2.2,60.0,24.0,22.0,58.3,4.0,18,堺ブレイザーズ,3,3,25,25,25,,,75.0,90,44,3,48.9,14.67,14,8,2,57.1,7,2.33,73,1,12,14,2.1,49,20.0,12.0,53.1,3.0,23,157,2022-11-27,福岡県,北九州市立総合体育館,1173.0,13:00,14:30,1:30,石井洋壮,冨田博一,木内誠二,賀来愛実,3
大分三好ヴァイセアドラー,2,1,25,22,17,25,8,97.0,105.0,50.0,9.0,47.6,10.0,26.0,14.0,4.0,53.8,10.0,2.0,98.0,5.0,22.0,18.0,4.1,80.0,34.0,12.0,50.0,3.0,32,東レアローズ,3,2,21,25,25,23,15,109.0,114,60,7,52.6,12.00,20,12,2,60.0,6,1.20,108,9,24,29,9.5,74,42.0,11.0,64.2,1.0,34,153,2022-11-26,大分県,昭和電工武道スポーツセンター,620.0,14:00,16:20,2:20,利根川忠史,慈眼雅啓,平田敬基,平川祐介,5
東レアローズ,3,2,21,25,25,23,15,109.0,114.0,60.0,7.0,52.6,12.0,20.0,12.0,2.0,60.0,6.0,1.2,108.0,9.0,24.0,29.0,9.5,74.0,42.0,11.0,64.2,1.0,34,大分三好ヴァイセアドラー,2,1,25,22,17,25,8,97.0,105,50,9,47.6,10.00,26,14,4,53.8,10,2.00,98,5,22,18,4.1,80,34.0,12.0,50.0,3.0,32,153,2022-11-26,大分県,昭和電工武道スポーツセンター,620.0,14:00,16:20,2:20,利根川忠史,慈眼雅啓,平田敬基,平川祐介,5
大分三好ヴァイセアドラー,3,2,22,25,21,25,15,108.0,103.0,49.0,11.0,47.6,9.8,26.0,18.0,4.0,69.2,14.0,2.8,108.0,7.0,9.0,28.0,10.9,73.0,23.0,11.0,39.0,5.0,38,東レアローズ,2,1,25,22,25,19,8,99.0,128,52,13,40.6,10.40,20,7,5,35.0,11,2.20,99,11,22,32,13.6,96,41.0,23.0,54.7,3.0,25,158,2022-11-27,大分県,昭和電工武道スポーツセンター,740.0,13:00,15:17,2:17,利根川忠史,平田敬基,原啓之,平川祐介,5
東レアローズ,2,1,25,22,25,19,8,99.0,128.0,52.0,13.0,40.6,10.4,20.0,7.0,5.0,35.0,11.0,2.2,99.0,11.0,22.0,32.0,13.6,96.0,41.0,23.0,54.7,3.0,25,大分三好ヴァイセアドラー,3,2,22,25,21,25,15,108.0,103,49,11,47.6,9.80,26,18,4,69.2,14,2.80,108,7,9,28,10.9,73,23.0,11.0,39.0,5.0,38,158,2022-11-27,大分県,昭和電工武道スポーツセンター,740.0,13:00,15:17,2:17,利根川忠史,平田敬基,原啓之,平川祐介,5
東京グレートベアーズ,0,0,22,21,24,,,67.0,85.0,36.0,10.0,42.4,12.0,29.0,14.0,5.0,48.3,8.0,2.67,69.0,1.0,10.0,16.0,3.6,62.0,41.0,9.0,73.4,1.0,22,JTサンダーズ広島,3,3,25,25,26,,,76.0,92,43,8,46.7,14.33,23,13,2,56.5,10,3.33,74,2,11,11,2.7,59,31.0,11.0,61.9,3.0,21,159,2022-12-03,東京都,アリーナ立川立飛,1661.0,16:00,17:42,1:42,富田満,桑原健輔,服部篤史,長崎克行,3
JTサンダーズ広島,3,3,25,25,26,,,76.0,92.0,43.0,8.0,46.7,14.33,23.0,13.0,2.0,56.5,10.0,3.33,74.0,2.0,11.0,11.0,2.7,59.0,31.0,11.0,61.9,3.0,21,東京グレートベアーズ,0,0,22,21,24,,,67.0,85,36,10,42.4,12.00,29,14,5,48.3,8,2.67,69,1,10,16,3.6,62,41.0,9.0,73.4,1.0,22,159,2022-12-03,東京都,アリーナ立川立飛,1661.0,16:00,17:42,1:42,富田満,桑原健輔,服部篤史,長崎克行,3
東京グレートベアーズ,3,2,25,22,23,25,15,110.0,133.0,72.0,8.0,54.1,14.4,36.0,21.0,1.0,58.3,8.0,1.6,110.0,4.0,14.0,30.0,7.3,86.0,30.0,26.0,50.0,0.0,26,JTサンダーズ広島,2,1,21,25,25,20,10,101.0,132,70,12,53.0,14.00,33,19,3,57.6,7,1.40,101,2,14,29,5.7,96,35.0,27.0,50.5,0.0,22,164,2022-12-04,東京都,アリーナ立川立飛,1636.0,15:00,17:34,2:34,富田満,浅井唯由,桑原健輔,相澤智央,5
JTサンダーズ広島,2,1,21,25,25,20,10,101.0,132.0,70.0,12.0,53.0,14.0,33.0,19.0,3.0,57.6,7.0,1.4,101.0,2.0,14.0,29.0,5.7,96.0,35.0,27.0,50.5,0.0,22,東京グレートベアーズ,3,2,25,22,23,25,15,110.0,133,72,8,54.1,14.40,36,21,1,58.3,8,1.60,110,4,14,30,7.3,86,30.0,26.0,50.0,0.0,26,164,2022-12-04,東京都,アリーナ立川立飛,1636.0,15:00,17:34,2:34,富田満,浅井唯由,桑原健輔,相澤智央,5
東レアローズ,3,2,25,21,25,20,15,106.0,122.0,68.0,7.0,55.7,13.6,28.0,15.0,4.0,53.6,5.0,1.0,106.0,8.0,21.0,26.0,8.7,85.0,37.0,24.0,57.6,4.0,25,堺ブレイザーズ,2,1,19,25,21,25,11,101.0,113,60,8,53.1,12.00,12,8,3,66.7,5,1.00,101,4,15,21,5.4,82,33.0,18.0,51.2,2.0,32,160,2022-12-03,静岡県,三島市民体育館,850.0,15:30,17:42,2:12,酒出修,慈眼雅啓,澤達大,森田陸斗,5
堺ブレイザーズ,2,1,19,25,21,25,11,101.0,113.0,60.0,8.0,53.1,12.0,12.0,8.0,3.0,66.7,5.0,1.0,101.0,4.0,15.0,21.0,5.4,82.0,33.0,18.0,51.2,2.0,32,東レアローズ,3,2,25,21,25,20,15,106.0,122,68,7,55.7,13.60,28,15,4,53.6,5,1.00,106,8,21,26,8.7,85,37.0,24.0,57.6,4.0,25,160,2022-12-03,静岡県,三島市民体育館,850.0,15:30,17:42,2:12,酒出修,慈眼雅啓,澤達大,森田陸斗,5
東レアローズ,1,0,20,25,23,21,,89.0,116.0,48.0,9.0,41.4,12.0,26.0,13.0,3.0,50.0,11.0,2.75,90.0,4.0,16.0,28.0,7.8,78.0,24.0,27.0,48.1,5.0,26,堺ブレイザーズ,3,3,25,23,25,25,,98.0,107,53,5,49.5,13.25,12,5,2,41.7,12,3.00,97,3,19,24,4.4,73,23.0,19.0,44.5,2.0,30,165,2022-12-04,静岡県,三島市民体育館,1100.0,15:11,17:13,2:02,酒出修,澤達大,慈眼雅啓,小檜山蓮,4
堺ブレイザーズ,3,3,25,23,25,25,,98.0,107.0,53.0,5.0,49.5,13.25,12.0,5.0,2.0,41.7,12.0,3.0,97.0,3.0,19.0,24.0,4.4,73.0,23.0,19.0,44.5,2.0,30,東レアローズ,1,0,20,25,23,21,,89.0,116,48,9,41.4,12.00,26,13,3,50.0,11,2.75,90,4,16,28,7.8,78,24.0,27.0,48.1,5.0,26,165,2022-12-04,静岡県,三島市民体育館,1100.0,15:11,17:13,2:02,酒出修,澤達大,慈眼雅啓,小檜山蓮,4
パナソニックパンサーズ,2,1,22,19,25,25,15,106.0,148.0,67.0,7.0,45.3,13.4,24.0,10.0,2.0,41.7,7.0,1.4,107.0,3.0,13.0,25.0,5.6,92.0,42.0,23.0,58.2,7.0,29,ウルフドッグス名古屋,3,2,25,25,23,18,17,108.0,135,67,9,49.6,13.40,35,21,2,60.0,14,2.80,107,0,15,27,2.8,92,34.0,32.0,54.3,5.0,27,161,2022-12-03,大阪府,パナソニックアリーナ,1624.0,14:05,16:30,2:25,田野昭彦,原啓之,上村英紀,安田悠司,5
ウルフドッグス名古屋,3,2,25,25,23,18,17,108.0,135.0,67.0,9.0,49.6,13.4,35.0,21.0,2.0,60.0,14.0,2.8,107.0,0.0,15.0,27.0,2.8,92.0,34.0,32.0,54.3,5.0,27,パナソニックパンサーズ,2,1,22,19,25,25,15,106.0,148,67,7,45.3,13.40,24,10,2,41.7,7,1.40,107,3,13,25,5.6,92,42.0,23.0,58.2,7.0,29,161,2022-12-03,大阪府,パナソニックアリーナ,1624.0,14:05,16:30,2:25,田野昭彦,原啓之,上村英紀,安田悠司,5
パナソニックパンサーズ,2,1,20,25,21,25,13,104.0,137.0,68.0,9.0,49.6,13.6,24.0,11.0,4.0,45.8,8.0,1.6,104.0,4.0,17.0,19.0,4.3,89.0,33.0,33.0,55.6,2.0,24,ウルフドッグス名古屋,3,2,25,19,25,22,15,106.0,131,57,9,43.5,11.40,28,15,3,53.6,15,3.00,106,6,14,20,7.1,86,40.0,24.0,60.5,1.0,28,166,2022-12-04,大阪府,パナソニックアリーナ,1724.0,14:05,16:27,2:22,田野昭彦,國頭亮太,原啓之,髙畑遥,5
ウルフドッグス名古屋,3,2,25,19,25,22,15,106.0,131.0,57.0,9.0,43.5,11.4,28.0,15.0,3.0,53.6,15.0,3.0,106.0,6.0,14.0,20.0,7.1,86.0,40.0,24.0,60.5,1.0,28,パナソニックパンサーズ,2,1,20,25,21,25,13,104.0,137,68,9,49.6,13.60,24,11,4,45.8,8,1.60,104,4,17,19,4.3,89,33.0,33.0,55.6,2.0,24,166,2022-12-04,大阪府,パナソニックアリーナ,1724.0,14:05,16:27,2:22,田野昭彦,國頭亮太,原啓之,髙畑遥,5
サントリーサンバーズ,3,3,25,25,26,,,76.0,64.0,39.0,3.0,60.9,13.0,13.0,7.0,1.0,53.8,7.0,2.33,74.0,3.0,13.0,20.0,6.4,43.0,24.0,9.0,66.3,2.0,27,大分三好ヴァイセアドラー,0,0,17,17,24,,,58.0,80,33,8,41.2,11.00,17,8,3,47.1,5,1.67,60,2,16,9,0.4,61,14.0,24.0,42.6,3.0,18,162,2022-12-03,大阪府,第一総合運動場,717.0,15:00,16:32,1:32,印藤智一,弘中秀治,村中伸,和佐田信行,3
大分三好ヴァイセアドラー,0,0,17,17,24,,,58.0,80.0,33.0,8.0,41.2,11.0,17.0,8.0,3.0,47.1,5.0,1.67,60.0,2.0,16.0,9.0,0.4,61.0,14.0,24.0,42.6,3.0,18,サントリーサンバーズ,3,3,25,25,26,,,76.0,64,39,3,60.9,13.00,13,7,1,53.8,7,2.33,74,3,13,20,6.4,43,24.0,9.0,66.3,2.0,27,162,2022-12-03,大阪府,第一総合運動場,717.0,15:00,16:32,1:32,印藤智一,弘中秀治,村中伸,和佐田信行,3
サントリーサンバーズ,3,3,25,28,25,,,78.0,83.0,45.0,2.0,54.2,15.0,14.0,7.0,1.0,50.0,9.0,3.0,76.0,1.0,17.0,27.0,4.6,54.0,21.0,16.0,53.7,2.0,23,大分三好ヴァイセアドラー,0,0,23,26,20,,,69.0,76,35,6,46.1,11.67,15,8,2,53.3,11,3.67,71,2,16,16,2.8,59,18.0,13.0,41.5,1.0,21,167,2022-12-04,大阪府,第一総合運動場,871.0,15:00,16:37,1:37,印藤智一,林淳一,弘中秀治,和佐田信行,3
大分三好ヴァイセアドラー,0,0,23,26,20,,,69.0,76.0,35.0,6.0,46.1,11.67,15.0,8.0,2.0,53.3,11.0,3.67,71.0,2.0,16.0,16.0,2.8,59.0,18.0,13.0,41.5,1.0,21,サントリーサンバーズ,3,3,25,28,25,,,78.0,83,45,2,54.2,15.00,14,7,1,50.0,9,3.00,76,1,17,27,4.6,54,21.0,16.0,53.7,2.0,23,167,2022-12-04,大阪府,第一総合運動場,871.0,15:00,16:37,1:37,印藤智一,林淳一,弘中秀治,和佐田信行,3
ジェイテクトSTINGS,3,3,25,25,25,,,75.0,70.0,44.0,2.0,62.9,14.67,14.0,7.0,0.0,50.0,7.0,2.33,74.0,7.0,12.0,14.0,10.1,46.0,29.0,5.0,68.5,2.0,17,VC長野トライデンツ,0,0,21,19,14,,,54.0,79,35,4,44.3,11.67,4,3,0,75.0,3,1.00,55,0,9,12,1.4,59,34.0,7.0,63.6,4.0,16,163,2022-12-03,徳島県,鳴門・大塚スポーツパーク アミノバリューホール,1150.0,13:00,14:25,1:25,石井洋壮,中山健,小松剛,森貴幸,3
VC長野トライデンツ,0,0,21,19,14,,,54.0,79.0,35.0,4.0,44.3,11.67,4.0,3.0,0.0,75.0,3.0,1.0,55.0,0.0,9.0,12.0,1.4,59.0,34.0,7.0,63.6,4.0,16,ジェイテクトSTINGS,3,3,25,25,25,,,75.0,70,44,2,62.9,14.67,14,7,0,50.0,7,2.33,74,7,12,14,10.1,46,29.0,5.0,68.5,2.0,17,163,2022-12-03,徳島県,鳴門・大塚スポーツパーク アミノバリューホール,1150.0,13:00,14:25,1:25,石井洋壮,中山健,小松剛,森貴幸,3
ジェイテクトSTINGS,3,3,25,25,25,,,75.0,79.0,45.0,5.0,57.0,15.0,21.0,13.0,2.0,61.9,4.0,1.33,73.0,5.0,14.0,18.0,8.2,47.0,28.0,13.0,73.4,1.0,21,VC長野トライデンツ,0,0,21,13,19,,,53.0,65,29,7,44.6,9.67,9,1,2,11.1,3,1.00,55,1,8,5,0.5,57,28.0,8.0,56.1,6.0,20,168,2022-12-04,徳島県,鳴門・大塚スポーツパーク アミノバリューホール,1300.0,13:00,14:23,1:23,石井洋壮,城智仁,小松剛,坂東壽枝,3
VC長野トライデンツ,0,0,21,13,19,,,53.0,65.0,29.0,7.0,44.6,9.67,9.0,1.0,2.0,11.1,3.0,1.0,55.0,1.0,8.0,5.0,0.5,57.0,28.0,8.0,56.1,6.0,20,ジェイテクトSTINGS,3,3,25,25,25,,,75.0,79,45,5,57.0,15.00,21,13,2,61.9,4,1.33,73,5,14,18,8.2,47,28.0,13.0,73.4,1.0,21,168,2022-12-04,徳島県,鳴門・大塚スポーツパーク アミノバリューホール,1300.0,13:00,14:23,1:23,石井洋壮,城智仁,小松剛,坂東壽枝,3
VC長野トライデンツ,2,1,25,20,25,20,11,101.0,142.0,67.0,7.0,47.2,13.4,24.0,10.0,2.0,41.7,8.0,1.6,101.0,2.0,10.0,34.0,7.9,92.0,40.0,26.0,57.6,4.0,24,東京グレートベアーズ,3,2,21,25,22,25,15,108.0,128,68,8,53.1,13.60,31,15,0,48.4,15,3.00,108,4,13,25,6.5,91,41.0,14.0,52.7,3.0,21,169,2023-01-07,長野県,岡谷市民総合体育館,630.0,14:00,16:12,2:12,大塚達也,高橋宏明,小松剛,穂苅みずき,5
東京グレートベアーズ,3,2,21,25,22,25,15,108.0,128.0,68.0,8.0,53.1,13.6,31.0,15.0,0.0,48.4,15.0,3.0,108.0,4.0,13.0,25.0,6.5,91.0,41.0,14.0,52.7,3.0,21,VC長野トライデンツ,2,1,25,20,25,20,11,101.0,142,67,7,47.2,13.40,24,10,2,41.7,8,1.60,101,2,10,34,7.9,92,40.0,26.0,57.6,4.0,24,169,2023-01-07,長野県,岡谷市民総合体育館,630.0,14:00,16:12,2:12,大塚達也,高橋宏明,小松剛,穂苅みずき,5
VC長野トライデンツ,1,0,26,18,18,25,,87.0,115.0,44.0,9.0,38.3,11.0,22.0,8.0,3.0,36.4,8.0,2.0,88.0,2.0,16.0,20.0,3.4,83.0,45.0,15.0,63.3,2.0,33,東京グレートベアーズ,3,3,24,25,25,27,,101.0,127,57,15,44.9,14.25,32,17,5,53.1,13,3.25,100,4,15,21,5.5,71,32.0,18.0,57.7,3.0,27,174,2023-01-08,長野県,岡谷市民総合体育館,740.0,13:00,15:03,2:03,大塚達也,桑原健輔,高橋宏明,穂苅みずき,4
東京グレートベアーズ,3,3,24,25,25,27,,101.0,127.0,57.0,15.0,44.9,14.25,32.0,17.0,5.0,53.1,13.0,3.25,100.0,4.0,15.0,21.0,5.5,71.0,32.0,18.0,57.7,3.0,27,VC長野トライデンツ,1,0,26,18,18,25,,87.0,115,44,9,38.3,11.00,22,8,3,36.4,8,2.00,88,2,16,20,3.4,83,45.0,15.0,63.3,2.0,33,174,2023-01-08,長野県,岡谷市民総合体育館,740.0,13:00,15:03,2:03,大塚達也,桑原健輔,高橋宏明,穂苅みずき,4
ウルフドッグス名古屋,3,3,25,25,27,,,77.0,73.0,39.0,1.0,53.4,13.0,16.0,8.0,0.0,50.0,11.0,3.67,75.0,2.0,9.0,19.0,6.0,52.0,25.0,12.0,59.6,2.0,25,サントリーサンバーズ,0,0,20,21,25,,,66.0,86,42,9,48.8,14.00,27,7,5,25.9,10,3.33,68,2,15,14,2.6,64,20.0,25.0,50.8,1.0,12,170,2023-01-07,愛知県,豊田合成記念体育館,1540.0,13:00,14:38,1:38,勝又正,澤達大,浅井唯由,田中栄二,3
サントリーサンバーズ,0,0,20,21,25,,,66.0,86.0,42.0,9.0,48.8,14.0,27.0,7.0,5.0,25.9,10.0,3.33,68.0,2.0,15.0,14.0,2.6,64.0,20.0,25.0,50.8,1.0,12,ウルフドッグス名古屋,3,3,25,25,27,,,77.0,73,39,1,53.4,13.00,16,8,0,50.0,11,3.67,75,2,9,19,6.0,52,25.0,12.0,59.6,2.0,25,170,2023-01-07,愛知県,豊田合成記念体育館,1540.0,13:00,14:38,1:38,勝又正,澤達大,浅井唯由,田中栄二,3
ウルフドッグス名古屋,1,0,25,22,28,23,,98.0,110.0,53.0,7.0,48.2,13.25,24.0,16.0,1.0,66.7,11.0,2.75,99.0,2.0,19.0,16.0,1.3,81.0,29.0,33.0,56.2,0.0,32,サントリーサンバーズ,3,3,23,25,30,25,,103.0,107,62,8,57.9,15.50,31,18,2,58.1,12,3.00,102,3,21,16,1.7,80,30.0,32.0,57.5,3.0,26,175,2023-01-08,愛知県,豊田合成記念体育館,1575.0,13:00,15:24,2:24,勝又正,浅井唯由,新田浩幸,田中栄二,4
サントリーサンバーズ,3,3,23,25,30,25,,103.0,107.0,62.0,8.0,57.9,15.5,31.0,18.0,2.0,58.1,12.0,3.0,102.0,3.0,21.0,16.0,1.7,80.0,30.0,32.0,57.5,3.0,26,ウルフドッグス名古屋,1,0,25,22,28,23,,98.0,110,53,7,48.2,13.25,24,16,1,66.7,11,2.75,99,2,19,16,1.3,81,29.0,33.0,56.2,0.0,32,175,2023-01-08,愛知県,豊田合成記念体育館,1575.0,13:00,15:24,2:24,勝又正,浅井唯由,新田浩幸,田中栄二,4
堺ブレイザーズ,3,3,23,25,25,25,,98.0,106.0,53.0,9.0,50.0,13.25,23.0,9.0,5.0,39.1,15.0,3.75,97.0,6.0,22.0,17.0,4.9,75.0,43.0,19.0,70.0,2.0,24,パナソニックパンサーズ,1,0,25,21,23,18,,87.0,111,44,8,39.6,11.00,20,8,3,40.0,8,2.00,88,2,11,13,2.8,73,27.0,25.0,54.1,5.0,33,171,2023-01-07,大阪府,大浜だいしんアリーナ,895.0,13:00,14:58,1:58,田野昭彦,原啓之,岡田崇,和佐田信行,4
パナソニックパンサーズ,1,0,25,21,23,18,,87.0,111.0,44.0,8.0,39.6,11.0,20.0,8.0,3.0,40.0,8.0,2.0,88.0,2.0,11.0,13.0,2.8,73.0,27.0,25.0,54.1,5.0,33,堺ブレイザーズ,3,3,23,25,25,25,,98.0,106,53,9,50.0,13.25,23,9,5,39.1,15,3.75,97,6,22,17,4.9,75,43.0,19.0,70.0,2.0,24,171,2023-01-07,大阪府,大浜だいしんアリーナ,895.0,13:00,14:58,1:58,田野昭彦,原啓之,岡田崇,和佐田信行,4
堺ブレイザーズ,0,0,29,21,22,,,72.0,100.0,48.0,7.0,48.0,16.0,19.0,9.0,5.0,47.4,7.0,2.33,73.0,3.0,18.0,12.0,2.1,74.0,49.0,12.0,74.3,0.0,14,パナソニックパンサーズ,3,3,31,25,25,,,81.0,84,48,7,57.1,16.00,12,5,2,41.7,8,2.67,80,0,6,13,2.2,54,32.0,8.0,66.7,1.0,25,176,2023-01-08,大阪府,大浜だいしんアリーナ,1104.0,13:00,14:38,1:38,田野昭彦,林淳一,原啓之,藤澤涼加,3
パナソニックパンサーズ,3,3,31,25,25,,,81.0,84.0,48.0,7.0,57.1,16.0,12.0,5.0,2.0,41.7,8.0,2.67,80.0,0.0,6.0,13.0,2.2,54.0,32.0,8.0,66.7,1.0,25,堺ブレイザーズ,0,0,29,21,22,,,72.0,100,48,7,48.0,16.00,19,9,5,47.4,7,2.33,73,3,18,12,2.1,74,49.0,12.0,74.3,0.0,14,176,2023-01-08,大阪府,大浜だいしんアリーナ,1104.0,13:00,14:38,1:38,田野昭彦,林淳一,原啓之,藤澤涼加,3
JTサンダーズ広島,3,3,30,25,25,,,80.0,91.0,43.0,6.0,47.3,14.33,20.0,8.0,2.0,40.0,5.0,1.67,79.0,7.0,14.0,24.0,12.0,54.0,29.0,8.0,61.1,2.0,25,東レアローズ,0,0,28,20,22,,,70.0,85,43,5,50.6,14.33,24,12,3,50.0,1,0.33,71,4,16,14,4.9,64,21.0,13.0,43.0,4.0,22,172,2023-01-07,広島県,広島県立総合体育館,2640.0,14:35,16:12,1:37,石井洋壮,中山健,戸川太輔,泉谷俊二,3
東レアローズ,0,0,28,20,22,,,70.0,85.0,43.0,5.0,50.6,14.33,24.0,12.0,3.0,50.0,1.0,0.33,71.0,4.0,16.0,14.0,4.9,64.0,21.0,13.0,43.0,4.0,22,JTサンダーズ広島,3,3,30,25,25,,,80.0,91,43,6,47.3,14.33,20,8,2,40.0,5,1.67,79,7,14,24,12.0,54,29.0,8.0,61.1,2.0,25,172,2023-01-07,広島県,広島県立総合体育館,2640.0,14:35,16:12,1:37,石井洋壮,中山健,戸川太輔,泉谷俊二,3
JTサンダーズ広島,3,3,25,25,20,25,,95.0,91.0,58.0,7.0,63.7,14.5,16.0,11.0,1.0,68.8,10.0,2.5,94.0,4.0,15.0,21.0,5.9,70.0,26.0,8.0,42.9,1.0,23,東レアローズ,1,0,18,19,25,21,,83.0,98,53,5,54.1,13.25,21,10,2,47.6,3,0.75,84,4,14,32,10.1,79,41.0,13.0,60.1,4.0,23,177,2023-01-08,広島県,広島県立総合体育館,3450.0,16:00,17:55,1:55,石井洋壮,戸川太輔,本間明,山根凜太朗,4
東レアローズ,1,0,18,19,25,21,,83.0,98.0,53.0,5.0,54.1,13.25,21.0,10.0,2.0,47.6,3.0,0.75,84.0,4.0,14.0,32.0,10.1,79.0,41.0,13.0,60.1,4.0,23,JTサンダーズ広島,3,3,25,25,20,25,,95.0,91,58,7,63.7,14.50,16,11,1,68.8,10,2.50,94,4,15,21,5.9,70,26.0,8.0,42.9,1.0,23,177,2023-01-08,広島県,広島県立総合体育館,3450.0,16:00,17:55,1:55,石井洋壮,戸川太輔,本間明,山根凜太朗,4
大分三好ヴァイセアドラー,0,0,25,13,17,,,55.0,73.0,33.0,6.0,45.2,11.0,17.0,10.0,4.0,58.8,7.0,2.33,56.0,1.0,10.0,14.0,3.6,65.0,28.0,9.0,50.0,1.0,14,ジェイテクトSTINGS,3,3,27,25,25,,,77.0,82,48,4,58.5,16.00,16,11,1,68.8,7,2.33,76,5,10,24,11.2,46,25.0,6.0,60.9,0.0,17,173,2023-01-07,大分県,サイクルショップコダマ大洲アリーナ,1550.0,14:00,15:25,1:25,加治健男,西中野健,江口祐一郎,釡元健児,3
ジェイテクトSTINGS,3,3,27,25,25,,,77.0,82.0,48.0,4.0,58.5,16.0,16.0,11.0,1.0,68.8,7.0,2.33,76.0,5.0,10.0,24.0,11.2,46.0,25.0,6.0,60.9,0.0,17,大分三好ヴァイセアドラー,0,0,25,13,17,,,55.0,73,33,6,45.2,11.00,17,10,4,58.8,7,2.33,56,1,10,14,3.6,65,28.0,9.0,50.0,1.0,14,173,2023-01-07,大分県,サイクルショップコダマ大洲アリーナ,1550.0,14:00,15:25,1:25,加治健男,西中野健,江口祐一郎,釡元健児,3
大分三好ヴァイセアドラー,0,0,14,24,21,,,59.0,76.0,33.0,6.0,43.4,11.0,19.0,6.0,2.0,31.6,3.0,1.0,60.0,1.0,13.0,11.0,0.8,60.0,27.0,11.0,54.2,2.0,22,ジェイテクトSTINGS,3,3,25,26,25,,,76.0,81,42,8,51.9,14.00,16,10,3,62.5,9,3.00,75,4,13,20,7.7,47,28.0,7.0,67.0,1.0,21,178,2023-01-08,大分県,サイクルショップコダマ大洲アリーナ,1620.0,13:00,14:33,1:33,加治健男,千代延靖夫,西中野健,佐藤圭一郎,3
ジェイテクトSTINGS,3,3,25,26,25,,,76.0,81.0,42.0,8.0,51.9,14.0,16.0,10.0,3.0,62.5,9.0,3.0,75.0,4.0,13.0,20.0,7.7,47.0,28.0,7.0,67.0,1.0,21,大分三好ヴァイセアドラー,0,0,14,24,21,,,59.0,76,33,6,43.4,11.00,19,6,2,31.6,3,1.00,60,1,13,11,0.8,60,27.0,11.0,54.2,2.0,22,178,2023-01-08,大分県,サイクルショップコダマ大洲アリーナ,1620.0,13:00,14:33,1:33,加治健男,千代延靖夫,西中野健,佐藤圭一郎,3
東レアローズ,3,3,25,25,25,,,75.0,65.0,37.0,2.0,56.9,12.33,10.0,4.0,1.0,40.0,10.0,3.33,73.0,7.0,15.0,18.0,10.6,46.0,23.0,10.0,60.9,2.0,21,ウルフドッグス名古屋,0,0,19,20,15,,,54.0,75,31,9,41.3,10.33,19,9,3,47.4,4,1.33,56,0,10,13,1.3,57,26.0,7.0,51.8,2.0,19,179,2023-01-14,岩手県,紫波町総合体育館,900.0,14:00,15:23,1:23,利根川忠史,高橋宏明,早坂行博,小野寺太,3
ウルフドッグス名古屋,0,0,19,20,15,,,54.0,75.0,31.0,9.0,41.3,10.33,19.0,9.0,3.0,47.4,4.0,1.33,56.0,0.0,10.0,13.0,1.3,57.0,26.0,7.0,51.8,2.0,19,東レアローズ,3,3,25,25,25,,,75.0,65,37,2,56.9,12.33,10,4,1,40.0,10,3.33,73,7,15,18,10.6,46,23.0,10.0,60.9,2.0,21,179,2023-01-14,岩手県,紫波町総合体育館,900.0,14:00,15:23,1:23,利根川忠史,高橋宏明,早坂行博,小野寺太,3
東レアローズ,3,3,25,26,25,,,76.0,86.0,43.0,4.0,50.0,14.33,14.0,7.0,0.0,50.0,6.0,2.0,75.0,4.0,15.0,11.0,4.0,57.0,33.0,10.0,66.7,0.0,23,ウルフドッグス名古屋,0,0,21,24,23,,,68.0,96,42,8,43.8,14.00,20,10,3,50.0,7,2.33,69,0,12,14,0.7,57,36.0,9.0,71.1,3.0,19,184,2023-01-15,岩手県,紫波町総合体育館,900.0,14:01,15:43,1:42,利根川忠史,桑原健輔,早坂行博,小野寺太,3
ウルフドッグス名古屋,0,0,21,24,23,,,68.0,96.0,42.0,8.0,43.8,14.0,20.0,10.0,3.0,50.0,7.0,2.33,69.0,0.0,12.0,14.0,0.7,57.0,36.0,9.0,71.1,3.0,19,東レアローズ,3,3,25,26,25,,,76.0,86,43,4,50.0,14.33,14,7,0,50.0,6,2.00,75,4,15,11,4.0,57,33.0,10.0,66.7,0.0,23,184,2023-01-15,岩手県,紫波町総合体育館,900.0,14:01,15:43,1:42,利根川忠史,桑原健輔,早坂行博,小野寺太,3
東京グレートベアーズ,0,0,15,24,20,,,59.0,90.0,42.0,12.0,46.7,14.0,25.0,12.0,4.0,48.0,3.0,1.0,61.0,1.0,11.0,10.0,1.2,63.0,24.0,15.0,50.0,1.0,13,堺ブレイザーズ,3,3,25,26,25,,,76.0,69,35,3,50.7,11.67,16,7,1,43.8,9,3.00,74,8,8,19,14.5,50,30.0,9.0,69.0,2.0,24,180,2023-01-14,東京都,墨田区総合体育館,1317.0,14:00,15:38,1:38,村上成司,村中伸,慈眼雅啓,角野八重,3
堺ブレイザーズ,3,3,25,26,25,,,76.0,69.0,35.0,3.0,50.7,11.67,16.0,7.0,1.0,43.8,9.0,3.0,74.0,8.0,8.0,19.0,14.5,50.0,30.0,9.0,69.0,2.0,24,東京グレートベアーズ,0,0,15,24,20,,,59.0,90,42,12,46.7,14.00,25,12,4,48.0,3,1.00,61,1,11,10,1.2,63,24.0,15.0,50.0,1.0,13,180,2023-01-14,東京都,墨田区総合体育館,1317.0,14:00,15:38,1:38,村上成司,村中伸,慈眼雅啓,角野八重,3
東京グレートベアーズ,1,0,23,25,21,16,,85.0,107.0,45.0,8.0,42.1,11.25,34.0,16.0,5.0,47.1,8.0,2.0,86.0,3.0,12.0,16.0,4.7,74.0,22.0,19.0,42.6,2.0,29,堺ブレイザーズ,3,3,25,20,25,25,,95.0,120,63,8,52.5,15.75,17,9,1,52.9,6,1.50,94,4,18,31,7.7,73,33.0,22.0,60.3,3.0,22,185,2023-01-15,東京都,墨田区総合体育館,1369.0,14:00,16:08,2:08,村上成司,正岡卓,村中伸,中嶋幹朗,4
堺ブレイザーズ,3,3,25,20,25,25,,95.0,120.0,63.0,8.0,52.5,15.75,17.0,9.0,1.0,52.9,6.0,1.5,94.0,4.0,18.0,31.0,7.7,73.0,33.0,22.0,60.3,3.0,22,東京グレートベアーズ,1,0,23,25,21,16,,85.0,107,45,8,42.1,11.25,34,16,5,47.1,8,2.00,86,3,12,16,4.7,74,22.0,19.0,42.6,2.0,29,185,2023-01-15,東京都,墨田区総合体育館,1369.0,14:00,16:08,2:08,村上成司,正岡卓,村中伸,中嶋幹朗,4
サントリーサンバーズ,3,2,22,25,20,25,18,110.0,133.0,71.0,10.0,53.4,14.2,41.0,23.0,6.0,56.1,10.0,2.0,110.0,4.0,26.0,22.0,2.7,95.0,36.0,28.0,52.6,1.0,25,パナソニックパンサーズ,2,1,25,23,25,21,16,110.0,129,65,9,50.4,13.00,24,12,1,50.0,4,0.80,110,4,14,28,6.8,82,34.0,24.0,56.1,2.0,37,181,2023-01-14,大阪府,おおきにアリーナ舞洲,1496.0,15:05,17:31,2:26,酒出修,浅井唯由,森口豊,中野絵里子,5
パナソニックパンサーズ,2,1,25,23,25,21,16,110.0,129.0,65.0,9.0,50.4,13.0,24.0,12.0,1.0,50.0,4.0,0.8,110.0,4.0,14.0,28.0,6.8,82.0,34.0,24.0,56.1,2.0,37,サントリーサンバーズ,3,2,22,25,20,25,18,110.0,133,71,10,53.4,14.20,41,23,6,56.1,10,2.00,110,4,26,22,2.7,95,36.0,28.0,52.6,1.0,25,181,2023-01-14,大阪府,おおきにアリーナ舞洲,1496.0,15:05,17:31,2:26,酒出修,浅井唯由,森口豊,中野絵里子,5
サントリーサンバーズ,3,2,22,25,25,19,15,106.0,129.0,68.0,6.0,52.7,13.6,39.0,18.0,4.0,46.2,11.0,2.2,106.0,2.0,17.0,16.0,1.7,86.0,38.0,30.0,61.6,3.0,25,パナソニックパンサーズ,2,1,25,21,18,25,11,100.0,129,61,7,47.3,12.20,22,9,2,40.9,11,2.20,100,2,13,17,3.0,89,50.0,21.0,68.0,5.0,26,186,2023-01-15,大阪府,おおきにアリーナ舞洲,1618.0,15:05,17:20,2:15,酒出修,城智人,浅井唯由,安田悠司,5
パナソニックパンサーズ,2,1,25,21,18,25,11,100.0,129.0,61.0,7.0,47.3,12.2,22.0,9.0,2.0,40.9,11.0,2.2,100.0,2.0,13.0,17.0,3.0,89.0,50.0,21.0,68.0,5.0,26,サントリーサンバーズ,3,2,22,25,25,19,15,106.0,129,68,6,52.7,13.60,39,18,4,46.2,11,2.20,106,2,17,16,1.7,86,38.0,30.0,61.6,3.0,25,186,2023-01-15,大阪府,おおきにアリーナ舞洲,1618.0,15:05,17:20,2:15,酒出修,城智人,浅井唯由,安田悠司,5
ジェイテクトSTINGS,3,3,25,26,23,25,,99.0,112.0,62.0,7.0,55.4,15.5,32.0,18.0,1.0,56.2,8.0,2.0,98.0,1.0,20.0,34.0,4.6,71.0,25.0,24.0,52.1,2.0,28,JTサンダーズ広島,1,0,20,24,25,22,,91.0,99,48,6,48.5,12.00,25,14,1,56.0,9,2.25,92,5,20,18,4.9,77,31.0,12.0,48.1,2.0,29,182,2023-01-14,奈良県,ジェイテクトアリーナ奈良,1896.0,13:05,15:20,2:15,髙橋憲太郎,中山健,上村英紀,田中清,4
JTサンダーズ広島,1,0,20,24,25,22,,91.0,99.0,48.0,6.0,48.5,12.0,25.0,14.0,1.0,56.0,9.0,2.25,92.0,5.0,20.0,18.0,4.9,77.0,31.0,12.0,48.1,2.0,29,ジェイテクトSTINGS,3,3,25,26,23,25,,99.0,112,62,7,55.4,15.50,32,18,1,56.2,8,2.00,98,1,20,34,4.6,71,25.0,24.0,52.1,2.0,28,182,2023-01-14,奈良県,ジェイテクトアリーナ奈良,1896.0,13:05,15:20,2:15,髙橋憲太郎,中山健,上村英紀,田中清,4
ジェイテクトSTINGS,3,3,25,25,38,,,88.0,97.0,55.0,6.0,56.7,18.33,23.0,12.0,3.0,52.2,7.0,2.33,86.0,2.0,18.0,28.0,5.2,63.0,30.0,8.0,54.0,0.0,24,JTサンダーズ広島,0,0,22,21,36,,,79.0,90,40,7,44.4,13.33,21,8,2,38.1,9,3.00,81,6,15,22,9.6,67,24.0,14.0,46.3,2.0,24,187,2023-01-15,奈良県,ジェイテクトアリーナ奈良,1883.0,13:05,15:00,1:55,髙橋憲太郎,岡田崇,中山健,浦辻昌康,3
JTサンダーズ広島,0,0,22,21,36,,,79.0,90.0,40.0,7.0,44.4,13.33,21.0,8.0,2.0,38.1,9.0,3.0,81.0,6.0,15.0,22.0,9.6,67.0,24.0,14.0,46.3,2.0,24,ジェイテクトSTINGS,3,3,25,25,38,,,88.0,97,55,6,56.7,18.33,23,12,3,52.2,7,2.33,86,2,18,28,5.2,63,30.0,8.0,54.0,0.0,24,187,2023-01-15,奈良県,ジェイテクトアリーナ奈良,1883.0,13:05,15:00,1:55,髙橋憲太郎,岡田崇,中山健,浦辻昌康,3
大分三好ヴァイセアドラー,3,3,25,22,25,25,,97.0,103.0,61.0,6.0,59.2,15.25,23.0,15.0,2.0,65.2,9.0,2.25,96.0,5.0,24.0,26.0,5.7,73.0,29.0,15.0,50.0,1.0,22,VC長野トライデンツ,1,0,21,25,18,20,,84.0,96,48,9,50.0,12.00,15,10,1,66.7,4,1.00,85,1,12,28,5.9,71,33.0,8.0,52.1,1.0,31,183,2023-01-14,大分県,サイクルショップコダマ大洲アリーナ,885.0,14:00,15:56,1:56,勝又正,冨田博一,中口岳,平川祐介,4
VC長野トライデンツ,1,0,21,25,18,20,,84.0,96.0,48.0,9.0,50.0,12.0,15.0,10.0,1.0,66.7,4.0,1.0,85.0,1.0,12.0,28.0,5.9,71.0,33.0,8.0,52.1,1.0,31,大分三好ヴァイセアドラー,3,3,25,22,25,25,,97.0,103,61,6,59.2,15.25,23,15,2,65.2,9,2.25,96,5,24,26,5.7,73,29.0,15.0,50.0,1.0,22,183,2023-01-14,大分県,サイクルショップコダマ大洲アリーナ,885.0,14:00,15:56,1:56,勝又正,冨田博一,中口岳,平川祐介,4
大分三好ヴァイセアドラー,3,3,30,27,25,25,,107.0,124.0,66.0,7.0,53.2,16.5,24.0,11.0,4.0,45.8,13.0,3.25,106.0,6.0,20.0,23.0,6.4,85.0,34.0,21.0,52.4,2.0,22,VC長野トライデンツ,1,0,28,29,22,19,,98.0,120,58,7,48.3,14.50,18,10,1,55.6,9,2.25,99,2,13,29,6.1,82,42.0,15.0,60.4,2.0,29,188,2023-01-15,大分県,サイクルショップコダマ大洲アリーナ,940.0,13:00,15:11,2:11,勝又正,林淳一,冨田博一,平川祐介,4
VC長野トライデンツ,1,0,28,29,22,19,,98.0,120.0,58.0,7.0,48.3,14.5,18.0,10.0,1.0,55.6,9.0,2.25,99.0,2.0,13.0,29.0,6.1,82.0,42.0,15.0,60.4,2.0,29,大分三好ヴァイセアドラー,3,3,30,27,25,25,,107.0,124,66,7,53.2,16.50,24,11,4,45.8,13,3.25,106,6,20,23,6.4,85,34.0,21.0,52.4,2.0,22,188,2023-01-15,大分県,サイクルショップコダマ大洲アリーナ,940.0,13:00,15:11,2:11,勝又正,林淳一,冨田博一,平川祐介,4
ウルフドッグス名古屋,3,3,27,21,25,25,,98.0,115.0,55.0,7.0,47.8,13.75,30.0,16.0,4.0,53.3,11.0,2.75,97.0,1.0,17.0,33.0,5.2,70.0,38.0,11.0,62.1,2.0,31,東京グレートベアーズ,1,0,25,25,17,19,,86.0,115,52,11,45.2,13.00,18,10,1,55.6,5,1.25,87,3,15,20,4.9,80,27.0,19.0,45.6,5.0,26,189,2023-01-21,愛知県,豊田合成記念体育館,1405.0,13:00,15:07,2:07,田野昭彦,沢田元,林淳一,芳川夕希奈,4
東京グレートベアーズ,1,0,25,25,17,19,,86.0,115.0,52.0,11.0,45.2,13.0,18.0,10.0,1.0,55.6,5.0,1.25,87.0,3.0,15.0,20.0,4.9,80.0,27.0,19.0,45.6,5.0,26,ウルフドッグス名古屋,3,3,27,21,25,25,,98.0,115,55,7,47.8,13.75,30,16,4,53.3,11,2.75,97,1,17,33,5.2,70,38.0,11.0,62.1,2.0,31,189,2023-01-21,愛知県,豊田合成記念体育館,1405.0,13:00,15:07,2:07,田野昭彦,沢田元,林淳一,芳川夕希奈,4
ウルフドッグス名古屋,3,3,25,25,25,,,75.0,87.0,43.0,8.0,49.4,14.33,23.0,8.0,5.0,34.8,13.0,4.33,73.0,3.0,4.0,12.0,6.8,55.0,21.0,20.0,56.4,2.0,16,東京グレートベアーズ,0,0,20,18,23,,,61.0,82,43,6,52.4,14.33,24,10,2,41.7,3,1.00,63,1,7,14,4.4,68,19.0,35.0,53.7,3.0,14,194,2023-01-22,愛知県,豊田合成記念体育館,1461.0,13:00,14:41,1:41,田野昭彦,林淳一,沢田元,田中栄二,3
東京グレートベアーズ,0,0,20,18,23,,,61.0,82.0,43.0,6.0,52.4,14.33,24.0,10.0,2.0,41.7,3.0,1.0,63.0,1.0,7.0,14.0,4.4,68.0,19.0,35.0,53.7,3.0,14,ウルフドッグス名古屋,3,3,25,25,25,,,75.0,87,43,8,49.4,14.33,23,8,5,34.8,13,4.33,73,3,4,12,6.8,55,21.0,20.0,56.4,2.0,16,194,2023-01-22,愛知県,豊田合成記念体育館,1461.0,13:00,14:41,1:41,田野昭彦,林淳一,沢田元,田中栄二,3
サントリーサンバーズ,3,3,25,22,25,25,,97.0,105.0,62.0,1.0,59.0,15.5,21.0,12.0,0.0,57.1,12.0,3.0,96.0,5.0,16.0,32.0,9.4,67.0,31.0,20.0,61.2,4.0,18,VC長野トライデンツ,1,0,15,25,21,18,,79.0,89,46,4,51.7,11.50,20,9,3,45.0,9,2.25,80,3,10,16,5.6,80,20.0,23.0,39.4,4.0,21,190,2023-01-21,大阪府,おおきにアリーナ舞洲,1711.0,15:00,17:00,2:00,芦田光巨,中山健,上村英紀,中野絵里子,4
VC長野トライデンツ,1,0,15,25,21,18,,79.0,89.0,46.0,4.0,51.7,11.5,20.0,9.0,3.0,45.0,9.0,2.25,80.0,3.0,10.0,16.0,5.6,80.0,20.0,23.0,39.4,4.0,21,サントリーサンバーズ,3,3,25,22,25,25,,97.0,105,62,1,59.0,15.50,21,12,0,57.1,12,3.00,96,5,16,32,9.4,67,31.0,20.0,61.2,4.0,18,190,2023-01-21,大阪府,おおきにアリーナ舞洲,1711.0,15:00,17:00,2:00,芦田光巨,中山健,上村英紀,中野絵里子,4
サントリーサンバーズ,3,3,25,25,25,,,75.0,82.0,48.0,4.0,58.5,16.0,15.0,10.0,1.0,66.7,5.0,1.67,74.0,1.0,8.0,17.0,4.4,55.0,18.0,21.0,51.8,4.0,21,VC長野トライデンツ,0,0,22,19,21,,,62.0,93,40,11,43.0,13.33,18,9,2,50.0,5,1.67,63,1,8,15,4.4,66,24.0,24.0,54.5,2.0,16,195,2023-01-22,大阪府,おおきにアリーナ舞洲,941.0,15:00,16:38,1:38,芦田光巨,國頭亮太,中山健,和佐田信行,3
VC長野トライデンツ,0,0,22,19,21,,,62.0,93.0,40.0,11.0,43.0,13.33,18.0,9.0,2.0,50.0,5.0,1.67,63.0,1.0,8.0,15.0,4.4,66.0,24.0,24.0,54.5,2.0,16,サントリーサンバーズ,3,3,25,25,25,,,75.0,82,48,4,58.5,16.00,15,10,1,66.7,5,1.67,74,1,8,17,4.4,55,18.0,21.0,51.8,4.0,21,195,2023-01-22,大阪府,おおきにアリーナ舞洲,941.0,15:00,16:38,1:38,芦田光巨,國頭亮太,中山健,和佐田信行,3
パナソニックパンサーズ,3,3,23,25,25,25,,98.0,105.0,62.0,6.0,59.0,15.5,16.0,11.0,2.0,68.8,9.0,2.25,97.0,5.0,11.0,16.0,6.4,66.0,30.0,16.0,57.6,3.0,22,東レアローズ,1,0,25,19,15,21,,80.0,107,46,3,43.0,11.50,18,10,0,55.6,10,2.50,81,4,15,16,5.2,83,39.0,26.0,62.7,4.0,20,191,2023-01-21,大阪府,パナソニックアリーナ,2637.0,14:05,15:56,1:51,田野敏彦,森口豊,村中伸,髙畑遥,4
東レアローズ,1,0,25,19,15,21,,80.0,107.0,46.0,3.0,43.0,11.5,18.0,10.0,0.0,55.6,10.0,2.5,81.0,4.0,15.0,16.0,5.2,83.0,39.0,26.0,62.7,4.0,20,パナソニックパンサーズ,3,3,23,25,25,25,,98.0,105,62,6,59.0,15.50,16,11,2,68.8,9,2.25,97,5,11,16,6.4,66,30.0,16.0,57.6,3.0,22,191,2023-01-21,大阪府,パナソニックアリーナ,2637.0,14:05,15:56,1:51,田野敏彦,森口豊,村中伸,髙畑遥,4
パナソニックパンサーズ,2,1,23,25,25,19,13,105.0,130.0,58.0,12.0,44.6,11.6,20.0,13.0,2.0,65.0,12.0,2.4,106.0,3.0,14.0,25.0,5.4,82.0,35.0,24.0,57.3,4.0,32,東レアローズ,3,2,25,19,19,25,15,103.0,127,64,8,50.4,12.80,37,20,1,54.1,8,1.60,102,1,20,22,1.5,91,42.0,22.0,58.2,4.0,30,196,2023-01-22,大阪府,パナソニックアリーナ,2216.0,14:05,16:16,2:11,田野敏彦,村中伸,中口岳,今井傳悦,5
東レアローズ,3,2,25,19,19,25,15,103.0,127.0,64.0,8.0,50.4,12.8,37.0,20.0,1.0,54.1,8.0,1.6,102.0,1.0,20.0,22.0,1.5,91.0,42.0,22.0,58.2,4.0,30,パナソニックパンサーズ,2,1,23,25,25,19,13,105.0,130,58,12,44.6,11.60,20,13,2,65.0,12,2.40,106,3,14,25,5.4,82,35.0,24.0,57.3,4.0,32,196,2023-01-22,大阪府,パナソニックアリーナ,2216.0,14:05,16:16,2:11,田野敏彦,村中伸,中口岳,今井傳悦,5
堺ブレイザーズ,0,0,18,20,23,,,61.0,72.0,34.0,2.0,47.2,11.33,11.0,5.0,0.0,45.5,8.0,2.67,62.0,2.0,12.0,14.0,4.0,64.0,27.0,9.0,49.2,2.0,17,ジェイテクトSTINGS,3,3,25,25,25,,,75.0,78,46,5,59.0,15.33,24,16,2,66.7,3,1.00,74,10,9,19,16.9,50,25.0,9.0,59.0,3.0,16,192,2023-01-21,和歌山県,和歌山県立体育館,1055.0,13:00,14:30,1:30,塚本健,服部篤史,本間明,撫養将志,3
ジェイテクトSTINGS,3,3,25,25,25,,,75.0,78.0,46.0,5.0,59.0,15.33,24.0,16.0,2.0,66.7,3.0,1.0,74.0,10.0,9.0,19.0,16.9,50.0,25.0,9.0,59.0,3.0,16,堺ブレイザーズ,0,0,18,20,23,,,61.0,72,34,2,47.2,11.33,11,5,0,45.5,8,2.67,62,2,12,14,4.0,64,27.0,9.0,49.2,2.0,17,192,2023-01-21,和歌山県,和歌山県立体育館,1055.0,13:00,14:30,1:30,塚本健,服部篤史,本間明,撫養将志,3
堺ブレイザーズ,3,3,25,25,25,,,75.0,70.0,41.0,1.0,58.6,13.67,10.0,7.0,0.0,70.0,5.0,1.67,74.0,5.0,8.0,27.0,13.2,50.0,13.0,10.0,36.0,2.0,24,ジェイテクトSTINGS,0,0,21,23,20,,,64.0,90,44,8,48.9,14.67,24,12,3,50.0,4,1.33,65,5,14,23,11.2,64,20.0,14.0,42.2,2.0,11,197,2023-01-22,和歌山県,和歌山県立体育館,1094.0,13:00,14:35,1:35,塚本健,西中野健,服部篤史,中井博文,3
ジェイテクトSTINGS,0,0,21,23,20,,,64.0,90.0,44.0,8.0,48.9,14.67,24.0,12.0,3.0,50.0,4.0,1.33,65.0,5.0,14.0,23.0,11.2,64.0,20.0,14.0,42.2,2.0,11,堺ブレイザーズ,3,3,25,25,25,,,75.0,70,41,1,58.6,13.67,10,7,0,70.0,5,1.67,74,5,8,27,13.2,50,13.0,10.0,36.0,2.0,24,197,2023-01-22,和歌山県,和歌山県立体育館,1094.0,13:00,14:35,1:35,塚本健,西中野健,服部篤史,中井博文,3
JTサンダーズ広島,3,3,21,25,25,25,,96.0,96.0,58.0,6.0,60.4,14.5,10.0,5.0,0.0,50.0,7.0,1.75,95.0,3.0,20.0,35.0,7.1,67.0,36.0,10.0,61.2,4.0,28,大分三好ヴァイセアドラー,1,0,25,23,18,21,,87.0,99,51,6,51.5,12.75,20,10,1,50.0,5,1.25,88,1,20,21,1.4,73,24.0,13.0,41.8,2.0,30,193,2023-01-21,広島県,IHIアリーナ呉,800.0,14:00,15:52,1:52,田中昭彦,木内誠二,千代延靖夫,山根凜太朗,4
大分三好ヴァイセアドラー,1,0,25,23,18,21,,87.0,99.0,51.0,6.0,51.5,12.75,20.0,10.0,1.0,50.0,5.0,1.25,88.0,1.0,20.0,21.0,1.4,73.0,24.0,13.0,41.8,2.0,30,JTサンダーズ広島,3,3,21,25,25,25,,96.0,96,58,6,60.4,14.50,10,5,0,50.0,7,1.75,95,3,20,35,7.1,67,36.0,10.0,61.2,4.0,28,193,2023-01-21,広島県,IHIアリーナ呉,800.0,14:00,15:52,1:52,田中昭彦,木内誠二,千代延靖夫,山根凜太朗,4
JTサンダーズ広島,3,3,25,25,25,,,75.0,63.0,39.0,2.0,61.9,13.0,9.0,5.0,0.0,55.6,8.0,2.67,73.0,6.0,15.0,18.0,9.2,41.0,16.0,7.0,47.6,3.0,22,大分三好ヴァイセアドラー,0,0,22,16,18,,,56.0,67,31,6,46.3,10.33,15,6,2,40.0,2,0.67,58,3,15,17,6.0,56,21.0,13.0,49.1,1.0,20,198,2023-01-22,広島県,IHIアリーナ呉,900.0,13:00,14:22,1:22,田中昭彦,千代延靖夫,平田敬基,山根凜太朗,3
大分三好ヴァイセアドラー,0,0,22,16,18,,,56.0,67.0,31.0,6.0,46.3,10.33,15.0,6.0,2.0,40.0,2.0,0.67,58.0,3.0,15.0,17.0,6.0,56.0,21.0,13.0,49.1,1.0,20,JTサンダーズ広島,3,3,25,25,25,,,75.0,63,39,2,61.9,13.00,9,5,0,55.6,8,2.67,73,6,15,18,9.2,41,16.0,7.0,47.6,3.0,22,198,2023-01-22,広島県,IHIアリーナ呉,900.0,13:00,14:22,1:22,田中昭彦,千代延靖夫,平田敬基,山根凜太朗,3
東京グレートベアーズ,0,0,23,23,26,,,72.0,80.0,44.0,6.0,55.0,14.67,13.0,4.0,2.0,30.8,2.0,0.67,74.0,2.0,11.0,19.0,5.4,56.0,23.0,17.0,56.2,2.0,24,サントリーサンバーズ,3,3,25,25,28,,,78.0,75,46,5,61.3,15.33,18,12,1,66.7,11,3.67,76,2,19,15,1.3,62,23.0,19.0,52.4,0.0,19,199,2023-01-28,東京都,有明コロシアム,1458.0,14:00,15:43,1:43,印藤智一,服部篤史,正岡卓,橋本正太郎,3
サントリーサンバーズ,3,3,25,25,28,,,78.0,75.0,46.0,5.0,61.3,15.33,18.0,12.0,1.0,66.7,11.0,3.67,76.0,2.0,19.0,15.0,1.3,62.0,23.0,19.0,52.4,0.0,19,東京グレートベアーズ,0,0,23,23,26,,,72.0,80,44,6,55.0,14.67,13,4,2,30.8,2,0.67,74,2,11,19,5.4,56,23.0,17.0,56.2,2.0,24,199,2023-01-28,東京都,有明コロシアム,1458.0,14:00,15:43,1:43,印藤智一,服部篤史,正岡卓,橋本正太郎,3
東京グレートベアーズ,0,0,21,16,17,,,54.0,80.0,30.0,6.0,37.5,10.0,13.0,7.0,4.0,53.8,2.0,0.67,55.0,2.0,14.0,6.0,0.0,58.0,26.0,16.0,58.6,1.0,20,サントリーサンバーズ,3,3,25,25,25,,,75.0,69,42,2,60.9,14.00,16,12,1,75.0,9,3.00,74,3,15,14,3.7,40,19.0,14.0,65.0,3.0,21,204,2023-01-29,東京都,有明コロシアム,1609.0,14:00,15:34,1:34,印藤智一,正岡卓,村中  伸,戸田幸喜,3
サントリーサンバーズ,3,3,25,25,25,,,75.0,69.0,42.0,2.0,60.9,14.0,16.0,12.0,1.0,75.0,9.0,3.0,74.0,3.0,15.0,14.0,3.7,40.0,19.0,14.0,65.0,3.0,21,東京グレートベアーズ,0,0,21,16,17,,,54.0,80,30,6,37.5,10.00,13,7,4,53.8,2,0.67,55,2,14,6,0.0,58,26.0,16.0,58.6,1.0,20,204,2023-01-29,東京都,有明コロシアム,1609.0,14:00,15:34,1:34,印藤智一,正岡卓,村中  伸,戸田幸喜,3
VC長野トライデンツ,0,0,21,31,22,,,74.0,93.0,48.0,11.0,51.6,16.0,16.0,9.0,0.0,56.2,5.0,1.67,76.0,1.0,11.0,21.0,4.6,66.0,31.0,17.0,59.8,2.0,20,ウルフドッグス名古屋,3,3,25,33,25,,,83.0,87,47,7,54.0,15.67,23,10,2,43.5,10,3.33,81,2,13,18,4.0,65,29.0,14.0,55.4,0.0,24,200,2023-01-28,長野県,松本市総合体育館,790.0,14:00,15:50,1:50,利根川忠史,澤達大,菅原潤,片平知之,3
ウルフドッグス名古屋,3,3,25,33,25,,,83.0,87.0,47.0,7.0,54.0,15.67,23.0,10.0,2.0,43.5,10.0,3.33,81.0,2.0,13.0,18.0,4.0,65.0,29.0,14.0,55.4,0.0,24,VC長野トライデンツ,0,0,21,31,22,,,74.0,93,48,11,51.6,16.00,16,9,0,56.2,5,1.67,76,1,11,21,4.6,66,31.0,17.0,59.8,2.0,20,200,2023-01-28,長野県,松本市総合体育館,790.0,14:00,15:50,1:50,利根川忠史,澤達大,菅原潤,片平知之,3
VC長野トライデンツ,2,1,23,14,25,26,10,98.0,129.0,61.0,8.0,47.3,12.2,21.0,10.0,1.0,47.6,9.0,1.8,99.0,1.0,16.0,30.0,4.5,96.0,49.0,10.0,56.2,5.0,27,ウルフドッグス名古屋,3,2,25,25,22,24,15,111.0,120,63,9,52.5,12.60,28,17,3,60.7,15,3.00,110,4,12,35,8.9,83,35.0,18.0,53.0,6.0,29,205,2023-01-29,長野県,松本市総合体育館,890.0,13:00,15:28,2:28,利根川忠史,慈眼雅啓,澤達大,嶋田和明,5
ウルフドッグス名古屋,3,2,25,25,22,24,15,111.0,120.0,63.0,9.0,52.5,12.6,28.0,17.0,3.0,60.7,15.0,3.0,110.0,4.0,12.0,35.0,8.9,83.0,35.0,18.0,53.0,6.0,29,VC長野トライデンツ,2,1,23,14,25,26,10,98.0,129,61,8,47.3,12.20,21,10,1,47.6,9,1.80,99,1,16,30,4.5,96,49.0,10.0,56.2,5.0,27,205,2023-01-29,長野県,松本市総合体育館,890.0,13:00,15:28,2:28,利根川忠史,慈眼雅啓,澤達大,嶋田和明,5
ジェイテクトSTINGS,0,0,23,18,21,,,62.0,91.0,31.0,11.0,34.1,10.33,30.0,13.0,5.0,43.3,7.0,2.33,64.0,1.0,11.0,19.0,4.7,54.0,19.0,15.0,49.1,2.0,23,東レアローズ,3,3,25,25,25,,,75.0,91,34,3,37.4,11.33,23,9,1,39.1,15,5.00,73,2,17,20,3.8,53,16.0,17.0,46.2,3.0,24,201,2023-01-28,愛知県,ウィングアリーナ刈谷,1850.0,16:05,17:42,1:37,廣田修二,西中野健,小松剛,松本冴香,3
東レアローズ,3,3,25,25,25,,,75.0,91.0,34.0,3.0,37.4,11.33,23.0,9.0,1.0,39.1,15.0,5.0,73.0,2.0,17.0,20.0,3.8,53.0,16.0,17.0,46.2,3.0,24,ジェイテクトSTINGS,0,0,23,18,21,,,62.0,91,31,11,34.1,10.33,30,13,5,43.3,7,2.33,64,1,11,19,4.7,54,19.0,15.0,49.1,2.0,23,201,2023-01-28,愛知県,ウィングアリーナ刈谷,1850.0,16:05,17:42,1:37,廣田修二,西中野健,小松剛,松本冴香,3
ジェイテクトSTINGS,3,3,25,22,25,25,,97.0,109.0,56.0,10.0,51.4,14.0,27.0,14.0,6.0,51.9,6.0,1.5,96.0,2.0,14.0,24.0,4.7,62.0,21.0,24.0,53.2,1.0,33,東レアローズ,1,0,21,25,15,20,,81.0,101,45,11,44.6,11.25,23,8,5,34.8,8,2.00,82,3,19,15,2.4,81,30.0,26.0,53.1,3.0,25,206,2023-01-29,愛知県,ウィングアリーナ刈谷,1827.0,16:05,18:08,2:03,廣田修二,戸川 太輔,西中野健,田中栄二,4
東レアローズ,1,0,21,25,15,20,,81.0,101.0,45.0,11.0,44.6,11.25,23.0,8.0,5.0,34.8,8.0,2.0,82.0,3.0,19.0,15.0,2.4,81.0,30.0,26.0,53.1,3.0,25,ジェイテクトSTINGS,3,3,25,22,25,25,,97.0,109,56,10,51.4,14.00,27,14,6,51.9,6,1.50,96,2,14,24,4.7,62,21.0,24.0,53.2,1.0,33,206,2023-01-29,愛知県,ウィングアリーナ刈谷,1827.0,16:05,18:08,2:03,廣田修二,戸川 太輔,西中野健,田中栄二,4
JTサンダーズ広島,2,1,21,18,25,25,12,101.0,138.0,63.0,11.0,45.7,12.6,26.0,14.0,2.0,53.8,10.0,2.0,102.0,7.0,18.0,17.0,6.6,91.0,34.0,36.0,57.1,2.0,21,堺ブレイザーズ,3,2,25,25,22,18,15,105.0,125,60,6,48.0,12.00,8,4,0,50.0,11,2.20,104,3,12,19,4.6,83,36.0,24.0,57.8,3.0,31,202,2023-01-28,山口県,俵田翁記念体育館,960.0,14:00,16:11,2:11,塚本健,國頭亮太,弘中秀治,藤井達行,5
堺ブレイザーズ,3,2,25,25,22,18,15,105.0,125.0,60.0,6.0,48.0,12.0,8.0,4.0,0.0,50.0,11.0,2.2,104.0,3.0,12.0,19.0,4.6,83.0,36.0,24.0,57.8,3.0,31,JTサンダーズ広島,2,1,21,18,25,25,12,101.0,138,63,11,45.7,12.60,26,14,2,53.8,10,2.00,102,7,18,17,6.6,91,34.0,36.0,57.1,2.0,21,202,2023-01-28,山口県,俵田翁記念体育館,960.0,14:00,16:11,2:11,塚本健,國頭亮太,弘中秀治,藤井達行,5
JTサンダーズ広島,3,3,25,25,23,25,,98.0,116.0,67.0,7.0,57.8,16.75,20.0,10.0,1.0,50.0,11.0,2.75,97.0,2.0,19.0,22.0,2.8,78.0,36.0,22.0,60.3,6.0,18,堺ブレイザーズ,1,0,18,22,25,21,,86.0,122,48,6,39.3,12.00,16,8,0,50.0,5,1.25,87,1,9,19,4.0,76,30.0,24.0,55.3,3.0,32,207,2023-01-29,山口県,俵田翁記念体育館,1160.0,13:00,15:10,2:10,塚本健,弘中秀治,冨田博一,磯村浩,4
堺ブレイザーズ,1,0,18,22,25,21,,86.0,122.0,48.0,6.0,39.3,12.0,16.0,8.0,0.0,50.0,5.0,1.25,87.0,1.0,9.0,19.0,4.0,76.0,30.0,24.0,55.3,3.0,32,JTサンダーズ広島,3,3,25,25,23,25,,98.0,116,67,7,57.8,16.75,20,10,1,50.0,11,2.75,97,2,19,22,2.8,78,36.0,22.0,60.3,6.0,18,207,2023-01-29,山口県,俵田翁記念体育館,1160.0,13:00,15:10,2:10,塚本健,弘中秀治,冨田博一,磯村浩,4
大分三好ヴァイセアドラー,0,0,19,21,16,,,56.0,90.0,30.0,7.0,33.3,10.0,16.0,6.0,1.0,37.5,5.0,1.67,58.0,3.0,7.0,15.0,8.6,63.0,24.0,17.0,51.6,0.0,18,パナソニックパンサーズ,3,3,25,25,25,,,75.0,92,51,8,55.4,17.00,18,10,1,55.6,6,2.00,73,4,10,18,8.2,50,23.0,10.0,56.0,0.0,14,203,2023-01-28,宮崎県,高千穂町武道館,1050.0,14:00,15:25,1:25,中馬義郎,沢田元,山本晋五,松田さゆり,3
パナソニックパンサーズ,3,3,25,25,25,,,75.0,92.0,51.0,8.0,55.4,17.0,18.0,10.0,1.0,55.6,6.0,2.0,73.0,4.0,10.0,18.0,8.2,50.0,23.0,10.0,56.0,0.0,14,大分三好ヴァイセアドラー,0,0,19,21,16,,,56.0,90,30,7,33.3,10.00,16,6,1,37.5,5,1.67,58,3,7,15,8.6,63,24.0,17.0,51.6,0.0,18,203,2023-01-28,宮崎県,高千穂町武道館,1050.0,14:00,15:25,1:25,中馬義郎,沢田元,山本晋五,松田さゆり,3
大分三好ヴァイセアドラー,0,0,13,15,13,,,41.0,84.0,31.0,10.0,36.9,10.33,25.0,13.0,5.0,52.0,3.0,1.0,42.0,1.0,11.0,6.0,-0.6,67.0,18.0,26.0,46.3,1.0,6,パナソニックパンサーズ,3,3,25,25,25,,,75.0,64,45,0,70.3,15.00,16,10,0,62.5,6,2.00,74,2,6,22,8.1,31,15.0,9.0,62.9,0.0,22,208,2023-01-29,宮崎県,高千穂町武道館,1170.0,13:00,14:15,1:15,中馬義郎,木内誠二,沢田元,甲斐拓郎,3
パナソニックパンサーズ,3,3,25,25,25,,,75.0,64.0,45.0,0.0,70.3,15.0,16.0,10.0,0.0,62.5,6.0,2.0,74.0,2.0,6.0,22.0,8.1,31.0,15.0,9.0,62.9,0.0,22,大分三好ヴァイセアドラー,0,0,13,15,13,,,41.0,84,31,10,36.9,10.33,25,13,5,52.0,3,1.00,42,1,11,6,-0.6,67,18.0,26.0,46.3,1.0,6,208,2023-01-29,宮崎県,高千穂町武道館,1170.0,13:00,14:15,1:15,中馬義郎,木内誠二,沢田元,甲斐拓郎,3
東京グレートベアーズ,0,0,22,22,20,,,64.0,98.0,41.0,2.0,41.8,13.67,19.0,5.0,2.0,26.3,3.0,1.0,66.0,2.0,14.0,16.0,3.8,64.0,20.0,27.0,52.3,0.0,18,パナソニックパンサーズ,3,3,25,25,25,,,75.0,95,50,9,52.6,16.67,18,6,4,33.3,7,2.33,73,2,8,16,5.5,51,26.0,8.0,58.8,1.0,16,209,2023-02-03,東京都,墨田区総合体育館,1645.0,19:30,21:07,1:37,大江憲一,慈眼雅啓,澤達大,橋本正太郎,3
パナソニックパンサーズ,3,3,25,25,25,,,75.0,95.0,50.0,9.0,52.6,16.67,18.0,6.0,4.0,33.3,7.0,2.33,73.0,2.0,8.0,16.0,5.5,51.0,26.0,8.0,58.8,1.0,16,東京グレートベアーズ,0,0,22,22,20,,,64.0,98,41,2,41.8,13.67,19,5,2,26.3,3,1.00,66,2,14,16,3.8,64,20.0,27.0,52.3,0.0,18,209,2023-02-03,東京都,墨田区総合体育館,1645.0,19:30,21:07,1:37,大江憲一,慈眼雅啓,澤達大,橋本正太郎,3
東京グレートベアーズ,0,0,21,22,18,,,61.0,90.0,43.0,6.0,47.8,14.33,17.0,10.0,0.0,58.8,6.0,2.0,63.0,1.0,9.0,17.0,4.8,68.0,18.0,19.0,40.4,2.0,11,パナソニックパンサーズ,3,3,25,25,25,,,75.0,88,49,7,55.7,16.33,14,8,1,57.1,7,2.33,73,2,4,30,11.6,54,23.0,13.0,54.6,0.0,17,210,2023-02-04,東京都,墨田区総合体育館,1830.0,16:00,17:32,1:32,大江憲一,服部篤史,慈眼雅啓,塚本健二,3
パナソニックパンサーズ,3,3,25,25,25,,,75.0,88.0,49.0,7.0,55.7,16.33,14.0,8.0,1.0,57.1,7.0,2.33,73.0,2.0,4.0,30.0,11.6,54.0,23.0,13.0,54.6,0.0,17,東京グレートベアーズ,0,0,21,22,18,,,61.0,90,43,6,47.8,14.33,17,10,0,58.8,6,2.00,63,1,9,17,4.8,68,18.0,19.0,40.4,2.0,11,210,2023-02-04,東京都,墨田区総合体育館,1830.0,16:00,17:32,1:32,大江憲一,服部篤史,慈眼雅啓,塚本健二,3
VC長野トライデンツ,2,1,26,16,17,25,11,95.0,104.0,48.0,5.0,46.2,9.6,25.0,14.0,1.0,56.0,7.0,1.4,96.0,1.0,16.0,24.0,3.1,82.0,34.0,13.0,49.4,2.0,39,JTサンダーズ広島,3,2,24,25,25,21,15,110.0,113,61,7,54.0,12.20,16,5,1,31.2,22,4.40,109,4,26,32,5.0,80,36.0,19.0,56.9,6.0,23,211,2023-02-04,長野県,松本市総合体育館,870.0,14:00,16:19,2:19,田中昭彦,新田浩幸,高橋宏明,樋口裕晃,5
JTサンダーズ広島,3,2,24,25,25,21,15,110.0,113.0,61.0,7.0,54.0,12.2,16.0,5.0,1.0,31.2,22.0,4.4,109.0,4.0,26.0,32.0,5.0,80.0,36.0,19.0,56.9,6.0,23,VC長野トライデンツ,2,1,26,16,17,25,11,95.0,104,48,5,46.2,9.60,25,14,1,56.0,7,1.40,96,1,16,24,3.1,82,34.0,13.0,49.4,2.0,39,211,2023-02-04,長野県,松本市総合体育館,870.0,14:00,16:19,2:19,田中昭彦,新田浩幸,高橋宏明,樋口裕晃,5
VC長野トライデンツ,0,0,22,21,22,,,65.0,82.0,39.0,3.0,47.6,13.0,15.0,6.0,3.0,40.0,2.0,0.67,67.0,3.0,8.0,15.0,7.1,56.0,20.0,14.0,48.2,3.0,21,JTサンダーズ広島,3,3,25,25,25,,,75.0,79,49,3,62.0,16.33,16,12,0,75.0,7,2.33,73,5,16,18,7.5,59,24.0,17.0,55.1,2.0,14,215,2023-02-05,長野県,松本市総合体育館,880.0,13:00,14:34,1:34,田中昭彦,高橋宏明,桑原健輔,片平知之,3
JTサンダーズ広島,3,3,25,25,25,,,75.0,79.0,49.0,3.0,62.0,16.33,16.0,12.0,0.0,75.0,7.0,2.33,73.0,5.0,16.0,18.0,7.5,59.0,24.0,17.0,55.1,2.0,14,VC長野トライデンツ,0,0,22,21,22,,,65.0,82,39,3,47.6,13.00,15,6,3,40.0,2,0.67,67,3,8,15,7.1,56,20.0,14.0,48.2,3.0,21,215,2023-02-05,長野県,松本市総合体育館,880.0,13:00,14:34,1:34,田中昭彦,高橋宏明,桑原健輔,片平知之,3
ジェイテクトSTINGS,3,3,25,25,32,,,82.0,87.0,47.0,7.0,54.0,15.67,14.0,8.0,0.0,57.1,9.0,3.0,80.0,3.0,14.0,27.0,7.8,64.0,26.0,12.0,50.0,2.0,23,ウルフドッグス名古屋,0,0,23,22,30,,,75.0,90,43,7,47.8,14.33,27,10,3,37.0,7,2.33,77,2,13,24,6.2,66,24.0,12.0,45.5,3.0,23,213,2023-02-04,愛知県,岡崎中央総合公園総合体育館,2000.0,13:00,14:50,1:50,廣田修二,浅井唯由,弘中秀治,栗田香,3
ウルフドッグス名古屋,0,0,23,22,30,,,75.0,90.0,43.0,7.0,47.8,14.33,27.0,10.0,3.0,37.0,7.0,2.33,77.0,2.0,13.0,24.0,6.2,66.0,24.0,12.0,45.5,3.0,23,ジェイテクトSTINGS,3,3,25,25,32,,,82.0,87,47,7,54.0,15.67,14,8,0,57.1,9,3.00,80,3,14,27,7.8,64,26.0,12.0,50.0,2.0,23,213,2023-02-04,愛知県,岡崎中央総合公園総合体育館,2000.0,13:00,14:50,1:50,廣田修二,浅井唯由,弘中秀治,栗田香,3
ジェイテクトSTINGS,3,3,28,25,25,,,78.0,90.0,45.0,11.0,50.0,15.0,20.0,8.0,3.0,40.0,6.0,2.0,76.0,7.0,16.0,13.0,8.2,57.0,22.0,19.0,55.3,0.0,20,ウルフドッグス名古屋,0,0,26,22,21,,,69.0,76,34,4,44.7,11.33,23,9,3,39.1,7,2.33,71,1,14,15,1.8,55,18.0,22.0,52.7,2.0,27,217,2023-02-05,愛知県,岡崎中央総合公園総合体育館,2100.0,13:00,14:41,1:41,廣田修二,城智人,弘中秀治,栗田香,3
ウルフドッグス名古屋,0,0,26,22,21,,,69.0,76.0,34.0,4.0,44.7,11.33,23.0,9.0,3.0,39.1,7.0,2.33,71.0,1.0,14.0,15.0,1.8,55.0,18.0,22.0,52.7,2.0,27,ジェイテクトSTINGS,3,3,28,25,25,,,78.0,90,45,11,50.0,15.00,20,8,3,40.0,6,2.00,76,7,16,13,8.2,57,22.0,19.0,55.3,0.0,20,217,2023-02-05,愛知県,岡崎中央総合公園総合体育館,2100.0,13:00,14:41,1:41,廣田修二,城智人,弘中秀治,栗田香,3
大分三好ヴァイセアドラー,0,0,13,21,19,,,53.0,100.0,43.0,5.0,43.0,14.33,25.0,13.0,3.0,52.0,2.0,0.67,54.0,3.0,9.0,8.0,5.1,70.0,30.0,14.0,52.9,1.0,5,堺ブレイザーズ,3,3,25,25,25,,,75.0,76,43,1,56.6,14.33,16,12,0,75.0,10,3.33,74,7,4,19,14.5,43,29.0,5.0,73.3,0.0,15,214,2023-02-04,大分県,レゾナック武道スポーツセンター,625.0,14:00,15:25,1:25,高橋憲太郎,林淳一,平田敬基,平川祐介,3
堺ブレイザーズ,3,3,25,25,25,,,75.0,76.0,43.0,1.0,56.6,14.33,16.0,12.0,0.0,75.0,10.0,3.33,74.0,7.0,4.0,19.0,14.5,43.0,29.0,5.0,73.3,0.0,15,大分三好ヴァイセアドラー,0,0,13,21,19,,,53.0,100,43,5,43.0,14.33,25,13,3,52.0,2,0.67,54,3,9,8,5.1,70,30.0,14.0,52.9,1.0,5,214,2023-02-04,大分県,レゾナック武道スポーツセンター,625.0,14:00,15:25,1:25,高橋憲太郎,林淳一,平田敬基,平川祐介,3
大分三好ヴァイセアドラー,1,0,15,28,16,20,,79.0,124.0,51.0,8.0,41.1,12.75,34.0,13.0,5.0,38.2,5.0,1.25,80.0,4.0,17.0,20.0,5.9,93.0,58.0,16.0,71.0,4.0,19,堺ブレイザーズ,3,3,25,26,25,25,,101.0,104,50,11,48.1,12.50,15,5,2,33.3,19,4.75,100,3,6,17,5.8,62,29.0,10.0,54.8,2.0,29,218,2023-02-05,大分県,レゾナック武道スポーツセンター,682.0,13:00,15:01,2:01,高橋憲太郎,平田敬基,木内誠二,平川祐介,4
堺ブレイザーズ,3,3,25,26,25,25,,101.0,104.0,50.0,11.0,48.1,12.5,15.0,5.0,2.0,33.3,19.0,4.75,100.0,3.0,6.0,17.0,5.8,62.0,29.0,10.0,54.8,2.0,29,大分三好ヴァイセアドラー,1,0,15,28,16,20,,79.0,124,51,8,41.1,12.75,34,13,5,38.2,5,1.25,80,4,17,20,5.9,93,58.0,16.0,71.0,4.0,19,218,2023-02-05,大分県,レゾナック武道スポーツセンター,682.0,13:00,15:01,2:01,高橋憲太郎,平田敬基,木内誠二,平川祐介,4
東レアローズ,1,0,25,23,20,33,,101.0,126.0,64.0,7.0,50.8,16.0,28.0,15.0,2.0,53.6,9.0,2.25,102.0,3.0,27.0,17.0,0.5,89.0,46.0,20.0,62.9,1.0,25,サントリーサンバーズ,3,3,22,25,25,35,,107.0,115,57,8,49.6,14.25,29,21,3,72.4,9,2.25,106,6,14,20,7.1,75,26.0,29.0,54.0,3.0,35,212,2023-02-04,静岡県,三島市民体育館,980.0,14:05,16:24,2:19,勝又正,西中野健,沢田元,久保池洋介,4
サントリーサンバーズ,3,3,22,25,25,35,,107.0,115.0,57.0,8.0,49.6,14.25,29.0,21.0,3.0,72.4,9.0,2.25,106.0,6.0,14.0,20.0,7.1,75.0,26.0,29.0,54.0,3.0,35,東レアローズ,1,0,25,23,20,33,,101.0,126,64,7,50.8,16.00,28,15,2,53.6,9,2.25,102,3,27,17,0.5,89,46.0,20.0,62.9,1.0,25,212,2023-02-04,静岡県,三島市民体育館,980.0,14:05,16:24,2:19,勝又正,西中野健,沢田元,久保池洋介,4
東レアローズ,3,2,25,15,18,25,15,98.0,109.0,59.0,2.0,54.1,11.8,27.0,15.0,0.0,55.6,8.0,1.6,97.0,5.0,21.0,20.0,4.9,89.0,30.0,31.0,51.1,4.0,26,サントリーサンバーズ,2,1,18,25,25,23,13,104.0,112,63,10,56.2,12.60,38,23,3,60.5,9,1.80,105,5,16,23,6.4,74,32.0,20.0,56.8,0.0,27,216,2023-02-05,静岡県,三島市民体育館,1001.0,14:00,16:12,2:12,勝又正,正岡卓,西中野健,小檜山蓮,5
サントリーサンバーズ,2,1,18,25,25,23,13,104.0,112.0,63.0,10.0,56.2,12.6,38.0,23.0,3.0,60.5,9.0,1.8,105.0,5.0,16.0,23.0,6.4,74.0,32.0,20.0,56.8,0.0,27,東レアローズ,3,2,25,15,18,25,15,98.0,109,59,2,54.1,11.80,27,15,0,55.6,8,1.60,97,5,21,20,4.9,89,30.0,31.0,51.1,4.0,26,216,2023-02-05,静岡県,三島市民体育館,1001.0,14:00,16:12,2:12,勝又正,正岡卓,西中野健,小檜山蓮,5
サントリーサンバーズ,3,3,25,27,25,,,77.0,79.0,51.0,5.0,64.6,17.0,22.0,14.0,4.0,63.6,6.0,2.0,76.0,0.0,14.0,27.0,4.3,48.0,14.0,11.0,40.6,1.0,20,JTサンダーズ広島,0,0,23,25,14,,,62.0,77,34,5,44.2,11.33,18,7,2,38.9,5,1.67,63,3,13,22,8.3,62,18.0,17.0,42.7,2.0,20,221,2023-02-17,大阪府,住吉スポーツセンター,1145.0,19:00,20:33,1:33,田野 昭彦,山本 晋五,岡田 崇,和佐田 信行,3
JTサンダーズ広島,0,0,23,25,14,,,62.0,77.0,34.0,5.0,44.2,11.33,18.0,7.0,2.0,38.9,5.0,1.67,63.0,3.0,13.0,22.0,8.3,62.0,18.0,17.0,42.7,2.0,20,サントリーサンバーズ,3,3,25,27,25,,,77.0,79,51,5,64.6,17.00,22,14,4,63.6,6,2.00,76,0,14,27,4.3,48,14.0,11.0,40.6,1.0,20,221,2023-02-17,大阪府,住吉スポーツセンター,1145.0,19:00,20:33,1:33,田野 昭彦,山本 晋五,岡田 崇,和佐田 信行,3
サントリーサンバーズ,3,3,28,25,25,,,78.0,85.0,46.0,10.0,54.1,15.33,27.0,14.0,6.0,51.9,6.0,2.0,77.0,4.0,13.0,23.0,8.4,55.0,19.0,12.0,45.5,2.0,22,JTサンダーズ広島,0,0,26,23,20,,,69.0,74,35,6,47.3,11.67,15,10,1,66.7,6,2.00,70,3,13,23,7.9,61,20.0,17.0,46.7,3.0,25,224,2023-02-18,大阪府,住吉スポーツセンター,1288.0,15:00,16:38,1:38,田野 昭彦,高橋 宏明,山本 晋五,和佐田 信行,3
JTサンダーズ広島,0,0,26,23,20,,,69.0,74.0,35.0,6.0,47.3,11.67,15.0,10.0,1.0,66.7,6.0,2.0,70.0,3.0,13.0,23.0,7.9,61.0,20.0,17.0,46.7,3.0,25,サントリーサンバーズ,3,3,28,25,25,,,78.0,85,46,10,54.1,15.33,27,14,6,51.9,6,2.00,77,4,13,23,8.4,55,19.0,12.0,45.5,2.0,22,224,2023-02-18,大阪府,住吉スポーツセンター,1288.0,15:00,16:38,1:38,田野 昭彦,高橋 宏明,山本 晋五,和佐田 信行,3
東レアローズ,3,2,18,20,27,25,15,105.0,125.0,62.0,7.0,49.6,12.4,21.0,12.0,2.0,57.1,11.0,2.2,104.0,4.0,17.0,25.0,5.8,82.0,46.0,21.0,68.9,4.0,28,東京グレートベアーズ,2,1,25,25,25,13,11,99.0,130,55,11,42.3,11.00,29,15,4,51.7,13,2.60,100,3,17,13,2.0,84,36.0,22.0,56.0,0.0,28,222,2023-02-18,静岡県,このはなアリーナ,1000.0,14:00,16:06,2:06,富田満,浅井唯由,上村英紀,新妻明子,5
東京グレートベアーズ,2,1,25,25,25,13,11,99.0,130.0,55.0,11.0,42.3,11.0,29.0,15.0,4.0,51.7,13.0,2.6,100.0,3.0,17.0,13.0,2.0,84.0,36.0,22.0,56.0,0.0,28,東レアローズ,3,2,18,20,27,25,15,105.0,125,62,7,49.6,12.40,21,12,2,57.1,11,2.20,104,4,17,25,5.8,82,46.0,21.0,68.9,4.0,28,222,2023-02-18,静岡県,このはなアリーナ,1000.0,14:00,16:06,2:06,富田満,浅井唯由,上村英紀,新妻明子,5
東レアローズ,3,2,25,25,21,22,15,108.0,107.0,67.0,9.0,62.6,13.4,22.0,10.0,3.0,45.5,8.0,1.6,107.0,9.0,21.0,23.0,8.9,82.0,44.0,14.0,62.2,5.0,24,東京グレートベアーズ,2,1,20,17,25,25,13,100.0,107,52,4,48.6,10.40,26,15,0,57.7,9,1.80,101,4,19,20,4.2,83,44.0,10.0,59.0,1.0,35,227,2023-02-19,静岡県,このはなアリーナ,1100.0,14:00,16:13,2:13,富田満,服部篤史,浅井唯由,丸山洋幸,5
東京グレートベアーズ,2,1,20,17,25,25,13,100.0,107.0,52.0,4.0,48.6,10.4,26.0,15.0,0.0,57.7,9.0,1.8,101.0,4.0,19.0,20.0,4.2,83.0,44.0,10.0,59.0,1.0,35,東レアローズ,3,2,25,25,21,22,15,108.0,107,67,9,62.6,13.40,22,10,3,45.5,8,1.60,107,9,21,23,8.9,82,44.0,14.0,62.2,5.0,24,227,2023-02-19,静岡県,このはなアリーナ,1100.0,14:00,16:13,2:13,富田満,服部篤史,浅井唯由,丸山洋幸,5
ウルフドッグス名古屋,3,3,25,25,25,,,75.0,70.0,45.0,6.0,64.3,15.0,15.0,13.0,2.0,86.7,7.0,2.33,74.0,3.0,7.0,18.0,7.8,46.0,17.0,12.0,50.0,4.0,20,大分三好ヴァイセアドラー,0,0,22,19,15,,,56.0,78,30,8,38.5,10.00,20,9,3,45.0,4,1.33,57,5,10,13,10.1,66,17.0,29.0,47.7,2.0,17,223,2023-02-18,愛知県,豊田合成記念体育館,1374.0,13:00,14:35,1:35,芦田光巨,戸川太輔,本間明,楳坂直美,3
大分三好ヴァイセアドラー,0,0,22,19,15,,,56.0,78.0,30.0,8.0,38.5,10.0,20.0,9.0,3.0,45.0,4.0,1.33,57.0,5.0,10.0,13.0,10.1,66.0,17.0,29.0,47.7,2.0,17,ウルフドッグス名古屋,3,3,25,25,25,,,75.0,70,45,6,64.3,15.00,15,13,2,86.7,7,2.33,74,3,7,18,7.8,46,17.0,12.0,50.0,4.0,20,223,2023-02-18,愛知県,豊田合成記念体育館,1374.0,13:00,14:35,1:35,芦田光巨,戸川太輔,本間明,楳坂直美,3
ウルフドッグス名古屋,3,3,25,25,25,,,75.0,60.0,36.0,0.0,60.0,12.0,15.0,7.0,0.0,46.7,11.0,3.67,74.0,5.0,5.0,27.0,14.2,35.0,19.0,5.0,61.4,1.0,22,大分三好ヴァイセアドラー,0,0,15,12,18,,,45.0,74,34,7,45.9,11.33,18,8,5,44.4,3,1.00,46,3,11,8,4.9,67,21.0,16.0,43.3,4.0,6,228,2023-02-19,愛知県,豊田合成記念体育館,1525.0,13:00,14:27,1:27,芦田光巨,本間 明,中山 健,芳川夕希奈,3
大分三好ヴァイセアドラー,0,0,15,12,18,,,45.0,74.0,34.0,7.0,45.9,11.33,18.0,8.0,5.0,44.4,3.0,1.0,46.0,3.0,11.0,8.0,4.9,67.0,21.0,16.0,43.3,4.0,6,ウルフドッグス名古屋,3,3,25,25,25,,,75.0,60,36,0,60.0,12.00,15,7,0,46.7,11,3.67,74,5,5,27,14.2,35,19.0,5.0,61.4,1.0,22,228,2023-02-19,愛知県,豊田合成記念体育館,1525.0,13:00,14:27,1:27,芦田光巨,本間 明,中山 健,芳川夕希奈,3
堺ブレイザーズ,3,3,25,27,25,25,,102.0,122.0,66.0,4.0,54.1,16.5,23.0,18.0,0.0,78.3,11.0,2.75,101.0,8.0,13.0,23.0,10.4,76.0,36.0,22.0,61.8,2.0,17,VC長野トライデンツ,1,0,15,29,21,20,,85.0,123,58,7,47.2,14.50,24,12,3,50.0,7,1.75,86,1,9,18,3.8,86,36.0,21.0,54.1,1.0,19,225,2023-02-18,大阪府,日本製鉄堺体育館,427.0,13:00,14:58,1:58,高橋憲太郎,城智人,林淳一,中野絵里子,4
VC長野トライデンツ,1,0,15,29,21,20,,85.0,123.0,58.0,7.0,47.2,14.5,24.0,12.0,3.0,50.0,7.0,1.75,86.0,1.0,9.0,18.0,3.8,86.0,36.0,21.0,54.1,1.0,19,堺ブレイザーズ,3,3,25,27,25,25,,102.0,122,66,4,54.1,16.50,23,18,0,78.3,11,2.75,101,8,13,23,10.4,76,36.0,22.0,61.8,2.0,17,225,2023-02-18,大阪府,日本製鉄堺体育館,427.0,13:00,14:58,1:58,高橋憲太郎,城智人,林淳一,中野絵里子,4
堺ブレイザーズ,3,3,24,25,25,25,,99.0,120.0,61.0,9.0,50.8,15.25,21.0,15.0,2.0,71.4,16.0,4.0,98.0,6.0,12.0,14.0,6.6,74.0,37.0,20.0,63.5,1.0,16,VC長野トライデンツ,1,0,26,19,19,18,,82.0,119,49,7,41.2,12.25,35,12,4,34.3,5,1.25,83,6,7,13,9.0,84,40.0,26.0,63.1,2.0,22,229,2023-02-19,大阪府,日本製鉄堺体育館,468.0,13:00,14:59,1:59,高橋憲太郎,林淳一,沢田元,中野絵里子,4
VC長野トライデンツ,1,0,26,19,19,18,,82.0,119.0,49.0,7.0,41.2,12.25,35.0,12.0,4.0,34.3,5.0,1.25,83.0,6.0,7.0,13.0,9.0,84.0,40.0,26.0,63.1,2.0,22,堺ブレイザーズ,3,3,24,25,25,25,,99.0,120,61,9,50.8,15.25,21,15,2,71.4,16,4.00,98,6,12,14,6.6,74,37.0,20.0,63.5,1.0,16,229,2023-02-19,大阪府,日本製鉄堺体育館,468.0,13:00,14:59,1:59,高橋憲太郎,林淳一,沢田元,中野絵里子,4
パナソニックパンサーズ,0,0,22,16,19,,,57.0,72.0,34.0,6.0,47.2,11.33,11.0,7.0,0.0,63.6,7.0,2.33,58.0,1.0,14.0,11.0,0.4,61.0,20.0,26.0,54.1,2.0,15,ジェイテクトSTINGS,3,3,25,25,25,,,75.0,78,43,3,55.1,14.33,12,7,1,58.3,8,2.67,74,2,12,14,3.4,44,13.0,19.0,51.1,0.0,22,226,2023-02-18,大阪府,パナソニックアリーナ,2870.0,18:00,19:27,1:27,石井洋壮,木内誠二,栗崎慎太郎,田中清,3
ジェイテクトSTINGS,3,3,25,25,25,,,75.0,78.0,43.0,3.0,55.1,14.33,12.0,7.0,1.0,58.3,8.0,2.67,74.0,2.0,12.0,14.0,3.4,44.0,13.0,19.0,51.1,0.0,22,パナソニックパンサーズ,0,0,22,16,19,,,57.0,72,34,6,47.2,11.33,11,7,0,63.6,7,2.33,58,1,14,11,0.4,61,20.0,26.0,54.1,2.0,15,226,2023-02-18,大阪府,パナソニックアリーナ,2870.0,18:00,19:27,1:27,石井洋壮,木内誠二,栗崎慎太郎,田中清,3
パナソニックパンサーズ,3,2,25,25,26,18,15,109.0,121.0,56.0,10.0,46.3,11.2,16.0,7.0,3.0,43.8,14.0,2.8,109.0,7.0,13.0,39.0,12.4,83.0,37.0,20.0,56.6,2.0,32,ジェイテクトSTINGS,2,1,19,27,24,25,13,108.0,137,71,8,51.8,14.20,40,29,1,72.5,5,1.00,108,7,22,22,6.5,94,29.0,21.0,42.0,2.0,25,230,2023-02-19,大阪府,パナソニックアリーナ,2971.0,15:00,17:40,2:40,石井洋壮,千代延靖夫,栗崎慎太郎,和佐田信行,5
ジェイテクトSTINGS,2,1,19,27,24,25,13,108.0,137.0,71.0,8.0,51.8,14.2,40.0,29.0,1.0,72.5,5.0,1.0,108.0,7.0,22.0,22.0,6.5,94.0,29.0,21.0,42.0,2.0,25,パナソニックパンサーズ,3,2,25,25,26,18,15,109.0,121,56,10,46.3,11.20,16,7,3,43.8,14,2.80,109,7,13,39,12.4,83,37.0,20.0,56.6,2.0,32,230,2023-02-19,大阪府,パナソニックアリーナ,2971.0,15:00,17:40,2:40,石井洋壮,千代延靖夫,栗崎慎太郎,和佐田信行,5
VC長野トライデンツ,2,1,25,25,18,25,9,102.0,137.0,62.0,10.0,45.3,12.4,28.0,10.0,4.0,35.7,8.0,1.6,103.0,3.0,14.0,17.0,3.6,88.0,36.0,37.0,61.9,3.0,29,東レアローズ,3,2,20,27,25,22,15,109.0,126,66,8,52.4,13.20,27,13,1,48.1,12,2.40,108,4,16,17,3.9,89,32.0,37.0,56.7,5.0,27,231,2023-02-25,長野県,松本市総合体育館,990.0,14:00,16:28,2:28,加治健男,澤達大,来川知裕,岩澤秀樹,5
東レアローズ,3,2,20,27,25,22,15,109.0,126.0,66.0,8.0,52.4,13.2,27.0,13.0,1.0,48.1,12.0,2.4,108.0,4.0,16.0,17.0,3.9,89.0,32.0,37.0,56.7,5.0,27,VC長野トライデンツ,2,1,25,25,18,25,9,102.0,137,62,10,45.3,12.40,28,10,4,35.7,8,1.60,103,3,14,17,3.6,88,36.0,37.0,61.9,3.0,29,231,2023-02-25,長野県,松本市総合体育館,990.0,14:00,16:28,2:28,加治健男,澤達大,来川知裕,岩澤秀樹,5
VC長野トライデンツ,3,3,25,25,25,,,75.0,76.0,43.0,3.0,56.6,14.33,20.0,14.0,1.0,70.0,11.0,3.67,74.0,1.0,10.0,9.0,1.0,49.0,20.0,10.0,51.0,1.0,20,東レアローズ,0,0,20,20,21,,,61.0,93,37,4,39.8,12.33,17,8,1,47.1,8,2.67,62,2,11,19,6.5,63,27.0,27.0,64.3,5.0,14,236,2023-02-26,長野県,松本市総合体育館,1130.0,13:00,14:39,1:39,加治健男,戸川太輔,来川知裕,岩澤秀樹,3
東レアローズ,0,0,20,20,21,,,61.0,93.0,37.0,4.0,39.8,12.33,17.0,8.0,1.0,47.1,8.0,2.67,62.0,2.0,11.0,19.0,6.5,63.0,27.0,27.0,64.3,5.0,14,VC長野トライデンツ,3,3,25,25,25,,,75.0,76,43,3,56.6,14.33,20,14,1,70.0,11,3.67,74,1,10,9,1.0,49,20.0,10.0,51.0,1.0,20,236,2023-02-26,長野県,松本市総合体育館,1130.0,13:00,14:39,1:39,加治健男,戸川太輔,来川知裕,岩澤秀樹,3
ジェイテクトSTINGS,1,0,25,17,19,15,,76.0,111.0,44.0,8.0,39.6,11.0,20.0,4.0,1.0,20.0,4.0,1.0,77.0,6.0,17.0,15.0,7.1,79.0,28.0,16.0,45.6,0.0,22,サントリーサンバーズ,3,3,19,25,25,25,,94.0,86,49,4,57.0,12.25,24,13,1,54.2,14,3.50,93,6,14,29,10.5,59,26.0,13.0,55.1,4.0,25,232,2023-02-25,愛知県,岡崎中央総合公園総合体育館,2650.0,13:05,15:01,1:56,酒出修,原啓之,中口岳,姫野真行,4
サントリーサンバーズ,3,3,19,25,25,25,,94.0,86.0,49.0,4.0,57.0,12.25,24.0,13.0,1.0,54.2,14.0,3.5,93.0,6.0,14.0,29.0,10.5,59.0,26.0,13.0,55.1,4.0,25,ジェイテクトSTINGS,1,0,25,17,19,15,,76.0,111,44,8,39.6,11.00,20,4,1,20.0,4,1.00,77,6,17,15,7.1,79,28.0,16.0,45.6,0.0,22,232,2023-02-25,愛知県,岡崎中央総合公園総合体育館,2650.0,13:05,15:01,1:56,酒出修,原啓之,中口岳,姫野真行,4
ジェイテクトSTINGS,1,0,19,25,21,18,,83.0,115.0,50.0,5.0,43.5,12.5,24.0,11.0,0.0,45.8,4.0,1.0,84.0,6.0,13.0,19.0,8.9,77.0,25.0,22.0,46.8,1.0,23,サントリーサンバーズ,3,3,25,21,25,25,,96.0,99,60,4,60.6,15.00,22,13,2,59.1,10,2.50,95,7,15,26,10.3,69,21.0,25.0,48.6,4.0,19,237,2023-02-26,愛知県,岡崎中央総合公園総合体育館,3069.0,13:05,15:14,2:09,酒出修,中山健,原啓之,田中栄二,4
サントリーサンバーズ,3,3,25,21,25,25,,96.0,99.0,60.0,4.0,60.6,15.0,22.0,13.0,2.0,59.1,10.0,2.5,95.0,7.0,15.0,26.0,10.3,69.0,21.0,25.0,48.6,4.0,19,ジェイテクトSTINGS,1,0,19,25,21,18,,83.0,115,50,5,43.5,12.50,24,11,0,45.8,4,1.00,84,6,13,19,8.9,77,25.0,22.0,46.8,1.0,23,237,2023-02-26,愛知県,岡崎中央総合公園総合体育館,3069.0,13:05,15:14,2:09,酒出修,中山健,原啓之,田中栄二,4
堺ブレイザーズ,2,1,27,25,22,17,12,103.0,147.0,71.0,7.0,48.3,14.2,29.0,17.0,0.0,58.6,6.0,1.2,104.0,1.0,16.0,17.0,1.2,98.0,39.0,30.0,55.1,3.0,25,ウルフドッグス名古屋,3,2,25,23,25,25,15,113.0,144,77,10,53.5,15.40,38,13,6,34.2,7,1.40,112,3,13,27,5.8,88,45.0,25.0,65.3,2.0,26,233,2023-02-25,大阪府,大浜だいしんアリーナ,890.0,13:00,15:26,2:26,村上成司,國頭亮太,村中伸,中川正樹,5
ウルフドッグス名古屋,3,2,25,23,25,25,15,113.0,144.0,77.0,10.0,53.5,15.4,38.0,13.0,6.0,34.2,7.0,1.4,112.0,3.0,13.0,27.0,5.8,88.0,45.0,25.0,65.3,2.0,26,堺ブレイザーズ,2,1,27,25,22,17,12,103.0,147,71,7,48.3,14.20,29,17,0,58.6,6,1.20,104,1,16,17,1.2,98,39.0,30.0,55.1,3.0,25,233,2023-02-25,大阪府,大浜だいしんアリーナ,890.0,13:00,15:26,2:26,村上成司,國頭亮太,村中伸,中川正樹,5
堺ブレイザーズ,0,0,18,21,18,,,57.0,79.0,39.0,6.0,49.4,13.0,12.0,5.0,2.0,41.7,3.0,1.0,58.0,2.0,9.0,16.0,6.5,66.0,29.0,13.0,53.8,2.0,13,ウルフドッグス名古屋,3,3,25,25,25,,,75.0,79,49,3,62.0,16.33,20,14,1,70.0,9,3.00,74,0,8,24,5.4,47,17.0,14.0,51.1,2.0,17,238,2023-02-26,大阪府,大浜だいしんアリーナ,938.0,13:00,14:27,1:27,村上成司,村中伸,岡田崇,中川正樹,3
ウルフドッグス名古屋,3,3,25,25,25,,,75.0,79.0,49.0,3.0,62.0,16.33,20.0,14.0,1.0,70.0,9.0,3.0,74.0,0.0,8.0,24.0,5.4,47.0,17.0,14.0,51.1,2.0,17,堺ブレイザーズ,0,0,18,21,18,,,57.0,79,39,6,49.4,13.00,12,5,2,41.7,3,1.00,58,2,9,16,6.5,66,29.0,13.0,53.8,2.0,13,238,2023-02-26,大阪府,大浜だいしんアリーナ,938.0,13:00,14:27,1:27,村上成司,村中伸,岡田崇,中川正樹,3
JTサンダーズ広島,0,0,21,23,17,,,61.0,78.0,38.0,7.0,48.7,12.67,20.0,11.0,1.0,55.0,9.0,3.0,63.0,1.0,17.0,9.0,-1.6,63.0,18.0,19.0,43.7,4.0,13,パナソニックパンサーズ,3,3,25,25,25,,,75.0,77,39,4,50.6,13.00,9,5,1,55.6,4,1.33,73,4,8,24,11.0,45,20.0,16.0,62.2,1.0,28,234,2023-02-25,山口県,岩国市総合体育館,1500.0,14:00,15:29,1:29,田野昭彦,林淳一,弘中秀治,磯村浩,3
パナソニックパンサーズ,3,3,25,25,25,,,75.0,77.0,39.0,4.0,50.6,13.0,9.0,5.0,1.0,55.6,4.0,1.33,73.0,4.0,8.0,24.0,11.0,45.0,20.0,16.0,62.2,1.0,28,JTサンダーズ広島,0,0,21,23,17,,,61.0,78,38,7,48.7,12.67,20,11,1,55.0,9,3.00,63,1,17,9,-1.6,63,18.0,19.0,43.7,4.0,13,234,2023-02-25,山口県,岩国市総合体育館,1500.0,14:00,15:29,1:29,田野昭彦,林淳一,弘中秀治,磯村浩,3
JTサンダーズ広島,1,0,19,26,14,19,,78.0,120.0,54.0,12.0,45.0,13.5,20.0,7.0,4.0,35.0,4.0,1.0,79.0,2.0,14.0,23.0,5.4,84.0,23.0,27.0,43.5,4.0,18,パナソニックパンサーズ,3,3,25,24,25,25,,99.0,104,55,8,52.9,13.75,14,7,0,50.0,7,1.75,98,7,8,33,13.5,63,21.0,19.0,48.4,2.0,30,239,2023-02-26,山口県,岩国市総合体育館,1550.0,13:00,14:54,1:54,田野昭彦,弘中秀治,千代延靖夫,伊藤俊也,4
パナソニックパンサーズ,3,3,25,24,25,25,,99.0,104.0,55.0,8.0,52.9,13.75,14.0,7.0,0.0,50.0,7.0,1.75,98.0,7.0,8.0,33.0,13.5,63.0,21.0,19.0,48.4,2.0,30,JTサンダーズ広島,1,0,19,26,14,19,,78.0,120,54,12,45.0,13.50,20,7,4,35.0,4,1.00,79,2,14,23,5.4,84,23.0,27.0,43.5,4.0,18,239,2023-02-26,山口県,岩国市総合体育館,1550.0,13:00,14:54,1:54,田野昭彦,弘中秀治,千代延靖夫,伊藤俊也,4
大分三好ヴァイセアドラー,1,0,24,25,24,16,,89.0,115.0,53.0,11.0,46.1,13.25,27.0,13.0,4.0,48.1,8.0,2.0,90.0,4.0,22.0,24.0,5.0,75.0,45.0,7.0,64.7,3.0,24,東京グレートベアーズ,3,3,26,19,26,25,,96.0,112,47,4,42.0,11.75,21,13,0,61.9,8,2.00,95,5,17,21,6.3,66,35.0,5.0,56.8,3.0,36,235,2023-02-25,大分県,サイクルショップコダマ大洲アリーナ,610.0,14:00,16:00,2:00,中馬義郎,城智人,平田敬基,平川祐介,4
東京グレートベアーズ,3,3,26,19,26,25,,96.0,112.0,47.0,4.0,42.0,11.75,21.0,13.0,0.0,61.9,8.0,2.0,95.0,5.0,17.0,21.0,6.3,66.0,35.0,5.0,56.8,3.0,36,大分三好ヴァイセアドラー,1,0,24,25,24,16,,89.0,115,53,11,46.1,13.25,27,13,4,48.1,8,2.00,90,4,22,24,5.0,75,45.0,7.0,64.7,3.0,24,235,2023-02-25,大分県,サイクルショップコダマ大洲アリーナ,610.0,14:00,16:00,2:00,中馬義郎,城智人,平田敬基,平川祐介,4
大分三好ヴァイセアドラー,3,2,20,21,25,25,16,107.0,119.0,54.0,10.0,45.4,10.8,28.0,14.0,4.0,50.0,15.0,3.0,107.0,5.0,25.0,29.0,5.6,84.0,34.0,24.0,54.8,3.0,33,東京グレートベアーズ,2,1,25,25,20,23,14,107.0,131,52,12,39.7,10.40,35,18,8,51.4,12,2.40,107,5,19,25,6.1,80,34.0,14.0,51.2,2.0,38,240,2023-02-26,大分県,サイクルショップコダマ大洲アリーナ,643.0,13:00,15:20,2:20,中馬義郎,平田敬基,山本晋五,佐藤圭一郎,5
東京グレートベアーズ,2,1,25,25,20,23,14,107.0,131.0,52.0,12.0,39.7,10.4,35.0,18.0,8.0,51.4,12.0,2.4,107.0,5.0,19.0,25.0,6.1,80.0,34.0,14.0,51.2,2.0,38,大分三好ヴァイセアドラー,3,2,20,21,25,25,16,107.0,119,54,10,45.4,10.80,28,14,4,50.0,15,3.00,107,5,25,29,5.6,84,34.0,24.0,54.8,3.0,33,240,2023-02-26,大分県,サイクルショップコダマ大洲アリーナ,643.0,13:00,15:20,2:20,中馬義郎,平田敬基,山本晋五,佐藤圭一郎,5
